year,race_date,race_name,track_name,driver_name,car_number,finish_position,starting_position,laps_completed,laps_led,status,manufacturer,avg_finish_last_5,avg_finish_at_track,wins_at_track,poles_at_track,season_wins,season_top5s,season_top10s,avg_running_position
2022,2022-02-27,February Auto Club,Autoclub Speedway,Alex Bowman,48,25,14,200,0,Running,Chevrolet,24.0,15.0,0,0,0,0,0,11.0
2022,2022-02-27,February Auto Club,Autoclub Speedway,Aric Almirola,10,6,31,200,0,Running,Ford,5.0,15.0,0,0,0,1,1,16.7
2022,2022-02-27,February Auto Club,Autoclub Speedway,Austin Cindric,2,12,1,200,0,Running,Ford,1.0,15.0,0,0,1,1,1,9.7
2022,2022-02-27,February Auto Club,Autoclub Speedway,Austin Dillon,3,2,16,200,0,Running,Chevrolet,25.0,15.0,0,0,0,0,0,15.6
2022,2022-02-27,February Auto Club,Autoclub Speedway,BJ McLeod,78,22,30,200,0,Running,Chevrolet,27.0,15.0,0,0,0,0,0,28.4
2022,2022-02-27,February Auto Club,Autoclub Speedway,Brad Keselowski,6,27,9,200,0,Running,Ford,9.0,15.0,0,0,0,0,1,19.2
2022,2022-02-27,February Auto Club,Autoclub Speedway,Bubba Wallace,23,19,34,200,0,Running,Toyota,2.0,15.0,0,0,0,1,1,25.2
2022,2022-02-27,February Auto Club,Autoclub Speedway,Chase Briscoe,14,16,24,200,20,Running,Ford,3.0,15.0,0,0,0,1,1,14.3
2022,2022-02-27,February Auto Club,Autoclub Speedway,Chase Elliott,9,26,8,200,12,Running,Chevrolet,10.0,15.0,0,0,0,0,1,18.9
2022,2022-02-27,February Auto Club,Autoclub Speedway,Chris Buescher,17,35,20,200,0,Running,Ford,16.0,15.0,0,0,0,0,0,24.2
2022,2022-02-27,February Auto Club,Autoclub Speedway,Christopher Bell,20,36,19,200,0,Running,Toyota,34.0,15.0,0,0,0,0,0,27.9
2022,2022-02-27,February Auto Club,Autoclub Speedway,Cody Ware,51,32,27,200,0,Running,Ford,17.0,15.0,0,0,0,0,0,34.6
2022,2022-02-27,February Auto Club,Autoclub Speedway,Cole Custer,41,11,21,200,0,Running,Ford,20.0,15.0,0,0,0,0,0,12.9
2022,2022-02-27,February Auto Club,Autoclub Speedway,Corey LaJoie,7,28,25,200,0,Running,Chevrolet,14.0,15.0,0,0,0,0,0,25.0
2022,2022-02-27,February Auto Club,Autoclub Speedway,Daniel Hemric,16,9,5,200,0,Running,Chevrolet,12.0,15.0,0,0,0,0,0,26.2
2022,2022-02-27,February Auto Club,Autoclub Speedway,Daniel Suarez,99,4,15,200,0,Running,Chevrolet,18.0,15.0,0,0,0,0,0,14.5
2022,2022-02-27,February Auto Club,Autoclub Speedway,Denny Hamlin,11,15,4,200,0,Running,Toyota,37.0,15.0,0,0,0,0,0,10.3
2022,2022-02-27,February Auto Club,Autoclub Speedway,Erik Jones,43,3,2,200,18,Running,Chevrolet,29.0,15.0,0,0,0,0,0,4.3
2022,2022-02-27,February Auto Club,Autoclub Speedway,Garrett Smithley,15,21,29,200,0,Running,Chevrolet,15.0,15.0,0,0,0,0,0,28.4
2022,2022-02-27,February Auto Club,Autoclub Speedway,Harrison Burton,21,33,22,200,0,Running,Ford,39.0,15.0,0,0,0,0,0,24.3
2022,2022-02-27,February Auto Club,Autoclub Speedway,Joey Logano,22,5,7,200,14,Running,Ford,21.0,15.0,0,0,0,0,0,5.4
2022,2022-02-27,February Auto Club,Autoclub Speedway,Josh Bilicki,77,30,28,200,0,Running,Chevrolet,15.0,15.0,0,0,0,0,0,31.3
2022,2022-02-27,February Auto Club,Autoclub Speedway,Justin Haley,31,23,35,200,0,Running,Chevrolet,23.0,15.0,0,0,0,0,0,20.1
2022,2022-02-27,February Auto Club,Autoclub Speedway,Kevin Harvick,4,7,32,200,1,Running,Ford,30.0,15.0,0,0,0,0,0,20.0
2022,2022-02-27,February Auto Club,Autoclub Speedway,Kurt Busch,45,8,36,200,0,Running,Toyota,19.0,15.0,0,0,0,0,0,21.3
2022,2022-02-27,February Auto Club,Autoclub Speedway,Kyle Busch,18,14,3,200,0,Running,Toyota,6.0,15.0,0,0,0,0,1,28.6
2022,2022-02-27,February Auto Club,Autoclub Speedway,Kyle Larson,5,1,13,200,28,Running,Chevrolet,32.0,15.0,0,0,0,0,0,7.1
2022,2022-02-27,February Auto Club,Autoclub Speedway,Martin Truex Jr,19,13,12,200,0,Running,Toyota,13.0,15.0,0,0,0,0,0,15.0
2022,2022-02-27,February Auto Club,Autoclub Speedway,Michael McDowell,34,31,23,200,0,Running,Ford,7.0,15.0,0,0,0,0,1,18.0
2022,2022-02-27,February Auto Club,Autoclub Speedway,Ricky Stenhouse Jr,47,10,17,200,0,Running,Chevrolet,28.0,15.0,0,0,0,0,0,11.0
2022,2022-02-27,February Auto Club,Autoclub Speedway,Ross Chastain,1,29,33,200,0,Running,Chevrolet,40.0,15.0,0,0,0,0,0,20.5
2022,2022-02-27,February Auto Club,Autoclub Speedway,Ryan Blaney,12,18,6,200,1,Running,Ford,4.0,15.0,0,0,0,1,1,6.9
2022,2022-02-27,February Auto Club,Autoclub Speedway,Todd Gilliland,38,20,26,200,0,Running,Ford,33.0,15.0,0,0,0,0,0,26.0
2022,2022-02-27,February Auto Club,Autoclub Speedway,Ty Dillon,42,17,18,200,0,Running,Chevrolet,11.0,15.0,0,0,0,0,0,23.2
2022,2022-02-27,February Auto Club,Autoclub Speedway,Tyler Reddick,8,24,11,200,90,Running,Toyota,35.0,15.0,0,0,0,0,0,8.4
2022,2022-02-27,February Auto Club,Autoclub Speedway,William Byron,24,34,10,200,16,Running,Chevrolet,38.0,15.0,0,0,0,0,0,11.9
2023,2023-02-26,February Auto Club,Autoclub Speedway,AJ Allmendinger,16,36,6,200,0,Running,Chevrolet,10.6,14.6,0,0,0,0,1,27.0
2023,2023-02-26,February Auto Club,Autoclub Speedway,Alex Bowman,48,8,4,200,17,Running,Chevrolet,20.8,18.0,0,0,0,1,1,7.0
2023,2023-02-26,February Auto Club,Autoclub Speedway,Aric Almirola,10,35,17,200,0,Running,Ford,19.0,16.75,0,0,0,0,0,29.0
2023,2023-02-26,February Auto Club,Autoclub Speedway,Austin Cindric,2,28,19,200,0,Running,Ford,21.6,11.62,0,1,0,0,0,21.0
2023,2023-02-26,February Auto Club,Autoclub Speedway,Austin Dillon,3,9,28,200,3,Running,Chevrolet,18.6,19.88,0,0,0,0,0,16.0
2023,2023-02-26,February Auto Club,Autoclub Speedway,BJ McLeod,78,24,30,200,0,Running,Chevrolet,31.6,27.8,0,0,0,0,0,27.0
2023,2023-02-26,February Auto Club,Autoclub Speedway,Brad Keselowski,6,7,16,200,2,Running,Ford,23.0,21.5,0,0,0,0,0,17.0
2023,2023-02-26,February Auto Club,Autoclub Speedway,Bubba Wallace,23,30,18,200,0,Running,Toyota,18.6,24.0,0,0,0,0,0,15.0
2023,2023-02-26,February Auto Club,Autoclub Speedway,Chase Briscoe,14,20,31,200,0,Running,Ford,17.6,21.75,0,2,0,0,0,26.0
2023,2023-02-26,February Auto Club,Autoclub Speedway,Chase Elliott,9,2,33,200,1,Running,Chevrolet,22.2,8.12,2,3,0,0,0,11.0
2023,2023-02-26,February Auto Club,Autoclub Speedway,Chris Buescher,17,13,5,200,0,Running,Ford,15.4,20.14,0,0,0,1,1,16.0
2023,2023-02-26,February Auto Club,Autoclub Speedway,Christopher Bell,20,32,1,200,1,Running,Toyota,11.8,15.5,0,0,0,1,1,25.0
2023,2023-02-26,February Auto Club,Autoclub Speedway,Cody Ware,51,27,11,200,0,Running,Ford,26.6,29.5,0,0,0,0,0,31.0
2023,2023-02-26,February Auto Club,Autoclub Speedway,Corey LaJoie,7,14,12,200,0,Running,Chevrolet,20.4,25.88,0,0,0,0,0,14.0
2023,2023-02-26,February Auto Club,Autoclub Speedway,Daniel Suarez,99,4,7,200,0,Running,Chevrolet,13.8,10.75,0,0,0,0,1,8.0
2023,2023-02-26,February Auto Club,Autoclub Speedway,Denny Hamlin,11,6,13,200,11,Running,Toyota,8.4,20.5,0,1,0,0,0,6.0
2023,2023-02-26,February Auto Club,Autoclub Speedway,Erik Jones,43,19,34,200,0,Running,Chevrolet,21.4,10.5,0,0,0,0,0,16.0
2023,2023-02-26,February Auto Club,Autoclub Speedway,Harrison Burton,21,15,24,200,0,Running,Ford,20.4,23.12,0,0,0,0,0,21.0
2023,2023-02-26,February Auto Club,Autoclub Speedway,JJ Yeley,15,23,22,200,0,Running,Chevrolet,31.2,28.0,0,0,0,0,0,27.0
2023,2023-02-26,February Auto Club,Autoclub Speedway,Joey Logano,22,10,3,200,19,Running,Ford,5.6,13.88,1,0,0,1,1,5.0
2023,2023-02-26,February Auto Club,Autoclub Speedway,Justin Haley,31,21,29,200,0,Running,Chevrolet,25.6,16.88,0,0,0,0,0,22.0
2023,2023-02-26,February Auto Club,Autoclub Speedway,Kevin Harvick,4,5,10,200,5,Running,Ford,10.6,14.5,0,0,0,0,0,9.0
2023,2023-02-26,February Auto Club,Autoclub Speedway,Kyle Busch,8,1,21,200,27,Running,Chevrolet,13.4,22.38,0,0,0,0,0,7.0
2023,2023-02-26,February Auto Club,Autoclub Speedway,Kyle Larson,5,29,15,200,0,Running,Chevrolet,13.0,11.62,2,0,0,0,0,32.0
2023,2023-02-26,February Auto Club,Autoclub Speedway,Martin Truex Jr,19,11,14,200,0,Running,Toyota,12.6,12.88,0,0,0,0,0,19.0
2023,2023-02-26,February Auto Club,Autoclub Speedway,Michael McDowell,34,18,26,200,6,Running,Ford,21.0,16.0,0,0,0,0,0,19.0
2023,2023-02-26,February Auto Club,Autoclub Speedway,Noah Gragson,42,22,20,200,1,Running,Chevrolet,21.6,35.5,0,0,0,0,0,21.0
2023,2023-02-26,February Auto Club,Autoclub Speedway,Ricky Stenhouse Jr,47,12,2,200,0,Running,Chevrolet,18.6,23.88,0,0,1,1,1,12.0
2023,2023-02-26,February Auto Club,Autoclub Speedway,Ross Chastain,1,3,8,200,91,Running,Chevrolet,4.0,9.0,1,0,0,0,1,3.0
2023,2023-02-26,February Auto Club,Autoclub Speedway,Ryan Blaney,12,26,9,200,16,Running,Ford,11.6,11.0,0,1,0,0,1,19.0
2023,2023-02-26,February Auto Club,Autoclub Speedway,Ryan Preece,41,33,27,200,0,Running,Ford,32.67,15.0,0,0,0,0,0,28.0
2023,2023-02-26,February Auto Club,Autoclub Speedway,Todd Gilliland,38,17,25,200,0,Running,Ford,25.0,23.62,0,0,0,0,0,24.0
2023,2023-02-26,February Auto Club,Autoclub Speedway,Ty Dillon,77,31,36,200,0,Running,Chevrolet,31.2,24.38,0,0,0,0,0,29.0
2023,2023-02-26,February Auto Club,Autoclub Speedway,Ty Gibbs,54,16,23,200,0,Running,Toyota,22.0,26.0,0,0,0,0,0,18.0
2023,2023-02-26,February Auto Club,Autoclub Speedway,Tyler Reddick,45,34,35,200,0,Running,Toyota,27.6,16.0,1,0,0,0,0,28.0
2023,2023-02-26,February Auto Club,Autoclub Speedway,William Byron,24,25,32,200,0,Running,Chevrolet,14.4,21.12,1,0,0,0,0,12.0
2025,2025-06-15,June Mexico City,Autodromo Hermanos Rodriguez,AJ Allmendinger,16,13,8,200,0,Running,Chevrolet,23.0,18.95,0,0,0,1,4,18.3
2025,2025-06-15,June Mexico City,Autodromo Hermanos Rodriguez,Alex Bowman,48,4,29,200,0,Running,Chevrolet,28.2,17.56,1,0,0,2,7,9.8
2025,2025-06-15,June Mexico City,Autodromo Hermanos Rodriguez,Austin Cindric,2,18,20,200,1,Running,Ford,23.2,14.3,1,1,1,1,3,13.6
2025,2025-06-15,June Mexico City,Autodromo Hermanos Rodriguez,Austin Dillon,3,28,21,200,0,Running,Chevrolet,19.4,22.37,0,0,0,0,3,23.1
2025,2025-06-15,June Mexico City,Autodromo Hermanos Rodriguez,Brad Keselowski,6,25,30,200,0,Running,Ford,20.6,20.15,0,0,0,1,2,22.5
2025,2025-06-15,June Mexico City,Autodromo Hermanos Rodriguez,Bubba Wallace,23,12,25,200,0,Running,Toyota,22.2,20.67,0,0,0,3,6,17.6
2025,2025-06-15,June Mexico City,Autodromo Hermanos Rodriguez,Carson Hocevar,77,34,23,200,0,Running,Chevrolet,23.0,14.58,0,0,0,2,3,23.9
2025,2025-06-15,June Mexico City,Autodromo Hermanos Rodriguez,Chase Briscoe,19,7,19,200,0,Running,Toyota,14.8,22.7,0,3,0,5,6,19.5
2025,2025-06-15,June Mexico City,Autodromo Hermanos Rodriguez,Chase Elliott,9,3,12,200,0,Running,Chevrolet,13.4,11.29,2,3,0,3,7,10.8
2025,2025-06-15,June Mexico City,Autodromo Hermanos Rodriguez,Chris Buescher,17,10,16,200,1,Running,Ford,12.8,16.19,1,0,0,2,7,13.1
2025,2025-06-15,June Mexico City,Autodromo Hermanos Rodriguez,Christopher Bell,20,2,31,200,4,Running,Toyota,9.0,14.89,2,1,3,6,10,7
2025,2025-06-15,June Mexico City,Autodromo Hermanos Rodriguez,Cody Ware,51,31,34,200,0,Running,Ford,28.8,29.69,0,0,0,0,0,28.9
2025,2025-06-15,June Mexico City,Autodromo Hermanos Rodriguez,Cole Custer,41,8,26,200,0,Running,Ford,23.8,22.77,0,0,0,0,0,11.5
2025,2025-06-15,June Mexico City,Autodromo Hermanos Rodriguez,Daniel Suarez,99,19,10,200,0,Running,Chevrolet,22.0,15.3,1,0,0,1,3,13.3
2025,2025-06-15,June Mexico City,Autodromo Hermanos Rodriguez,Erik Jones,43,17,14,200,0,Running,Toyota,13.6,19.19,0,0,0,1,2,16.6
2025,2025-06-15,June Mexico City,Autodromo Hermanos Rodriguez,Joey Logano,22,21,9,200,0,Running,Ford,10.6,12.48,4,1,1,2,4,19.8
2025,2025-06-15,June Mexico City,Autodromo Hermanos Rodriguez,John Hunter Nemechek,42,6,32,200,0,Running,Toyota,21.2,24.91,0,0,0,1,4,16.7
2025,2025-06-15,June Mexico City,Autodromo Hermanos Rodriguez,Josh Berry,21,26,13,200,0,Running,Ford,18.4,26.75,0,0,1,2,3,21.8
2025,2025-06-15,June Mexico City,Autodromo Hermanos Rodriguez,Justin Haley,7,24,17,200,0,Running,Chevrolet,25.8,18.26,0,0,0,0,1,28.1
2025,2025-06-15,June Mexico City,Autodromo Hermanos Rodriguez,Katherine Legge,78,32,37,200,0,Running,Chevrolet,30.0,15.0,0,0,0,0,0,29.9
2025,2025-06-15,June Mexico City,Autodromo Hermanos Rodriguez,Kyle Busch,8,37,11,200,0,Running,Chevrolet,15.2,15.0,2,1,0,1,5,35.5
2025,2025-06-15,June Mexico City,Autodromo Hermanos Rodriguez,Kyle Larson,5,36,6,200,0,Running,Chevrolet,11.0,17.56,2,2,3,9,11,34.2
2025,2025-06-15,June Mexico City,Autodromo Hermanos Rodriguez,Michael McDowell,71,5,5,200,2,Running,Chevrolet,21.4,17.44,0,3,0,0,1,8.5
2025,2025-06-15,June Mexico City,Autodromo Hermanos Rodriguez,Noah Gragson,4,30,35,200,0,Running,Ford,24.6,24.95,0,0,0,1,3,28.8
2025,2025-06-15,June Mexico City,Autodromo Hermanos Rodriguez,Ricky Stenhouse Jr,47,27,33,200,0,Running,Chevrolet,19.0,20.22,0,0,0,1,2,24.1
2025,2025-06-15,June Mexico City,Autodromo Hermanos Rodriguez,Riley Herbst,35,29,15,200,0,Running,Toyota,23.6,23.75,0,0,0,0,0,18.8
2025,2025-06-15,June Mexico City,Autodromo Hermanos Rodriguez,Ross Chastain,1,16,3,200,0,Running,Chevrolet,7.6,12.22,2,2,1,3,8,13.5
2025,2025-06-15,June Mexico City,Autodromo Hermanos Rodriguez,Ryan Blaney,12,14,18,200,0,Running,Ford,15.4,13.15,2,2,1,6,7,12.5
2025,2025-06-15,June Mexico City,Autodromo Hermanos Rodriguez,Ryan Preece,60,15,2,200,4,Running,Ford,16.4,22.16,0,0,0,1,6,15.3
2025,2025-06-15,June Mexico City,Autodromo Hermanos Rodriguez,Ryan Truex,11,23,36,200,0,Running,Toyota,15.0,15.0,0,0,0,0,0,25.5
2025,2025-06-15,June Mexico City,Autodromo Hermanos Rodriguez,Shane van Gisbergen,88,1,1,200,60,Running,Chevrolet,19.8,18.62,1,0,0,0,1,2.6
2025,2025-06-15,June Mexico City,Autodromo Hermanos Rodriguez,Todd Gilliland,34,22,7,200,0,Running,Ford,19.2,19.3,0,0,0,0,2,19.6
2025,2025-06-15,June Mexico City,Autodromo Hermanos Rodriguez,Ty Dillon,10,33,28,200,0,Running,Chevrolet,23.2,27.16,0,0,0,0,0,20.3
2025,2025-06-15,June Mexico City,Autodromo Hermanos Rodriguez,Ty Gibbs,54,11,4,200,27,Running,Toyota,21.8,17.65,0,0,0,2,3,7.3
2025,2025-06-15,June Mexico City,Autodromo Hermanos Rodriguez,Tyler Reddick,45,20,22,200,0,Running,Toyota,17.2,15.78,2,1,0,3,5,21.8
2025,2025-06-15,June Mexico City,Autodromo Hermanos Rodriguez,William Byron,24,9,27,200,1,Running,Chevrolet,14.4,14.78,4,2,1,7,9,15
2025,2025-06-15,June Mexico City,Autodromo Hermanos Rodriguez,Zane Smith,38,35,24,200,0,Running,Chevrolet,18.4,18.25,0,0,0,0,2,34.1
2022,2022-04-17,April Bristol,Bristol Motor Speedway (DIRT),Alex Bowman,48,6,8,200,0,Running,Chevrolet,9.2,15.0,0,0,1,2,4,14.0
2022,2022-04-17,April Bristol,Bristol Motor Speedway (DIRT),Aric Almirola,10,23,31,200,0,Running,Ford,16.4,15.0,0,0,0,1,4,27.0
2022,2022-04-17,April Bristol,Bristol Motor Speedway (DIRT),Austin Cindric,2,16,20,200,0,Running,Ford,19.0,15.0,0,0,1,1,2,22.0
2022,2022-04-17,April Bristol,Bristol Motor Speedway (DIRT),Austin Dillon,3,31,12,200,0,Running,Chevrolet,15.8,15.0,0,0,0,2,4,11.3
2022,2022-04-17,April Bristol,Bristol Motor Speedway (DIRT),Brad Keselowski,6,11,18,200,0,Running,Ford,15.8,15.0,0,0,0,0,1,15.0
2022,2022-04-17,April Bristol,Bristol Motor Speedway (DIRT),Bubba Wallace,23,28,22,200,0,Running,Toyota,23.0,15.0,0,0,0,1,1,18.8
2022,2022-04-17,April Bristol,Bristol Motor Speedway (DIRT),Chase Briscoe,14,22,4,200,59,Running,Ford,13.2,15.0,0,0,1,2,3,7.0
2022,2022-04-17,April Bristol,Bristol Motor Speedway (DIRT),Chase Elliott,9,8,9,200,0,Running,Chevrolet,9.0,15.0,0,0,0,1,5,14.0
2022,2022-04-17,April Bristol,Bristol Motor Speedway (DIRT),Chris Buescher,17,15,15,200,0,Running,Ford,13.6,15.0,0,0,0,0,2,13.0
2022,2022-04-17,April Bristol,Bristol Motor Speedway (DIRT),Christopher Bell,20,7,2,200,0,Running,Toyota,15.6,15.0,0,0,0,1,3,6.1
2022,2022-04-17,April Bristol,Bristol Motor Speedway (DIRT),Cody Ware,51,26,35,200,0,Running,Ford,30.6,15.0,0,0,0,0,0,30.5
2022,2022-04-17,April Bristol,Bristol Motor Speedway (DIRT),Cole Custer,41,13,1,200,0,Running,Ford,23.2,15.0,0,0,0,0,0,25.0
2022,2022-04-17,April Bristol,Bristol Motor Speedway (DIRT),Corey LaJoie,7,19,26,200,0,Running,Chevrolet,28.0,15.0,0,0,0,1,1,25.0
2022,2022-04-17,April Bristol,Bristol Motor Speedway (DIRT),Daniel Suarez,99,12,21,200,64,Running,Chevrolet,16.4,15.0,0,0,0,2,3,14.0
2022,2022-04-17,April Bristol,Bristol Motor Speedway (DIRT),Denny Hamlin,11,35,34,200,0,Running,Toyota,17.8,15.0,0,0,1,1,1,32.0
2022,2022-04-17,April Bristol,Bristol Motor Speedway (DIRT),Erik Jones,43,24,14,200,0,Running,Chevrolet,16.8,15.0,0,0,0,1,2,22.0
2022,2022-04-17,April Bristol,Bristol Motor Speedway (DIRT),Harrison Burton,21,20,24,200,0,Running,Ford,23.0,15.0,0,0,0,0,0,23.0
2022,2022-04-17,April Bristol,Bristol Motor Speedway (DIRT),JJ Yeley,15,30,29,200,0,Running,Chevrolet,33.5,15.0,0,0,0,0,0,23.3
2022,2022-04-17,April Bristol,Bristol Motor Speedway (DIRT),Joey Logano,22,3,10,200,0,Running,Ford,13.4,15.0,0,0,0,2,4,6.0
2022,2022-04-17,April Bristol,Bristol Motor Speedway (DIRT),Josh Williams,78,25,36,200,0,Running,Chevrolet,15.0,15.0,0,0,0,0,0,29.9
2022,2022-04-17,April Bristol,Bristol Motor Speedway (DIRT),Justin Allgaier,77,36,27,200,0,Running,Chevrolet,15.0,15.0,0,0,0,0,0,33.5
2022,2022-04-17,April Bristol,Bristol Motor Speedway (DIRT),Justin Haley,31,14,6,200,0,Running,Chevrolet,20.6,15.0,0,0,0,0,0,14.0
2022,2022-04-17,April Bristol,Bristol Motor Speedway (DIRT),Kevin Harvick,4,34,32,200,0,Running,Ford,10.8,15.0,0,0,0,1,3,33.7
2022,2022-04-17,April Bristol,Bristol Motor Speedway (DIRT),Kurt Busch,45,32,13,200,0,Running,Toyota,16.2,15.0,0,0,0,2,4,19.5
2022,2022-04-17,April Bristol,Bristol Motor Speedway (DIRT),Kyle Busch,18,1,11,200,1,Running,Toyota,16.8,15.0,0,0,0,1,5,16.8
2022,2022-04-17,April Bristol,Bristol Motor Speedway (DIRT),Kyle Larson,5,4,5,200,27,Running,Chevrolet,23.4,15.0,0,0,1,3,3,7.0
2022,2022-04-17,April Bristol,Bristol Motor Speedway (DIRT),Martin Truex Jr,19,21,30,200,0,Running,Toyota,15.2,15.0,0,0,0,1,4,26.8
2022,2022-04-17,April Bristol,Bristol Motor Speedway (DIRT),Michael McDowell,34,9,17,200,0,Running,Ford,23.8,15.0,0,0,0,0,1,13.0
2022,2022-04-17,April Bristol,Bristol Motor Speedway (DIRT),Noah Gragson,16,27,28,200,0,Running,Chevrolet,34.0,15.0,0,0,0,0,0,30.8
2022,2022-04-17,April Bristol,Bristol Motor Speedway (DIRT),Ricky Stenhouse Jr,47,29,16,200,0,Running,Chevrolet,30.2,15.0,0,0,0,0,1,18.8
2022,2022-04-17,April Bristol,Bristol Motor Speedway (DIRT),Ross Chastain,1,33,33,200,0,Running,Chevrolet,5.8,15.0,0,0,1,5,5,23.1
2022,2022-04-17,April Bristol,Bristol Motor Speedway (DIRT),Ryan Blaney,12,5,25,200,0,Running,Ford,7.6,15.0,0,0,0,3,5,10.3
2022,2022-04-17,April Bristol,Bristol Motor Speedway (DIRT),Todd Gilliland,38,17,23,200,0,Running,Ford,23.4,15.0,0,0,0,0,0,21.0
2022,2022-04-17,April Bristol,Bristol Motor Speedway (DIRT),Ty Dillon,42,10,7,200,0,Running,Chevrolet,23.6,15.0,0,0,0,0,0,10.0
2022,2022-04-17,April Bristol,Bristol Motor Speedway (DIRT),Tyler Reddick,8,2,3,200,99,Running,Toyota,13.2,15.0,0,0,0,2,3,5.4
2022,2022-04-17,April Bristol,Bristol Motor Speedway (DIRT),William Byron,24,18,19,200,0,Running,Chevrolet,7.0,15.0,0,0,2,4,4,16.7
2022,2022-09-17,September Bristol,Bristol Motor Speedway,AJ Allmendinger,16,7,13,200,0,Running,Chevrolet,10.6,15.0,0,0,0,1,4,13.1
2022,2022-09-17,September Bristol,Bristol Motor Speedway,Alex Bowman,48,32,3,200,0,Running,Chevrolet,12.4,6.0,0,0,1,4,12,19.6
2022,2022-09-17,September Bristol,Bristol Motor Speedway,Aric Almirola,10,28,1,200,36,Running,Ford,18.0,23.0,0,0,0,2,7,18.84
2022,2022-09-17,September Bristol,Bristol Motor Speedway,Austin Cindric,2,20,9,200,0,Running,Ford,11.2,16.0,0,0,1,5,8,26.51
2022,2022-09-17,September Bristol,Bristol Motor Speedway,Austin Dillon,3,31,28,200,0,Running,Chevrolet,13.0,31.0,0,0,1,4,8,25.34
2022,2022-09-17,September Bristol,Bristol Motor Speedway,BJ McLeod,78,24,33,200,0,Running,Chevrolet,24.6,15.0,0,0,0,0,1,28.91
2022,2022-09-17,September Bristol,Bristol Motor Speedway,Brad Keselowski,6,13,10,200,109,Running,Ford,20.2,11.0,0,0,0,0,4,8.22
2022,2022-09-17,September Bristol,Bristol Motor Speedway,Bubba Wallace,45,29,14,200,0,Running,Toyota,13.8,28.0,0,0,1,5,8,23.57
2022,2022-09-17,September Bristol,Bristol Motor Speedway,Chase Briscoe,14,14,2,200,0,Running,Ford,23.8,22.0,0,0,1,3,4,10.57
2022,2022-09-17,September Bristol,Bristol Motor Speedway,Chase Elliott,9,2,23,200,0,Running,Chevrolet,17.0,8.0,0,0,4,10,17,10.99
2022,2022-09-17,September Bristol,Bristol Motor Speedway,Chris Buescher,17,1,20,200,169,Running,Ford,16.0,15.0,0,0,0,2,8,5.7
2022,2022-09-17,September Bristol,Bristol Motor Speedway,Christopher Bell,20,4,8,200,143,Running,Toyota,10.8,7.0,0,0,1,9,16,5.08
2022,2022-09-17,September Bristol,Bristol Motor Speedway,Cody Ware,51,17,32,200,0,Running,Ford,26.6,26.0,0,0,0,0,1,23.79
2022,2022-09-17,September Bristol,Bristol Motor Speedway,Cole Custer,41,8,11,200,0,Running,Ford,17.8,13.0,0,1,0,0,2,12.22
2022,2022-09-17,September Bristol,Bristol Motor Speedway,Corey LaJoie,7,15,31,200,0,Running,Chevrolet,28.4,19.0,0,0,0,1,1,21.81
2022,2022-09-17,September Bristol,Bristol Motor Speedway,Daniel Suarez,99,19,29,200,0,Running,Chevrolet,15.2,12.0,0,0,1,6,11,18.72
2022,2022-09-17,September Bristol,Bristol Motor Speedway,Denny Hamlin,11,9,4,200,0,Running,Toyota,10.6,35.0,0,0,2,7,9,8.65
2022,2022-09-17,September Bristol,Bristol Motor Speedway,Erik Jones,43,21,24,200,0,Running,Chevrolet,18.4,24.0,0,0,1,3,10,24.2
2022,2022-09-17,September Bristol,Bristol Motor Speedway,Harrison Burton,21,16,27,200,0,Running,Ford,25.0,20.0,0,0,0,1,2,22.06
2022,2022-09-17,September Bristol,Bristol Motor Speedway,JJ Yeley,15,23,36,200,0,Running,Chevrolet,31.4,30.0,0,0,0,0,0,30.17
2022,2022-09-17,September Bristol,Bristol Motor Speedway,Joey Logano,22,27,15,200,0,Running,Ford,8.4,3.0,0,0,2,8,13,16.09
2022,2022-09-17,September Bristol,Bristol Motor Speedway,Justin Haley,31,12,19,200,0,Running,Chevrolet,21.0,14.0,0,0,0,1,2,15.58
2022,2022-09-17,September Bristol,Bristol Motor Speedway,Kevin Harvick,4,10,7,200,0,Running,Ford,20.4,34.0,0,0,2,7,13,6.86
2022,2022-09-17,September Bristol,Bristol Motor Speedway,Kyle Busch,18,34,21,200,0,Running,Toyota,21.4,1.0,1,0,1,6,13,21.87
2022,2022-09-17,September Bristol,Bristol Motor Speedway,Kyle Larson,5,5,5,200,34,Running,Chevrolet,14.4,4.0,0,0,2,10,14,6.0
2022,2022-09-17,September Bristol,Bristol Motor Speedway,Landon Cassill,77,22,35,200,0,Running,Chevrolet,21.4,15.0,0,0,0,1,1,28.9
2022,2022-09-17,September Bristol,Bristol Motor Speedway,Martin Truex Jr,19,36,22,200,0,Running,Toyota,14.8,21.0,0,0,0,4,13,27.09
2022,2022-09-17,September Bristol,Bristol Motor Speedway,Michael McDowell,34,11,18,200,0,Running,Ford,17.8,9.0,0,0,0,1,11,13.86
2022,2022-09-17,September Bristol,Bristol Motor Speedway,Ricky Stenhouse Jr,47,33,26,200,0,Running,Chevrolet,24.8,29.0,0,0,0,1,5,26.2
2022,2022-09-17,September Bristol,Bristol Motor Speedway,Ross Chastain,1,6,12,200,0,Running,Chevrolet,19.8,33.0,0,0,2,10,15,10.78
2022,2022-09-17,September Bristol,Bristol Motor Speedway,Ryan Blaney,12,30,6,200,9,Running,Ford,14.2,5.0,0,0,0,8,13,29.22
2022,2022-09-17,September Bristol,Bristol Motor Speedway,Todd Gilliland,38,18,30,200,0,Running,Ford,27.8,17.0,0,0,0,1,1,21.17
2022,2022-09-17,September Bristol,Bristol Motor Speedway,Ty Dillon,42,26,34,200,0,Running,Chevrolet,18.6,10.0,0,0,0,0,1,22.59
2022,2022-09-17,September Bristol,Bristol Motor Speedway,Ty Gibbs,23,35,25,200,0,Running,Toyota,24.8,15.0,0,0,0,0,1,30.86
2022,2022-09-17,September Bristol,Bristol Motor Speedway,Tyler Reddick,8,25,17,200,0,Running,Toyota,15.6,2.0,0,0,2,9,12,21.6
2022,2022-09-17,September Bristol,Bristol Motor Speedway,William Byron,24,3,16,200,0,Running,Chevrolet,16.2,18.0,0,0,2,4,7,9.27
2023,2023-04-09,April Bristol,Bristol Motor Speedway (DIRT),AJ Allmendinger,16,16,29,200,0,Running,Chevrolet,23.0,7.0,0,0,0,0,1,29.58
2023,2023-04-09,April Bristol,Bristol Motor Speedway (DIRT),Alex Bowman,48,29,17,200,0,Running,Chevrolet,7.4,19.0,0,0,0,3,6,12.46
2023,2023-04-09,April Bristol,Bristol Motor Speedway (DIRT),Aric Almirola,10,31,19,200,0,Running,Ford,24.4,25.5,0,1,0,0,0,15.7
2023,2023-04-09,April Bristol,Bristol Motor Speedway (DIRT),Austin Cindric,2,19,7,200,0,Running,Ford,15.2,18.0,0,0,0,0,2,20.1
2023,2023-04-09,April Bristol,Bristol Motor Speedway (DIRT),Austin Dillon,3,3,2,200,0,Running,Chevrolet,24.2,31.0,0,0,0,0,1,4.26
2023,2023-04-09,April Bristol,Bristol Motor Speedway (DIRT),BJ McLeod,78,26,37,200,0,Running,Chevrolet,31.6,24.0,0,0,0,0,0,32.27
2023,2023-04-09,April Bristol,Bristol Motor Speedway (DIRT),Brad Keselowski,6,17,33,200,0,Running,Ford,16.4,12.0,0,0,0,1,3,28.99
2023,2023-04-09,April Bristol,Bristol Motor Speedway (DIRT),Bubba Wallace,23,12,11,200,0,Running,Toyota,20.8,28.5,0,0,0,1,1,13.11
2023,2023-04-09,April Bristol,Bristol Motor Speedway (DIRT),Chase Briscoe,14,5,14,200,0,Running,Ford,17.2,18.0,0,0,0,0,1,6.59
2023,2023-04-09,April Bristol,Bristol Motor Speedway (DIRT),Chris Buescher,17,18,28,200,0,Running,Ford,21.8,8.0,1,0,0,1,2,23.3
2023,2023-04-09,April Bristol,Bristol Motor Speedway (DIRT),Christopher Bell,20,1,4,200,100,Running,Toyota,9.8,5.5,0,0,0,4,5,3.95
2023,2023-04-09,April Bristol,Bristol Motor Speedway (DIRT),Corey LaJoie,7,30,35,200,0,Running,Chevrolet,16.4,17.0,0,0,0,1,1,32.4
2023,2023-04-09,April Bristol,Bristol Motor Speedway (DIRT),Daniel Suarez,99,25,34,200,0,Running,Chevrolet,22.2,15.5,0,0,0,1,3,28.51
2023,2023-04-09,April Bristol,Bristol Motor Speedway (DIRT),Denny Hamlin,11,22,30,200,0,Running,Toyota,15.2,22.0,0,0,0,0,2,25.45
2023,2023-04-09,April Bristol,Bristol Motor Speedway (DIRT),Erik Jones,43,14,18,200,0,Running,Chevrolet,20.4,22.5,0,0,0,0,1,23.93
2023,2023-04-09,April Bristol,Bristol Motor Speedway (DIRT),Harrison Burton,21,15,20,200,0,Running,Ford,27.2,18.0,0,0,0,0,0,23.58
2023,2023-04-09,April Bristol,Bristol Motor Speedway (DIRT),JJ Yeley,15,20,3,200,0,Running,Chevrolet,29.6,26.5,0,0,0,0,0,23.91
2023,2023-04-09,April Bristol,Bristol Motor Speedway (DIRT),Joey Logano,22,37,12,200,0,Running,Ford,16.6,15.0,0,0,1,2,4,32.26
2023,2023-04-09,April Bristol,Bristol Motor Speedway (DIRT),Jonathan Davenport,13,36,21,200,0,Running,Chevrolet,15.0,15.0,0,0,0,0,0,29.16
2023,2023-04-09,April Bristol,Bristol Motor Speedway (DIRT),Josh Berry,9,27,31,200,0,Running,Chevrolet,14.75,15.0,0,0,0,1,2,19.6
2023,2023-04-09,April Bristol,Bristol Motor Speedway (DIRT),Justin Haley,31,6,25,200,0,Running,Chevrolet,21.0,13.0,0,0,0,0,1,14.08
2023,2023-04-09,April Bristol,Bristol Motor Speedway (DIRT),Kevin Harvick,4,9,26,200,0,Running,Ford,13.0,22.0,0,0,0,3,4,24.59
2023,2023-04-09,April Bristol,Bristol Motor Speedway (DIRT),Kyle Busch,8,32,5,200,6,Running,Chevrolet,9.6,17.5,1,0,1,2,4,7.75
2023,2023-04-09,April Bristol,Bristol Motor Speedway (DIRT),Kyle Larson,5,35,1,200,75,Running,Chevrolet,10.4,4.5,0,0,1,3,3,15.08
2023,2023-04-09,April Bristol,Bristol Motor Speedway (DIRT),Martin Truex Jr,19,7,27,200,0,Running,Toyota,14.2,28.5,0,0,0,0,1,13.13
2023,2023-04-09,April Bristol,Bristol Motor Speedway (DIRT),Matt Crafton,51,34,24,200,0,Running,Chevrolet,15.0,15.0,0,0,0,0,0,29.4
2023,2023-04-09,April Bristol,Bristol Motor Speedway (DIRT),Michael McDowell,34,11,13,200,0,Running,Ford,15.4,10.0,0,0,0,0,1,14.53
2023,2023-04-09,April Bristol,Bristol Motor Speedway (DIRT),Noah Gragson,42,33,36,200,0,Running,Chevrolet,25.6,27.0,0,0,0,0,0,22.5
2023,2023-04-09,April Bristol,Bristol Motor Speedway (DIRT),Ricky Stenhouse Jr,47,4,22,200,0,Running,Chevrolet,20.4,31.0,0,0,1,1,2,13.26
2023,2023-04-09,April Bristol,Bristol Motor Speedway (DIRT),Ross Chastain,1,28,16,200,0,Running,Chevrolet,11.2,19.5,0,0,0,3,4,21.56
2023,2023-04-09,April Bristol,Bristol Motor Speedway (DIRT),Ryan Blaney,12,23,9,200,0,Running,Ford,13.8,17.5,0,0,0,1,3,8.32
2023,2023-04-09,April Bristol,Bristol Motor Speedway (DIRT),Ryan Preece,41,24,8,200,0,Running,Ford,22.6,15.0,0,0,0,0,0,17.55
2023,2023-04-09,April Bristol,Bristol Motor Speedway (DIRT),Todd Gilliland,38,8,15,200,0,Running,Ford,20.6,17.5,0,0,0,0,1,16.42
2023,2023-04-09,April Bristol,Bristol Motor Speedway (DIRT),Ty Dillon,77,21,32,200,0,Running,Chevrolet,31.6,18.0,0,0,0,0,0,19.56
2023,2023-04-09,April Bristol,Bristol Motor Speedway (DIRT),Ty Gibbs,54,10,23,200,0,Running,Toyota,15.4,35.0,0,0,0,0,3,19.82
2023,2023-04-09,April Bristol,Bristol Motor Speedway (DIRT),Tyler Reddick,45,2,6,200,69,Running,Toyota,8.0,13.5,0,0,1,3,3,4.76
2023,2023-04-09,April Bristol,Bristol Motor Speedway (DIRT),William Byron,24,13,10,200,0,Running,Chevrolet,12.6,10.5,0,0,2,3,3,11.6
2023,2023-09-16,September Bristol,Bristol Motor Speedway,AJ Allmendinger,16,30,22,200,0,Running,Chevrolet,20.4,11.5,0,0,0,2,5,31.7
2023,2023-09-16,September Bristol,Bristol Motor Speedway,Alex Bowman,48,13,13,200,0,Running,Chevrolet,15.4,22.33,0,0,0,4,9,11.2
2023,2023-09-16,September Bristol,Bristol Motor Speedway,Aric Almirola,10,18,26,200,0,Running,Ford,20.6,27.33,0,1,0,1,3,17.5
2023,2023-09-16,September Bristol,Bristol Motor Speedway,Austin Cindric,2,32,29,200,0,Running,Ford,26.0,18.33,0,0,0,0,3,33.5
2023,2023-09-16,September Bristol,Bristol Motor Speedway,Austin Dillon,3,17,18,200,0,Running,Chevrolet,26.6,21.67,0,0,0,1,6,19.8
2023,2023-09-16,September Bristol,Bristol Motor Speedway,BJ McLeod,78,31,34,200,0,Running,Chevrolet,31.6,25.0,0,0,0,0,0,33.2
2023,2023-09-16,September Bristol,Bristol Motor Speedway,Brad Keselowski,6,8,6,200,0,Running,Ford,10.4,13.67,0,0,0,6,13,13.9
2023,2023-09-16,September Bristol,Bristol Motor Speedway,Bubba Wallace,23,14,9,200,0,Running,Toyota,16.2,23.0,0,0,0,4,7,13.4
2023,2023-09-16,September Bristol,Bristol Motor Speedway,Carson Hocevar,42,11,16,200,0,Running,Chevrolet,24.33,15.0,0,0,0,0,0,12.6
2023,2023-09-16,September Bristol,Bristol Motor Speedway,Chase Briscoe,14,27,14,200,0,Running,Ford,21.0,13.67,0,0,0,3,6,24.9
2023,2023-09-16,September Bristol,Bristol Motor Speedway,Chase Elliott,9,7,7,200,0,Running,Chevrolet,10.4,5.0,0,0,0,7,12,10.3
2023,2023-09-16,September Bristol,Bristol Motor Speedway,Chris Buescher,17,4,20,200,1,Running,Ford,9.8,11.33,1,0,3,7,13,8.1
2023,2023-09-16,September Bristol,Bristol Motor Speedway,Christopher Bell,20,3,1,200,187,Running,Toyota,11.8,4.0,1,0,1,6,14,2.7
2023,2023-09-16,September Bristol,Bristol Motor Speedway,Corey LaJoie,7,25,10,200,48,Running,Chevrolet,20.6,21.33,0,0,0,1,2,16.9
2023,2023-09-16,September Bristol,Bristol Motor Speedway,Daniel Suarez,99,21,24,200,0,Running,Chevrolet,19.0,18.67,0,0,0,3,8,25.1
2023,2023-09-16,September Bristol,Bristol Motor Speedway,Denny Hamlin,11,1,2,200,142,Running,Toyota,14.8,22.0,0,0,2,10,13,5.5
2023,2023-09-16,September Bristol,Bristol Motor Speedway,Erik Jones,43,24,31,200,0,Running,Chevrolet,19.0,19.67,0,0,0,1,7,20.2
2023,2023-09-16,September Bristol,Bristol Motor Speedway,Harrison Burton,21,28,32,200,0,Running,Ford,30.4,17.0,0,0,0,0,2,26.4
2023,2023-09-16,September Bristol,Bristol Motor Speedway,JJ Yeley,15,26,35,200,0,Running,Chevrolet,29.0,24.33,0,0,0,0,1,29.5
2023,2023-09-16,September Bristol,Bristol Motor Speedway,Joey Logano,22,34,28,200,0,Running,Ford,13.2,22.33,0,0,1,9,14,28.7
2023,2023-09-16,September Bristol,Bristol Motor Speedway,Justin Haley,31,35,19,200,0,Running,Chevrolet,25.6,10.67,0,0,0,1,5,28.2
2023,2023-09-16,September Bristol,Bristol Motor Speedway,Kevin Harvick,4,29,21,200,0,Running,Ford,16.6,17.67,0,0,0,6,12,27.0
2023,2023-09-16,September Bristol,Bristol Motor Speedway,Kyle Busch,8,20,15,200,0,Running,Chevrolet,15.0,22.33,1,0,3,8,15,18.8
2023,2023-09-16,September Bristol,Bristol Motor Speedway,Kyle Larson,5,2,36,200,20,Running,Chevrolet,13.2,14.67,0,1,3,12,14,8.3
2023,2023-09-16,September Bristol,Bristol Motor Speedway,Martin Truex Jr,19,19,5,200,0,Running,Toyota,18.2,21.33,0,0,3,9,15,17.9
2023,2023-09-16,September Bristol,Bristol Motor Speedway,Michael McDowell,34,6,4,200,0,Running,Ford,21.6,10.33,0,0,1,2,6,5.8
2023,2023-09-16,September Bristol,Bristol Motor Speedway,Ricky Stenhouse Jr,47,10,25,200,0,Running,Chevrolet,22.2,22.0,0,0,1,2,7,14.7
2023,2023-09-16,September Bristol,Bristol Motor Speedway,Ross Chastain,1,23,23,200,0,Running,Chevrolet,14.0,22.33,0,0,1,7,10,22.4
2023,2023-09-16,September Bristol,Bristol Motor Speedway,Ryan Blaney,12,22,11,200,0,Running,Ford,15.8,19.33,0,0,1,4,13,17.1
2023,2023-09-16,September Bristol,Bristol Motor Speedway,Ryan Newman,51,36,27,200,0,Running,Ford,28.5,15.0,0,0,0,0,0,33.2
2023,2023-09-16,September Bristol,Bristol Motor Speedway,Ryan Preece,41,12,17,200,0,Running,Ford,25.0,24.0,0,0,0,1,1,12.1
2023,2023-09-16,September Bristol,Bristol Motor Speedway,Todd Gilliland,38,16,30,200,0,Running,Ford,26.2,14.33,0,0,0,0,3,18.8
2023,2023-09-16,September Bristol,Bristol Motor Speedway,Ty Dillon,77,33,33,200,0,Running,Chevrolet,25.8,19.0,0,0,0,0,0,30.0
2023,2023-09-16,September Bristol,Bristol Motor Speedway,Ty Gibbs,54,5,8,200,102,Running,Toyota,17.4,22.5,0,0,0,2,7,4.4
2023,2023-09-16,September Bristol,Bristol Motor Speedway,Tyler Reddick,45,15,12,200,0,Running,Toyota,8.0,9.67,0,0,2,9,13,15.2
2023,2023-09-16,September Bristol,Bristol Motor Speedway,William Byron,24,9,3,200,0,Running,Chevrolet,8.4,11.33,0,0,5,10,14,7.3
2024,2024-03-17,March Bristol,Bristol Motor Speedway,AJ Allmendinger,16,23,30,200,0,Running,Chevrolet,18.4,17.67,0,0,0,0,1,26.08
2024,2024-03-17,March Bristol,Bristol Motor Speedway,Alex Bowman,48,4,29,200,3,Running,Chevrolet,16.8,20.0,0,0,0,1,1,14.49
2024,2024-03-17,March Bristol,Bristol Motor Speedway,Austin Cindric,2,31,21,200,0,Running,Ford,25.2,21.75,0,0,0,1,1,27.79
2024,2024-03-17,March Bristol,Bristol Motor Speedway,Austin Dillon,3,24,31,200,0,Running,Chevrolet,23.8,20.5,0,0,0,0,0,25.41
2024,2024-03-17,March Bristol,Bristol Motor Speedway,Brad Keselowski,6,3,17,200,1,Running,Ford,19.6,12.25,0,0,0,1,1,6.37
2024,2024-03-17,March Bristol,Bristol Motor Speedway,Bubba Wallace,23,29,9,200,15,Running,Toyota,14.2,20.75,0,0,0,2,2,15.37
2024,2024-03-17,March Bristol,Bristol Motor Speedway,Carson Hocevar,77,27,35,200,0,Running,Chevrolet,21.6,11.0,0,0,0,0,0,24.72
2024,2024-03-17,March Bristol,Bristol Motor Speedway,Chase Briscoe,14,13,6,200,0,Running,Ford,19.0,17.0,0,0,0,0,2,15.35
2024,2024-03-17,March Bristol,Bristol Motor Speedway,Chase Elliott,9,8,5,200,5,Running,Chevrolet,15.2,5.67,0,0,0,0,0,14.98
2024,2024-03-17,March Bristol,Bristol Motor Speedway,Chris Buescher,17,7,34,200,17,Running,Ford,14.2,9.5,1,0,0,1,2,13.93
2024,2024-03-17,March Bristol,Bristol Motor Speedway,Christopher Bell,20,10,12,200,29,Running,Toyota,21.4,3.75,1,1,1,2,2,5.73
2024,2024-03-17,March Bristol,Bristol Motor Speedway,Corey LaJoie,7,21,18,200,4,Running,Chevrolet,22.6,22.25,0,0,0,1,1,22.09
2024,2024-03-17,March Bristol,Bristol Motor Speedway,Daniel Hemric,31,28,20,200,0,Running,Chevrolet,19.6,15.0,0,0,0,0,0,27.35
2024,2024-03-17,March Bristol,Bristol Motor Speedway,Daniel Suarez,99,18,28,200,0,Running,Chevrolet,14.0,19.25,0,0,1,1,1,22.27
2024,2024-03-17,March Bristol,Bristol Motor Speedway,Denny Hamlin,11,1,3,200,163,Running,Toyota,13.8,16.75,1,0,0,0,1,4.99
2024,2024-03-17,March Bristol,Bristol Motor Speedway,Erik Jones,43,20,15,200,0,Running,Toyota,19.6,20.75,0,0,0,0,1,17.86
2024,2024-03-17,March Bristol,Bristol Motor Speedway,Harrison Burton,21,32,13,200,0,Running,Ford,26.6,19.75,0,0,0,0,0,26.7
2024,2024-03-17,March Bristol,Bristol Motor Speedway,Joey Logano,22,22,4,200,5,Running,Ford,24.2,25.25,0,0,0,0,1,17.09
2024,2024-03-17,March Bristol,Bristol Motor Speedway,John Hunter Nemechek,42,6,26,200,0,Running,Toyota,21.4,15.0,0,0,0,0,1,9.23
2024,2024-03-17,March Bristol,Bristol Motor Speedway,Josh Berry,4,12,2,200,25,Running,Ford,24.4,27.0,0,0,0,0,0,10.01
2024,2024-03-17,March Bristol,Bristol Motor Speedway,Justin Haley,51,17,32,200,0,Running,Chevrolet,25.2,16.75,0,0,0,0,0,14.65
2024,2024-03-17,March Bristol,Bristol Motor Speedway,Kaz Grala,15,19,33,200,0,Running,Chevrolet,27.2,15.0,0,0,0,0,0,18.84
2024,2024-03-17,March Bristol,Bristol Motor Speedway,Kyle Busch,8,25,14,200,5,Running,Chevrolet,17.6,21.75,1,0,0,1,1,23.34
2024,2024-03-17,March Bristol,Bristol Motor Speedway,Kyle Larson,5,5,10,200,19,Running,Chevrolet,12.2,11.5,0,1,1,1,1,8.38
2024,2024-03-17,March Bristol,Bristol Motor Speedway,Martin Truex Jr,19,2,11,200,54,Running,Toyota,9.4,20.75,0,0,0,0,2,5.95
2024,2024-03-17,March Bristol,Bristol Motor Speedway,Michael McDowell,34,11,7,200,0,Running,Ford,17.2,9.25,0,0,0,0,2,15.4
2024,2024-03-17,March Bristol,Bristol Motor Speedway,Noah Gragson,10,34,22,200,0,Running,Ford,18.2,30.0,0,0,0,0,2,30.0
2024,2024-03-17,March Bristol,Bristol Motor Speedway,Ricky Stenhouse Jr,47,33,27,200,0,Running,Chevrolet,19.6,19.0,0,0,0,0,1,27.82
2024,2024-03-17,March Bristol,Bristol Motor Speedway,Ross Chastain,1,15,36,200,0,Running,Chevrolet,7.8,22.5,0,0,0,1,3,19.52
2024,2024-03-17,March Bristol,Bristol Motor Speedway,Ryan Blaney,12,16,1,200,14,Running,Ford,8.4,20.0,0,0,0,3,3,12.04
2024,2024-03-17,March Bristol,Bristol Motor Speedway,Ryan Preece,41,14,25,200,0,Running,Ford,19.8,18.0,0,0,0,0,0,15.62
2024,2024-03-17,March Bristol,Bristol Motor Speedway,Todd Gilliland,38,26,24,200,0,Running,Ford,26.4,14.75,0,0,0,0,0,19.21
2024,2024-03-17,March Bristol,Bristol Motor Speedway,Ty Gibbs,54,9,19,200,137,Running,Toyota,11.2,16.67,0,0,0,2,3,6.55
2024,2024-03-17,March Bristol,Bristol Motor Speedway,Tyler Reddick,45,30,23,200,4,Running,Toyota,18.6,11.0,0,0,0,1,2,32.19
2024,2024-03-17,March Bristol,Bristol Motor Speedway,William Byron,24,35,8,200,0,Running,Chevrolet,10.0,10.75,0,0,1,1,2,34.42
2024,2024-03-17,March Bristol,Bristol Motor Speedway,Zane Smith,71,36,16,200,0,Running,Chevrolet,28.6,15.0,0,0,0,0,0,34.28
2024,2024-09-21,September Bristol,Bristol Motor Speedway,AJ Allmendinger,16,23,19,200,0,Running,Chevrolet,32.4,19.0,0,0,0,0,3,21.0
2024,2024-09-21,September Bristol,Bristol Motor Speedway,Alex Bowman,48,9,1,200,34,Running,Chevrolet,17.0,16.8,0,0,1,7,13,6.0
2024,2024-09-21,September Bristol,Bristol Motor Speedway,Austin Cindric,2,13,27,200,0,Running,Ford,15.8,23.6,0,0,1,2,5,19.0
2024,2024-09-21,September Bristol,Bristol Motor Speedway,Austin Dillon,3,21,30,200,0,Running,Chevrolet,20.4,21.2,0,0,1,1,3,22.0
2024,2024-09-21,September Bristol,Bristol Motor Speedway,Brad Keselowski,6,26,23,200,0,Running,Ford,14.4,10.4,0,0,1,8,12,27.0
2024,2024-09-21,September Bristol,Bristol Motor Speedway,Bubba Wallace,23,3,11,200,1,Running,Toyota,18.8,22.4,0,0,0,5,10,7.0
2024,2024-09-21,September Bristol,Bristol Motor Speedway,Carson Hocevar,77,18,7,200,0,Running,Chevrolet,14.6,19.0,0,0,0,1,5,16.0
2024,2024-09-21,September Bristol,Bristol Motor Speedway,Chase Briscoe,14,8,5,200,0,Running,Ford,18.0,16.2,0,0,1,3,8,6.0
2024,2024-09-21,September Bristol,Bristol Motor Speedway,Chase Elliott,9,2,10,200,0,Running,Chevrolet,17.8,6.25,0,0,1,7,13,7.0
2024,2024-09-21,September Bristol,Bristol Motor Speedway,Chris Buescher,17,14,17,200,0,Running,Ford,11.8,9.0,1,0,1,6,13,18.0
2024,2024-09-21,September Bristol,Bristol Motor Speedway,Christopher Bell,20,5,6,200,0,Running,Toyota,11.8,5.0,1,1,3,10,16,4.0
2024,2024-09-21,September Bristol,Bristol Motor Speedway,Corey LaJoie,7,36,9,200,0,Running,Chevrolet,19.6,22.0,0,0,0,1,3,20.0
2024,2024-09-21,September Bristol,Bristol Motor Speedway,Daniel Hemric,31,19,21,200,0,Running,Chevrolet,20.6,28.0,0,0,0,0,4,22.0
2024,2024-09-21,September Bristol,Bristol Motor Speedway,Daniel Suarez,99,31,35,200,0,Running,Chevrolet,16.2,19.0,0,0,1,3,7,31.0
2024,2024-09-21,September Bristol,Bristol Motor Speedway,Denny Hamlin,11,4,8,200,0,Running,Toyota,20.2,13.6,2,0,3,9,12,5.0
2024,2024-09-21,September Bristol,Bristol Motor Speedway,Erik Jones,43,30,32,200,0,Running,Toyota,23.2,20.6,0,0,0,0,1,30.0
2024,2024-09-21,September Bristol,Bristol Motor Speedway,Harrison Burton,21,35,34,200,0,Running,Ford,18.2,22.2,0,0,1,1,2,33.0
2024,2024-09-21,September Bristol,Bristol Motor Speedway,Joey Logano,22,28,20,200,0,Running,Ford,17.6,24.6,0,0,2,5,9,21.0
2024,2024-09-21,September Bristol,Bristol Motor Speedway,John Hunter Nemechek,42,33,28,200,0,Running,Toyota,24.6,6.0,0,0,0,0,3,35.0
2024,2024-09-21,September Bristol,Bristol Motor Speedway,Josh Berry,4,29,25,200,0,Running,Ford,26.4,19.5,0,0,0,2,4,30.0
2024,2024-09-21,September Bristol,Bristol Motor Speedway,Josh Bilicki,66,34,37,200,0,Running,Chevrolet,29.6,15.0,0,0,0,0,0,36.0
2024,2024-09-21,September Bristol,Bristol Motor Speedway,Justin Haley,51,22,26,200,0,Running,Chevrolet,24.0,16.8,0,0,0,0,2,26.0
2024,2024-09-21,September Bristol,Bristol Motor Speedway,Kaz Grala,15,37,36,200,0,Running,Chevrolet,30.0,19.0,0,0,0,0,0,35.0
2024,2024-09-21,September Bristol,Bristol Motor Speedway,Kyle Busch,8,25,29,200,0,Running,Chevrolet,9.0,22.4,1,0,0,5,10,28.0
2024,2024-09-21,September Bristol,Bristol Motor Speedway,Kyle Larson,5,1,2,200,462,Running,Chevrolet,21.6,10.2,0,1,4,10,13,1.0
2024,2024-09-21,September Bristol,Bristol Motor Speedway,Martin Truex Jr,19,24,4,200,0,Running,Toyota,27.8,17.0,0,0,0,4,9,10.0
2024,2024-09-21,September Bristol,Bristol Motor Speedway,Michael McDowell,34,11,18,200,0,Running,Ford,21.2,9.6,0,0,0,2,7,14.0
2024,2024-09-21,September Bristol,Bristol Motor Speedway,Noah Gragson,10,12,16,200,0,Running,Ford,25.2,31.33,0,0,0,1,7,14.0
2024,2024-09-21,September Bristol,Bristol Motor Speedway,Ricky Stenhouse Jr,47,27,31,200,0,Running,Chevrolet,23.8,21.8,0,0,0,2,5,29.0
2024,2024-09-21,September Bristol,Bristol Motor Speedway,Ross Chastain,1,10,12,200,0,Running,Chevrolet,11.8,21.0,0,0,0,5,10,14.0
2024,2024-09-21,September Bristol,Bristol Motor Speedway,Ryan Blaney,12,6,22,200,0,Running,Ford,25.0,19.2,0,1,2,8,12,9.0
2024,2024-09-21,September Bristol,Bristol Motor Speedway,Ryan Preece,41,7,14,200,0,Running,Ford,17.8,16.67,0,0,0,1,3,13.0
2024,2024-09-21,September Bristol,Bristol Motor Speedway,Todd Gilliland,38,32,24,200,0,Running,Ford,23.8,17.0,0,0,0,0,4,30.0
2024,2024-09-21,September Bristol,Bristol Motor Speedway,Ty Gibbs,54,15,13,200,0,Running,Toyota,13.4,14.75,0,0,0,7,11,14.0
2024,2024-09-21,September Bristol,Bristol Motor Speedway,Tyler Reddick,45,20,15,200,3,Running,Toyota,14.4,14.8,0,0,2,11,19,19.0
2024,2024-09-21,September Bristol,Bristol Motor Speedway,William Byron,24,17,3,200,0,Running,Chevrolet,20.4,15.6,0,0,3,8,14,9.0
2024,2024-09-21,September Bristol,Bristol Motor Speedway,Zane Smith,71,16,33,200,0,Running,Chevrolet,13.8,36.0,0,0,0,2,3,24.0
2025,2025-04-13,April Bristol,Bristol Motor Speedway,AJ Allmendinger,16,9,8,200,0,Running,Chevrolet,15.6,19.8,0,0,0,0,2,10.9
2025,2025-04-13,April Bristol,Bristol Motor Speedway,Alex Bowman,48,37,1,200,39,Running,Chevrolet,15.6,15.5,0,1,0,1,5,16.3
2025,2025-04-13,April Bristol,Bristol Motor Speedway,Austin Cindric,2,17,21,200,0,Running,Ford,18.4,21.83,0,0,0,0,2,19.4
2025,2025-04-13,April Bristol,Bristol Motor Speedway,Austin Dillon,3,10,17,200,0,Running,Chevrolet,19.6,21.17,0,0,0,0,0,16.1
2025,2025-04-13,April Bristol,Bristol Motor Speedway,Brad Keselowski,6,16,16,200,0,Running,Ford,25.8,13.0,0,0,0,0,0,15.7
2025,2025-04-13,April Bristol,Bristol Motor Speedway,Bubba Wallace,23,19,22,200,0,Running,Toyota,16.8,19.17,0,0,0,2,3,14.8
2025,2025-04-13,April Bristol,Bristol Motor Speedway,Carson Hocevar,77,11,9,200,2,Running,Chevrolet,30.8,18.67,0,0,0,1,1,6.8
2025,2025-04-13,April Bristol,Bristol Motor Speedway,Chase Briscoe,19,4,14,200,0,Running,Toyota,18.6,14.83,0,0,0,2,3,8.6
2025,2025-04-13,April Bristol,Bristol Motor Speedway,Chase Elliott,9,15,20,200,0,Running,Chevrolet,10.0,5.4,0,0,0,2,5,16.4
2025,2025-04-13,April Bristol,Bristol Motor Speedway,Chris Buescher,17,25,24,200,0,Running,Ford,10.8,9.83,1,0,0,1,5,28.5
2025,2025-04-13,April Bristol,Bristol Motor Speedway,Christopher Bell,20,8,7,200,0,Running,Toyota,9.4,5.0,1,1,3,5,5,7.3
2025,2025-04-13,April Bristol,Bristol Motor Speedway,Cody Ware,51,36,34,200,0,Running,Ford,30.2,21.5,0,0,0,0,0,36.2
2025,2025-04-13,April Bristol,Bristol Motor Speedway,Cole Custer,41,29,33,200,0,Running,Ford,28.2,10.5,0,1,0,0,0,33.3
2025,2025-04-13,April Bristol,Bristol Motor Speedway,Corey LaJoie,1,34,37,200,0,Running,Chevrolet,32.4,24.33,0,0,0,0,0,30.9
2025,2025-04-13,April Bristol,Bristol Motor Speedway,Daniel Suarez,99,33,23,200,0,Running,Chevrolet,16.6,21.0,0,0,0,1,1,31
2025,2025-04-13,April Bristol,Bristol Motor Speedway,Denny Hamlin,11,2,4,200,0,Running,Toyota,6.8,12.0,2,0,2,4,5,3
2025,2025-04-13,April Bristol,Bristol Motor Speedway,Erik Jones,43,26,28,200,0,Running,Toyota,23.0,22.17,0,0,0,0,0,28.6
2025,2025-04-13,April Bristol,Bristol Motor Speedway,Jesse Love,33,31,19,200,0,Running,Chevrolet,15.0,15.0,0,0,0,0,0,33.4
2025,2025-04-13,April Bristol,Bristol Motor Speedway,Joey Logano,22,24,38,200,0,Running,Ford,12.6,25.17,0,0,0,0,1,27.6
2025,2025-04-13,April Bristol,Bristol Motor Speedway,John Hunter Nemechek,42,21,32,200,0,Running,Toyota,22.4,19.5,0,0,0,1,2,27.2
2025,2025-04-13,April Bristol,Bristol Motor Speedway,Josh Berry,21,12,11,200,0,Running,Ford,18.0,22.67,0,0,1,2,2,14.1
2025,2025-04-13,April Bristol,Bristol Motor Speedway,Josh Bilicki,66,39,39,200,0,Running,Chevrolet,32.6,34.0,0,0,0,0,0,38.7
2025,2025-04-13,April Bristol,Bristol Motor Speedway,Justin Haley,7,13,10,200,0,Running,Chevrolet,22.0,17.67,0,0,0,0,1,7.5
2025,2025-04-13,April Bristol,Bristol Motor Speedway,Kyle Busch,8,14,15,200,0,Running,Chevrolet,17.8,22.83,1,0,0,1,4,18.6
2025,2025-04-13,April Bristol,Bristol Motor Speedway,Kyle Larson,5,1,3,200,411,Running,Chevrolet,11.0,8.67,1,1,1,4,5,1.6
2025,2025-04-13,April Bristol,Bristol Motor Speedway,Michael McDowell,71,30,13,200,0,Running,Chevrolet,20.8,9.83,0,0,0,0,0,30.9
2025,2025-04-13,April Bristol,Bristol Motor Speedway,Noah Gragson,4,23,31,200,0,Running,Ford,24.2,26.5,0,0,0,0,1,27.5
2025,2025-04-13,April Bristol,Bristol Motor Speedway,Ricky Stenhouse Jr,47,22,2,200,0,Running,Chevrolet,21.6,22.67,0,0,0,1,1,14.5
2025,2025-04-13,April Bristol,Bristol Motor Speedway,Riley Herbst,35,28,25,200,0,Running,Toyota,30.8,15.0,0,0,0,0,0,28.4
2025,2025-04-13,April Bristol,Bristol Motor Speedway,Ross Chastain,1,7,35,200,0,Running,Chevrolet,12.0,19.17,0,0,0,1,4,16.2
2025,2025-04-13,April Bristol,Bristol Motor Speedway,Ryan Blaney,12,5,5,200,48,Running,Ford,23.0,17.0,0,1,0,2,3,6.4
2025,2025-04-13,April Bristol,Bristol Motor Speedway,Ryan Preece,60,20,29,200,0,Running,Ford,12.0,14.25,0,0,0,1,3,22.2
2025,2025-04-13,April Bristol,Bristol Motor Speedway,Shane van Gisbergen,88,38,36,200,0,Running,Chevrolet,30.2,15.0,0,0,0,0,1,37.8
2025,2025-04-13,April Bristol,Bristol Motor Speedway,Todd Gilliland,34,35,30,200,0,Running,Ford,20.0,19.5,0,0,0,0,2,31
2025,2025-04-13,April Bristol,Bristol Motor Speedway,Ty Dillon,10,32,12,200,0,Running,Chevrolet,19.0,22.5,0,0,0,0,0,19.8
2025,2025-04-13,April Bristol,Bristol Motor Speedway,Ty Gibbs,54,3,6,200,0,Running,Toyota,18.8,14.8,0,0,0,0,1,6.6
2025,2025-04-13,April Bristol,Bristol Motor Speedway,Tyler Reddick,45,18,27,200,0,Running,Toyota,14.0,15.67,0,0,0,3,4,13.2
2025,2025-04-13,April Bristol,Bristol Motor Speedway,William Byron,24,6,26,200,0,Running,Chevrolet,9.2,15.83,0,0,1,4,5,12.2
2025,2025-04-13,April Bristol,Bristol Motor Speedway,Zane Smith,38,27,18,200,0,Running,Chevrolet,14.2,26.0,0,0,0,0,1,20.8
2025,2025-09-13,September Bristol,Bristol Motor Speedway,AJ Allmendinger,16,36,1,200,24,Running,Chevrolet,17.4,18.0,0,0,0,2,6,19.1
2025,2025-09-13,September Bristol,Bristol Motor Speedway,Alex Bowman,48,8,15,200,5,Running,Chevrolet,23.0,18.57,0,2,0,6,14,11.2
2025,2025-09-13,September Bristol,Bristol Motor Speedway,Austin Cindric,2,30,3,200,10,Running,Ford,18.2,21.14,0,0,1,2,5,11.5
2025,2025-09-13,September Bristol,Bristol Motor Speedway,Austin Dillon,3,28,23,200,0,Running,Chevrolet,16.2,19.57,0,0,1,1,5,30.3
2025,2025-09-13,September Bristol,Bristol Motor Speedway,Austin Hill,33,25,33,200,0,Running,Chevrolet,25.2,15.0,0,0,0,0,1,32.3
2025,2025-09-13,September Bristol,Bristol Motor Speedway,Brad Keselowski,6,2,18,200,33,Running,Ford,18.0,13.43,0,0,0,4,8,8.8
2025,2025-09-13,September Bristol,Bristol Motor Speedway,Bubba Wallace,23,34,8,200,12,Running,Toyota,17.4,19.14,0,0,1,4,12,10.4
2025,2025-09-13,September Bristol,Bristol Motor Speedway,Carson Hocevar,77,7,12,200,26,Running,Chevrolet,18.2,16.75,0,0,0,2,7,9.5
2025,2025-09-13,September Bristol,Bristol Motor Speedway,Chad Finchum,66,35,39,200,0,Running,Chevrolet,36.6,15.0,0,0,0,0,0,36.7
2025,2025-09-13,September Bristol,Bristol Motor Speedway,Chase Briscoe,19,9,31,200,127,Running,Toyota,8.8,13.29,0,0,2,12,14,10.5
2025,2025-09-13,September Bristol,Bristol Motor Speedway,Chase Elliott,9,38,16,200,0,Running,Chevrolet,18.8,7.0,0,0,1,8,14,26.7
2025,2025-09-13,September Bristol,Bristol Motor Speedway,Chris Buescher,17,11,21,200,0,Running,Ford,11.8,12.0,1,0,0,4,15,8.6
2025,2025-09-13,September Bristol,Bristol Motor Speedway,Christopher Bell,20,1,9,200,12,Running,Toyota,14.4,5.43,1,1,3,9,15,11.4
2025,2025-09-13,September Bristol,Bristol Motor Speedway,Cody Ware,51,29,34,200,0,Running,Ford,29.4,26.33,0,0,0,0,0,34.6
2025,2025-09-13,September Bristol,Bristol Motor Speedway,Cole Custer,41,33,26,200,0,Running,Ford,22.6,16.67,0,1,0,1,2,35.4
2025,2025-09-13,September Bristol,Bristol Motor Speedway,Corey Heim,67,6,38,200,0,Running,Toyota,26.0,15.0,0,0,0,0,0,22.9
2025,2025-09-13,September Bristol,Bristol Motor Speedway,Daniel Suarez,99,37,35,200,0,Running,Chevrolet,15.2,22.71,0,0,0,2,6,31.1
2025,2025-09-13,September Bristol,Bristol Motor Speedway,Denny Hamlin,11,31,6,200,3,Running,Toyota,13.6,10.57,2,0,5,12,15,16.3
2025,2025-09-13,September Bristol,Bristol Motor Speedway,Erik Jones,43,20,27,200,0,Running,Toyota,13.4,22.71,0,0,0,4,5,16.1
2025,2025-09-13,September Bristol,Bristol Motor Speedway,Joey Logano,22,5,22,200,7,Running,Ford,14.0,25.0,0,0,1,4,8,16.2
2025,2025-09-13,September Bristol,Bristol Motor Speedway,John Hunter Nemechek,42,14,19,200,0,Running,Toyota,19.0,20.0,0,0,0,2,8,13.6
2025,2025-09-13,September Bristol,Bristol Motor Speedway,Josh Berry,21,39,10,200,0,Running,Ford,25.2,20.0,0,0,1,2,5,34.2
2025,2025-09-13,September Bristol,Bristol Motor Speedway,Justin Haley,7,13,17,200,0,Running,Chevrolet,24.4,17.0,0,0,0,1,2,22.2
2025,2025-09-13,September Bristol,Bristol Motor Speedway,Kyle Busch,8,16,32,200,0,Running,Chevrolet,20.2,21.57,1,0,0,2,8,23.5
2025,2025-09-13,September Bristol,Bristol Motor Speedway,Kyle Larson,5,32,5,200,0,Running,Chevrolet,16.4,7.57,2,1,3,11,16,24.6
2025,2025-09-13,September Bristol,Bristol Motor Speedway,Michael McDowell,71,17,25,200,0,Running,Chevrolet,19.0,12.71,0,0,0,2,3,19.7
2025,2025-09-13,September Bristol,Bristol Motor Speedway,Noah Gragson,4,23,30,200,0,Running,Ford,26.0,25.8,0,0,0,1,3,26.4
2025,2025-09-13,September Bristol,Bristol Motor Speedway,Ricky Stenhouse Jr,47,22,11,200,5,Running,Chevrolet,26.2,22.57,0,0,0,1,3,15.2
2025,2025-09-13,September Bristol,Bristol Motor Speedway,Riley Herbst,35,18,29,200,0,Running,Toyota,30.8,28.0,0,0,0,0,0,23.2
2025,2025-09-13,September Bristol,Bristol Motor Speedway,Ross Chastain,1,19,13,200,0,Running,Chevrolet,15.8,17.43,0,0,1,3,10,19.5
2025,2025-09-13,September Bristol,Bristol Motor Speedway,Ryan Blaney,12,4,2,200,30,Running,Ford,6.4,15.29,0,1,2,11,15,7.2
2025,2025-09-13,September Bristol,Bristol Motor Speedway,Ryan Preece,60,21,20,200,0,Running,Ford,18.2,15.4,0,0,0,3,10,17.6
2025,2025-09-13,September Bristol,Bristol Motor Speedway,Shane van Gisbergen,88,26,28,200,0,Running,Chevrolet,17.6,38.0,0,0,4,4,5,30.9
2025,2025-09-13,September Bristol,Bristol Motor Speedway,Todd Gilliland,34,24,36,200,0,Running,Ford,24.4,21.71,0,0,0,0,3,29.6
2025,2025-09-13,September Bristol,Bristol Motor Speedway,Ty Dillon,10,27,37,200,0,Running,Chevrolet,28.0,24.4,0,0,0,0,1,29.4
2025,2025-09-13,September Bristol,Bristol Motor Speedway,Ty Gibbs,54,10,4,200,201,Running,Toyota,18.2,12.83,0,0,0,4,8,4.8
2025,2025-09-13,September Bristol,Bristol Motor Speedway,Tyler Reddick,45,15,14,200,0,Running,Toyota,16.4,16.0,0,0,0,6,10,18.4
2025,2025-09-13,September Bristol,Bristol Motor Speedway,William Byron,24,12,7,200,0,Running,Chevrolet,13.4,14.43,0,0,2,9,13,13.0
2025,2025-09-13,September Bristol,Bristol Motor Speedway,Zane Smith,38,3,24,200,5,Running,Chevrolet,21.0,26.33,0,0,0,0,3,7.9
2026,2026-04-12,April Bristol,Bristol Motor Speedway,Ty Gibbs,54,1,5,59,25,Running,Toyota,20.0,20.0,0,0,0,0,0,7.6
2026,2026-04-12,April Bristol,Bristol Motor Speedway,Ryan Blaney,12,2,1,53,190,Running,Ford,20.0,20.0,0,0,0,0,0,2.6
2026,2026-04-12,April Bristol,Bristol Motor Speedway,Kyle Larson,5,3,8,54,284,Running,Chevrolet,20.0,20.0,0,0,0,0,0,1.7
2026,2026-04-12,April Bristol,Bristol Motor Speedway,Tyler Reddick,45,4,2,33,0,Running,Toyota,20.0,20.0,0,0,0,0,0,11.6
2026,2026-04-12,April Bristol,Bristol Motor Speedway,Chase Briscoe,19,5,3,45,0,Running,Toyota,20.0,20.0,0,0,0,0,0,5.7
2026,2026-04-12,April Bristol,Bristol Motor Speedway,Todd Gilliland,34,6,35,31,0,Running,Ford,20.0,20.0,0,0,0,0,0,18.6
2026,2026-04-12,April Bristol,Bristol Motor Speedway,Joey Logano,22,7,20,33,0,Running,Ford,20.0,20.0,0,0,0,0,0,10.5
2026,2026-04-12,April Bristol,Bristol Motor Speedway,Ryan Preece,60,8,17,29,0,Running,Ford,20.0,20.0,0,0,0,0,0,15.2
2026,2026-04-12,April Bristol,Bristol Motor Speedway,Denny Hamlin,11,9,11,41,0,Running,Toyota,20.0,20.0,0,0,0,0,0,7.1
2026,2026-04-12,April Bristol,Bristol Motor Speedway,Carson Hocevar,77,10,10,38,0,Running,Chevrolet,20.0,20.0,0,0,0,0,0,6.1
2026,2026-04-12,April Bristol,Bristol Motor Speedway,Bubba Wallace,23,11,12,30,0,Running,Toyota,20.0,20.0,0,0,0,0,0,9.5
2026,2026-04-12,April Bristol,Bristol Motor Speedway,Daniel Suarez,7,12,13,25,0,Running,Chevrolet,20.0,20.0,0,0,0,0,0,18.6
2026,2026-04-12,April Bristol,Bristol Motor Speedway,Chris Buescher,17,13,7,24,0,Running,Ford,20.0,20.0,0,0,0,0,0,13.3
2026,2026-04-12,April Bristol,Bristol Motor Speedway,Brad Keselowski,6,14,21,23,0,Running,Ford,20.0,20.0,0,0,0,0,0,17.3
2026,2026-04-12,April Bristol,Bristol Motor Speedway,AJ Allmendinger,16,15,22,22,0,Running,Chevrolet,20.0,20.0,0,0,0,0,0,17.1
2026,2026-04-12,April Bristol,Bristol Motor Speedway,Austin Cindric,2,16,9,23,0,Running,Ford,20.0,20.0,0,0,0,0,0,12.0
2026,2026-04-12,April Bristol,Bristol Motor Speedway,Ricky Stenhouse Jr,47,17,23,20,0,Running,Chevrolet,20.0,20.0,0,0,0,0,0,20.8
2026,2026-04-12,April Bristol,Bristol Motor Speedway,Austin Dillon,3,18,24,19,0,Running,Chevrolet,20.0,20.0,0,0,0,0,0,19.5
2026,2026-04-12,April Bristol,Bristol Motor Speedway,Zane Smith,38,19,15,18,0,Running,Chevrolet,20.0,20.0,0,0,0,0,0,20.3
2026,2026-04-12,April Bristol,Bristol Motor Speedway,Ross Chastain,1,20,6,17,0,Running,Chevrolet,20.0,20.0,0,0,0,0,0,15.7
2026,2026-04-12,April Bristol,Bristol Motor Speedway,Riley Herbst,35,21,4,19,0,Running,Toyota,20.0,20.0,0,0,0,0,0,17.2
2026,2026-04-12,April Bristol,Bristol Motor Speedway,Chase Elliott,9,22,18,15,6,Running,Chevrolet,20.0,20.0,0,0,0,0,0,14.8
2026,2026-04-12,April Bristol,Bristol Motor Speedway,Erik Jones,43,23,28,14,0,Running,Toyota,20.0,20.0,0,0,0,0,0,23.8
2026,2026-04-12,April Bristol,Bristol Motor Speedway,Michael McDowell,71,24,19,13,0,Running,Ford,20.0,20.0,0,0,0,0,0,23.7
2026,2026-04-12,April Bristol,Bristol Motor Speedway,Kyle Busch,8,25,29,12,0,Running,Chevrolet,20.0,20.0,0,0,0,0,0,24.6
2026,2026-04-12,April Bristol,Bristol Motor Speedway,Noah Gragson,4,26,16,11,0,Running,Chevrolet,20.0,20.0,0,0,0,0,0,17.5
2026,2026-04-12,April Bristol,Bristol Motor Speedway,Christopher Bell,20,27,14,19,0,Running,Toyota,20.0,20.0,0,0,0,0,0,24.2
2026,2026-04-12,April Bristol,Bristol Motor Speedway,Cole Custer,41,28,30,9,0,Running,Chevrolet,20.0,20.0,0,0,0,0,0,30.4
2026,2026-04-12,April Bristol,Bristol Motor Speedway,Ty Dillon,10,29,32,8,0,Running,Chevrolet,20.0,20.0,0,0,0,0,0,29.8
2026,2026-04-12,April Bristol,Bristol Motor Speedway,William Byron,24,30,34,7,0,Running,Chevrolet,20.0,20.0,0,0,0,0,0,33.0
2026,2026-04-12,April Bristol,Bristol Motor Speedway,Cody Ware,51,31,36,6,0,Running,Ford,20.0,20.0,0,0,0,0,0,31.8
2026,2026-04-12,April Bristol,Bristol Motor Speedway,Josh Berry,21,32,25,16,0,Running,Ford,20.0,20.0,0,0,0,0,0,14.7
2026,2026-04-12,April Bristol,Bristol Motor Speedway,Connor Zilisch,88,33,26,4,0,Running,Chevrolet,20.0,20.0,0,0,0,0,0,29.3
2026,2026-04-12,April Bristol,Bristol Motor Speedway,Shane van Gisbergen,97,34,33,3,0,Running,Chevrolet,20.0,20.0,0,0,0,0,0,34.2
2026,2026-04-12,April Bristol,Bristol Motor Speedway,John Hunter Nemechek,42,35,31,2,0,Running,Chevrolet,20.0,20.0,0,0,0,0,0,34.0
2026,2026-04-12,April Bristol,Bristol Motor Speedway,Chad Finchum,66,36,37,0,0,Running,Chevrolet,20.0,20.0,0,0,0,0,0,35.8
2026,2026-04-12,April Bristol,Bristol Motor Speedway,Alex Bowman,48,37,27,1,0,Running,Chevrolet,20.0,20.0,0,0,0,0,0,33.6
2022,2022-05-29,May Charlotte,Charlotte Motor Speedway,Alex Bowman,48,10,9,200,0,Running,Chevrolet,11.6,15.0,0,0,1,3,8,14.62
2022,2022-05-29,May Charlotte,Charlotte Motor Speedway,Aric Almirola,10,17,24,200,0,Running,Ford,18.4,15.0,0,0,0,1,4,17.1
2022,2022-05-29,May Charlotte,Charlotte Motor Speedway,Austin Cindric,2,34,6,200,0,Running,Ford,20.4,15.0,0,0,1,1,2,27.42
2022,2022-05-29,May Charlotte,Charlotte Motor Speedway,Austin Dillon,3,22,16,200,0,Running,Chevrolet,15.6,15.0,0,0,0,3,6,14.48
2022,2022-05-29,May Charlotte,Charlotte Motor Speedway,BJ McLeod,78,19,31,200,0,Running,Chevrolet,33.0,15.0,0,0,0,0,0,28.13
2022,2022-05-29,May Charlotte,Charlotte Motor Speedway,Brad Keselowski,6,30,35,200,0,Running,Ford,20.4,15.0,0,0,0,0,1,28.3
2022,2022-05-29,May Charlotte,Charlotte Motor Speedway,Bubba Wallace,23,28,7,200,1,Running,Toyota,19.6,15.0,0,0,0,1,2,21.62
2022,2022-05-29,May Charlotte,Charlotte Motor Speedway,Chase Briscoe,14,4,15,200,2,Running,Ford,23.2,15.0,0,0,1,2,3,8.88
2022,2022-05-29,May Charlotte,Charlotte Motor Speedway,Chase Elliott,9,33,13,200,86,Running,Chevrolet,10.0,15.0,0,0,1,3,9,19.73
2022,2022-05-29,May Charlotte,Charlotte Motor Speedway,Chris Buescher,17,26,19,200,0,Running,Ford,20.8,15.0,0,0,0,0,3,16.26
2022,2022-05-29,May Charlotte,Charlotte Motor Speedway,Christopher Bell,20,5,3,200,0,Running,Toyota,8.8,15.0,0,0,0,3,7,12.44
2022,2022-05-29,May Charlotte,Charlotte Motor Speedway,Cody Ware,51,18,33,200,0,Running,Ford,28.2,15.0,0,0,0,0,0,26.94
2022,2022-05-29,May Charlotte,Charlotte Motor Speedway,Cole Custer,41,21,21,200,0,Running,Ford,21.0,15.0,0,0,0,0,0,15.39
2022,2022-05-29,May Charlotte,Charlotte Motor Speedway,Corey LaJoie,7,35,37,200,0,Running,Chevrolet,21.0,15.0,0,0,0,1,1,34.31
2022,2022-05-29,May Charlotte,Charlotte Motor Speedway,Daniel Suarez,99,25,12,200,36,Running,Chevrolet,20.0,15.0,0,0,0,2,4,10.84
2022,2022-05-29,May Charlotte,Charlotte Motor Speedway,Denny Hamlin,11,1,1,200,15,Running,Toyota,19.8,15.0,0,0,1,2,2,7.13
2022,2022-05-29,May Charlotte,Charlotte Motor Speedway,Erik Jones,43,14,25,200,0,Running,Chevrolet,19.4,15.0,0,0,0,1,4,12.69
2022,2022-05-29,May Charlotte,Charlotte Motor Speedway,Harrison Burton,21,11,17,200,0,Running,Ford,22.6,15.0,0,0,0,0,0,23.62
2022,2022-05-29,May Charlotte,Charlotte Motor Speedway,Joey Logano,22,20,23,200,9,Running,Ford,16.4,15.0,0,0,1,4,6,9.88
2022,2022-05-29,May Charlotte,Charlotte Motor Speedway,Josh Bilicki,77,36,32,200,0,Running,Chevrolet,26.6,15.0,0,0,0,0,0,35.63
2022,2022-05-29,May Charlotte,Charlotte Motor Speedway,Justin Haley,31,27,20,200,0,Running,Chevrolet,15.0,15.0,0,0,0,1,1,22.78
2022,2022-05-29,May Charlotte,Charlotte Motor Speedway,Kaz Grala,50,23,34,200,0,Running,Chevrolet,25.5,15.0,0,0,0,0,0,29.88
2022,2022-05-29,May Charlotte,Charlotte Motor Speedway,Kevin Harvick,4,3,18,200,0,Running,Ford,14.4,15.0,0,0,0,2,6,16.8
2022,2022-05-29,May Charlotte,Charlotte Motor Speedway,Kurt Busch,45,31,2,200,2,Running,Toyota,21.6,15.0,0,0,1,3,5,20.33
2022,2022-05-29,May Charlotte,Charlotte Motor Speedway,Kyle Busch,18,2,4,200,36,Running,Toyota,9.4,15.0,0,0,1,4,9,12.86
2022,2022-05-29,May Charlotte,Charlotte Motor Speedway,Kyle Larson,5,9,36,200,51,Running,Chevrolet,10.4,15.0,0,0,1,6,7,12.34
2022,2022-05-29,May Charlotte,Charlotte Motor Speedway,Martin Truex Jr,19,12,14,200,0,Running,Toyota,13.6,15.0,0,0,0,2,6,12.56
2022,2022-05-29,May Charlotte,Charlotte Motor Speedway,Michael McDowell,34,8,10,200,0,Running,Ford,12.8,15.0,0,0,0,0,4,17.7
2022,2022-05-29,May Charlotte,Charlotte Motor Speedway,Noah Gragson,16,24,27,200,0,Running,Chevrolet,26.6,15.0,0,0,0,0,0,24.34
2022,2022-05-29,May Charlotte,Charlotte Motor Speedway,Ricky Stenhouse Jr,47,7,29,200,0,Running,Chevrolet,15.4,15.0,0,0,0,1,4,14.05
2022,2022-05-29,May Charlotte,Charlotte Motor Speedway,Ross Chastain,1,15,22,200,153,Running,Chevrolet,14.8,15.0,0,0,2,7,8,4.38
2022,2022-05-29,May Charlotte,Charlotte Motor Speedway,Ryan Blaney,12,29,11,200,2,Running,Ford,14.2,15.0,0,0,0,4,6,20.24
2022,2022-05-29,May Charlotte,Charlotte Motor Speedway,Ryan Preece,15,37,26,200,0,Running,Ford,25.0,15.0,0,0,0,0,0,36.47
2022,2022-05-29,May Charlotte,Charlotte Motor Speedway,Todd Gilliland,38,16,30,200,0,Running,Ford,22.4,15.0,0,0,0,0,0,21.23
2022,2022-05-29,May Charlotte,Charlotte Motor Speedway,Ty Dillon,42,13,28,200,0,Running,Chevrolet,20.4,15.0,0,0,0,0,1,22.6
2022,2022-05-29,May Charlotte,Charlotte Motor Speedway,Tyler Reddick,8,6,8,200,19,Running,Toyota,20.6,15.0,0,0,0,4,5,8.15
2022,2022-05-29,May Charlotte,Charlotte Motor Speedway,William Byron,24,32,5,200,1,Running,Chevrolet,16.8,15.0,0,0,2,4,4,20.88
2022,2022-10-09,October Charlotte,Charlotte Motor Speedway (ROVAL),AJ Allmendinger,16,4,7,200,24,Running,Chevrolet,8.2,15.0,0,0,0,1,5,3.0
2022,2022-10-09,October Charlotte,Charlotte Motor Speedway (ROVAL),Aric Almirola,10,15,37,200,0,Running,Ford,19.6,17.0,0,0,0,2,7,26.0
2022,2022-10-09,October Charlotte,Charlotte Motor Speedway (ROVAL),Austin Cindric,2,21,5,200,0,Running,Ford,14.4,34.0,0,0,1,5,9,19.0
2022,2022-10-09,October Charlotte,Charlotte Motor Speedway (ROVAL),Austin Dillon,3,10,15,200,0,Running,Chevrolet,18.4,22.0,0,0,1,4,8,17.0
2022,2022-10-09,October Charlotte,Charlotte Motor Speedway (ROVAL),Brad Keselowski,6,14,31,200,0,Running,Ford,15.4,30.0,0,0,0,0,5,19.0
2022,2022-10-09,October Charlotte,Charlotte Motor Speedway (ROVAL),Bubba Wallace,45,7,14,200,0,Running,Toyota,16.0,28.0,0,0,1,5,8,24.0
2022,2022-10-09,October Charlotte,Charlotte Motor Speedway (ROVAL),Chase Briscoe,14,9,17,200,0,Running,Ford,13.8,4.0,0,0,1,4,6,16.0
2022,2022-10-09,October Charlotte,Charlotte Motor Speedway (ROVAL),Chase Elliott,9,20,9,200,30,Running,Chevrolet,16.4,33.0,0,0,5,12,19,5.0
2022,2022-10-09,October Charlotte,Charlotte Motor Speedway (ROVAL),Chris Buescher,17,6,21,200,0,Running,Ford,19.4,26.0,0,0,1,3,9,18.0
2022,2022-10-09,October Charlotte,Charlotte Motor Speedway (ROVAL),Christopher Bell,20,1,8,200,2,Running,Toyota,12.6,5.0,0,0,1,10,17,9.0
2022,2022-10-09,October Charlotte,Charlotte Motor Speedway (ROVAL),Cole Custer,41,24,12,200,0,Running,Ford,20.0,21.0,0,0,0,0,3,10.0
2022,2022-10-09,October Charlotte,Charlotte Motor Speedway (ROVAL),Conor Daly,50,34,39,200,0,Running,Chevrolet,15.0,15.0,0,0,0,0,0,37.0
2022,2022-10-09,October Charlotte,Charlotte Motor Speedway (ROVAL),Corey LaJoie,7,12,30,200,0,Running,Chevrolet,24.2,35.0,0,0,0,1,1,24.0
2022,2022-10-09,October Charlotte,Charlotte Motor Speedway (ROVAL),Daniel Suarez,99,36,3,200,0,Running,Chevrolet,13.4,25.0,0,0,1,6,12,23.0
2022,2022-10-09,October Charlotte,Charlotte Motor Speedway (ROVAL),Daniil Kvyat,26,39,33,200,0,Running,Chevrolet,36.0,15.0,0,0,0,0,0,38.0
2022,2022-10-09,October Charlotte,Charlotte Motor Speedway (ROVAL),Denny Hamlin,11,13,24,200,0,Running,Toyota,5.6,1.0,1,1,2,8,12,21.0
2022,2022-10-09,October Charlotte,Charlotte Motor Speedway (ROVAL),Erik Jones,43,11,26,200,1,Running,Chevrolet,12.6,14.0,0,0,1,3,12,15.0
2022,2022-10-09,October Charlotte,Charlotte Motor Speedway (ROVAL),Harrison Burton,21,28,23,200,0,Running,Ford,24.6,11.0,0,0,0,1,2,23.0
2022,2022-10-09,October Charlotte,Charlotte Motor Speedway (ROVAL),JJ Yeley,51,32,35,200,0,Running,Chevrolet,29.6,15.0,0,0,0,0,0,35.0
2022,2022-10-09,October Charlotte,Charlotte Motor Speedway (ROVAL),Joey Hand,15,38,27,200,0,Running,Ford,27.2,15.0,0,0,0,0,0,32.0
2022,2022-10-09,October Charlotte,Charlotte Motor Speedway (ROVAL),Joey Logano,22,18,1,200,27,Running,Ford,15.4,20.0,0,0,2,9,14,18.0
2022,2022-10-09,October Charlotte,Charlotte Motor Speedway (ROVAL),Josh Williams,78,31,38,200,0,Running,Chevrolet,25.0,15.0,0,0,0,0,0,34.0
2022,2022-10-09,October Charlotte,Charlotte Motor Speedway (ROVAL),Justin Haley,31,5,13,200,0,Running,Chevrolet,13.6,27.0,0,0,0,2,3,6.0
2022,2022-10-09,October Charlotte,Charlotte Motor Speedway (ROVAL),Kevin Harvick,4,2,22,200,4,Running,Ford,25.4,3.0,0,0,2,7,14,8.0
2022,2022-10-09,October Charlotte,Charlotte Motor Speedway (ROVAL),Kyle Busch,18,3,20,200,0,Running,Toyota,29.2,2.0,0,0,1,6,13,15.0
2022,2022-10-09,October Charlotte,Charlotte Motor Speedway (ROVAL),Kyle Larson,5,35,18,200,0,Running,Chevrolet,10.4,9.0,0,0,2,11,16,20.0
2022,2022-10-09,October Charlotte,Charlotte Motor Speedway (ROVAL),Loris Hezemans,27,33,36,200,0,Running,Chevrolet,35.25,15.0,0,0,0,0,0,34.0
2022,2022-10-09,October Charlotte,Charlotte Motor Speedway (ROVAL),Martin Truex Jr,19,17,19,200,0,Running,Toyota,25.8,12.0,0,0,0,4,13,16.0
2022,2022-10-09,October Charlotte,Charlotte Motor Speedway (ROVAL),Michael McDowell,34,27,11,200,0,Running,Ford,9.4,8.0,0,0,0,2,12,8.0
2022,2022-10-09,October Charlotte,Charlotte Motor Speedway (ROVAL),Mike Rockenfeller,77,29,34,200,0,Running,Chevrolet,30.0,15.0,0,0,0,0,0,33.0
2022,2022-10-09,October Charlotte,Charlotte Motor Speedway (ROVAL),Noah Gragson,48,23,29,200,0,Running,Chevrolet,17.4,24.0,0,0,0,1,1,15.0
2022,2022-10-09,October Charlotte,Charlotte Motor Speedway (ROVAL),Ricky Stenhouse Jr,47,19,25,200,0,Running,Chevrolet,29.4,7.0,0,0,0,1,5,26.0
2022,2022-10-09,October Charlotte,Charlotte Motor Speedway (ROVAL),Ross Chastain,1,37,10,200,3,Running,Chevrolet,10.0,15.0,0,0,2,11,17,24.0
2022,2022-10-09,October Charlotte,Charlotte Motor Speedway (ROVAL),Ryan Blaney,12,26,6,200,0,Running,Ford,11.6,29.0,0,0,0,10,15,19.0
2022,2022-10-09,October Charlotte,Charlotte Motor Speedway (ROVAL),Todd Gilliland,38,30,32,200,0,Running,Ford,20.8,16.0,0,0,0,1,2,28.0
2022,2022-10-09,October Charlotte,Charlotte Motor Speedway (ROVAL),Ty Dillon,42,25,28,200,0,Running,Chevrolet,21.4,13.0,0,0,0,0,1,27.0
2022,2022-10-09,October Charlotte,Charlotte Motor Speedway (ROVAL),Ty Gibbs,23,22,16,200,0,Running,Toyota,28.2,15.0,0,0,0,0,1,16.0
2022,2022-10-09,October Charlotte,Charlotte Motor Speedway (ROVAL),Tyler Reddick,8,8,4,200,21,Running,Toyota,18.4,6.0,0,0,3,10,13,3.0
2022,2022-10-09,October Charlotte,Charlotte Motor Speedway (ROVAL),William Byron,24,16,2,200,0,Running,Chevrolet,7.2,32.0,0,0,2,5,9,15.0
2023,2023-05-29,May Charlotte,Charlotte Motor Speedway,AJ Allmendinger,16,14,27,200,0,Running,Chevrolet,22.2,4.0,0,0,0,0,1,21
2023,2023-05-29,May Charlotte,Charlotte Motor Speedway,Alex Bowman,48,12,31,200,0,Running,Chevrolet,13.0,10.0,0,0,0,3,6,16
2023,2023-05-29,May Charlotte,Charlotte Motor Speedway,Aric Almirola,10,25,23,200,0,Running,Ford,16.8,16.0,0,0,0,0,1,24
2023,2023-05-29,May Charlotte,Charlotte Motor Speedway,Austin Cindric,2,31,21,200,0,Running,Ford,27.0,27.5,0,0,0,0,2,20
2023,2023-05-29,May Charlotte,Charlotte Motor Speedway,Austin Dillon,3,9,33,200,0,Running,Chevrolet,24.4,16.0,0,0,0,1,3,21
2023,2023-05-29,May Charlotte,Charlotte Motor Speedway,BJ McLeod,78,29,34,200,0,Running,Chevrolet,28.4,19.0,0,0,0,0,0,31
2023,2023-05-29,May Charlotte,Charlotte Motor Speedway,Brad Keselowski,6,19,3,200,0,Running,Ford,12.0,22.0,0,0,0,3,6,16
2023,2023-05-29,May Charlotte,Charlotte Motor Speedway,Bubba Wallace,23,4,7,200,0,Running,Toyota,11.6,17.5,0,0,0,3,4,16
2023,2023-05-29,May Charlotte,Charlotte Motor Speedway,Chase Briscoe,14,20,20,200,0,Running,Ford,17.6,6.5,0,0,0,3,4,26
2023,2023-05-29,May Charlotte,Charlotte Motor Speedway,Chase Elliott,9,34,6,200,6,Running,Chevrolet,8.6,26.5,0,0,0,2,4,23
2023,2023-05-29,May Charlotte,Charlotte Motor Speedway,Chris Buescher,17,8,11,200,12,Running,Ford,10.6,16.0,0,0,0,2,5,14
2023,2023-05-29,May Charlotte,Charlotte Motor Speedway,Christopher Bell,20,24,9,200,48,Running,Toyota,16.0,3.0,1,0,1,5,8,12
2023,2023-05-29,May Charlotte,Charlotte Motor Speedway,Corey LaJoie,7,17,25,200,0,Running,Chevrolet,21.6,23.5,0,0,0,1,1,24
2023,2023-05-29,May Charlotte,Charlotte Motor Speedway,Daniel Suarez,99,23,24,200,0,Running,Chevrolet,22.0,30.5,0,0,0,1,4,20
2023,2023-05-29,May Charlotte,Charlotte Motor Speedway,Denny Hamlin,11,35,4,200,20,Running,Toyota,7.4,7.0,1,1,1,3,5,22
2023,2023-05-29,May Charlotte,Charlotte Motor Speedway,Erik Jones,43,32,26,200,0,Running,Chevrolet,19.8,12.5,0,0,0,0,2,29
2023,2023-05-29,May Charlotte,Charlotte Motor Speedway,Harrison Burton,21,18,13,200,0,Running,Ford,24.2,19.5,0,0,0,0,1,23
2023,2023-05-29,May Charlotte,Charlotte Motor Speedway,Jimmie Johnson,84,37,37,200,0,Running,Chevrolet,34.5,15.0,0,0,0,0,0,35
2023,2023-05-29,May Charlotte,Charlotte Motor Speedway,JJ Yeley,15,16,36,200,0,Running,Chevrolet,23.6,32.0,0,0,0,0,0,27
2023,2023-05-29,May Charlotte,Charlotte Motor Speedway,Joey Logano,22,21,17,200,0,Running,Ford,17.4,19.0,0,1,1,3,6,15
2023,2023-05-29,May Charlotte,Charlotte Motor Speedway,Justin Haley,31,15,16,200,0,Running,Chevrolet,19.0,16.0,0,0,0,0,3,17
2023,2023-05-29,May Charlotte,Charlotte Motor Speedway,Kevin Harvick,4,11,2,200,19,Running,Ford,14.6,2.5,0,0,0,4,6,13
2023,2023-05-29,May Charlotte,Charlotte Motor Speedway,Kyle Busch,8,6,5,200,1,Running,Chevrolet,17.0,2.5,0,0,2,3,6,7
2023,2023-05-29,May Charlotte,Charlotte Motor Speedway,Kyle Larson,5,30,12,200,1,Running,Chevrolet,17.6,22.0,0,0,2,5,5,11
2023,2023-05-29,May Charlotte,Charlotte Motor Speedway,Martin Truex Jr,19,3,18,200,0,Running,Toyota,14.0,14.5,0,0,1,2,5,7
2023,2023-05-29,May Charlotte,Charlotte Motor Speedway,Michael McDowell,34,28,30,200,4,Running,Ford,27.0,17.5,0,0,0,0,1,21
2023,2023-05-29,May Charlotte,Charlotte Motor Speedway,Noah Gragson,42,36,28,200,0,Running,Chevrolet,30.2,23.5,0,0,0,0,0,34
2023,2023-05-29,May Charlotte,Charlotte Motor Speedway,Ricky Stenhouse Jr,47,7,10,200,4,Running,Chevrolet,12.8,13.0,0,0,1,2,4,10
2023,2023-05-29,May Charlotte,Charlotte Motor Speedway,Ross Chastain,1,22,14,200,0,Running,Chevrolet,14.2,26.0,0,0,0,5,6,19
2023,2023-05-29,May Charlotte,Charlotte Motor Speedway,Ryan Blaney,12,1,8,200,163,Running,Ford,7.4,27.5,0,0,0,3,7,3
2023,2023-05-29,May Charlotte,Charlotte Motor Speedway,Ryan Preece,41,13,22,200,0,Running,Ford,21.6,37.0,0,0,0,0,0,19
2023,2023-05-29,May Charlotte,Charlotte Motor Speedway,Todd Gilliland,51,33,35,200,0,Running,Ford,19.0,23.0,0,0,0,0,3,34
2023,2023-05-29,May Charlotte,Charlotte Motor Speedway,Ty Dillon,77,27,32,200,0,Running,Chevrolet,26.8,19.0,0,0,0,0,0,32
2023,2023-05-29,May Charlotte,Charlotte Motor Speedway,Ty Gibbs,54,26,19,200,0,Running,Toyota,22.4,22.0,0,0,0,0,4,12
2023,2023-05-29,May Charlotte,Charlotte Motor Speedway,Tyler Reddick,45,5,15,200,28,Running,Toyota,14.6,7.0,0,0,1,4,6,5
2023,2023-05-29,May Charlotte,Charlotte Motor Speedway,William Byron,24,2,1,200,91,Running,Chevrolet,7.6,24.0,0,0,3,6,7,4
2023,2023-05-29,May Charlotte,Charlotte Motor Speedway,Zane Smith,38,10,29,200,3,Running,Chevrolet,26.4,15.0,0,0,0,0,0,21
2023,2023-10-08,October Charlotte,Charlotte Motor Speedway (ROVAL),AJ Allmendinger,16,1,6,200,46,Running,Chevrolet,24.4,9.0,0,0,0,2,5,3.91
2023,2023-10-08,October Charlotte,Charlotte Motor Speedway (ROVAL),Alex Bowman,48,8,16,200,0,Running,Chevrolet,19.2,11.0,0,0,0,4,9,11.33
2023,2023-10-08,October Charlotte,Charlotte Motor Speedway (ROVAL),Andy Lally,15,35,35,200,0,Running,Chevrolet,31.0,15.0,0,0,0,0,0,31.47
2023,2023-10-08,October Charlotte,Charlotte Motor Speedway (ROVAL),Aric Almirola,10,21,21,200,0,Running,Ford,16.8,19.0,0,0,0,1,3,25.46
2023,2023-10-08,October Charlotte,Charlotte Motor Speedway (ROVAL),Austin Cindric,2,25,29,200,0,Running,Ford,25.2,28.67,0,0,0,1,4,19.28
2023,2023-10-08,October Charlotte,Charlotte Motor Speedway (ROVAL),Austin Dillon,3,14,15,200,0,Running,Chevrolet,27.8,13.67,0,0,0,1,6,18.29
2023,2023-10-08,October Charlotte,Charlotte Motor Speedway (ROVAL),Austin Hill,62,27,33,200,0,Running,Chevrolet,24.0,15.0,0,0,0,0,0,30.12
2023,2023-10-08,October Charlotte,Charlotte Motor Speedway (ROVAL),Brad Keselowski,6,18,19,200,0,Running,Ford,12.4,21.0,0,0,0,6,15,18.6
2023,2023-10-08,October Charlotte,Charlotte Motor Speedway (ROVAL),Bubba Wallace,23,16,4,200,0,Running,Toyota,15.8,13.0,0,0,0,5,8,16.7
2023,2023-10-08,October Charlotte,Charlotte Motor Speedway (ROVAL),Chase Briscoe,14,28,30,200,0,Running,Ford,16.8,11.0,0,0,0,3,7,22.42
2023,2023-10-08,October Charlotte,Charlotte Motor Speedway (ROVAL),Chase Elliott,9,9,8,200,15,Running,Chevrolet,7.8,29.0,0,0,0,7,14,11.38
2023,2023-10-08,October Charlotte,Charlotte Motor Speedway (ROVAL),Chris Buescher,17,7,20,200,0,Running,Ford,13.4,13.33,0,0,3,8,14,10.73
2023,2023-10-08,October Charlotte,Charlotte Motor Speedway (ROVAL),Christopher Bell,20,15,2,200,9,Running,Toyota,10.4,10.0,1,0,1,8,16,10.95
2023,2023-10-08,October Charlotte,Charlotte Motor Speedway (ROVAL),Corey LaJoie,7,17,24,200,0,Running,Chevrolet,19.8,21.33,0,0,0,2,3,20.89
2023,2023-10-08,October Charlotte,Charlotte Motor Speedway (ROVAL),Daniel Suarez,99,33,3,200,0,Running,Chevrolet,17.8,28.0,0,0,0,3,10,11.27
2023,2023-10-08,October Charlotte,Charlotte Motor Speedway (ROVAL),Denny Hamlin,11,37,9,200,0,Running,Toyota,7.2,16.33,1,1,3,13,16,21.66
2023,2023-10-08,October Charlotte,Charlotte Motor Speedway (ROVAL),Erik Jones,43,36,23,200,0,Running,Chevrolet,18.6,19.0,0,0,0,1,7,30.9
2023,2023-10-08,October Charlotte,Charlotte Motor Speedway (ROVAL),Harrison Burton,21,24,31,200,0,Running,Ford,29.8,19.0,0,0,0,0,2,27.06
2023,2023-10-08,October Charlotte,Charlotte Motor Speedway (ROVAL),Joey Logano,22,5,7,200,0,Running,Ford,19.2,19.67,0,1,1,9,14,7.94
2023,2023-10-08,October Charlotte,Charlotte Motor Speedway (ROVAL),Josh Bilicki,78,26,28,200,0,Running,Chevrolet,29.6,36.0,0,0,0,0,0,28.81
2023,2023-10-08,October Charlotte,Charlotte Motor Speedway (ROVAL),Justin Haley,31,22,25,200,0,Running,Chevrolet,19.8,15.67,0,0,0,1,6,21.08
2023,2023-10-08,October Charlotte,Charlotte Motor Speedway (ROVAL),Kevin Harvick,4,19,22,200,0,Running,Ford,20.6,5.33,0,0,0,6,13,22.05
2023,2023-10-08,October Charlotte,Charlotte Motor Speedway (ROVAL),Kyle Busch,8,3,5,200,6,Running,Chevrolet,19.4,3.67,0,0,3,8,15,5.13
2023,2023-10-08,October Charlotte,Charlotte Motor Speedway (ROVAL),Kyle Larson,5,13,36,200,0,Running,Chevrolet,10.6,24.67,0,0,3,13,15,16.98
2023,2023-10-08,October Charlotte,Charlotte Motor Speedway (ROVAL),Martin Truex Jr,19,20,11,200,0,Running,Toyota,21.6,10.67,0,0,3,9,15,19.8
2023,2023-10-08,October Charlotte,Charlotte Motor Speedway (ROVAL),Michael McDowell,34,32,13,200,0,Running,Ford,20.0,21.0,0,0,1,2,7,21.83
2023,2023-10-08,October Charlotte,Charlotte Motor Speedway (ROVAL),Mike Rockenfeller,42,29,26,200,0,Running,Chevrolet,25.5,29.0,0,0,0,0,0,31.03
2023,2023-10-08,October Charlotte,Charlotte Motor Speedway (ROVAL),Ricky Stenhouse Jr,47,34,27,200,0,Running,Chevrolet,16.0,11.0,0,0,1,2,9,32.86
2023,2023-10-08,October Charlotte,Charlotte Motor Speedway (ROVAL),Ross Chastain,1,10,12,200,0,Running,Chevrolet,16.0,24.67,0,0,1,8,11,17.39
2023,2023-10-08,October Charlotte,Charlotte Motor Speedway (ROVAL),Ryan Blaney,12,12,17,200,6,Running,Ford,14.4,18.67,1,0,2,5,14,14.75
2023,2023-10-08,October Charlotte,Charlotte Motor Speedway (ROVAL),Ryan Preece,41,11,18,200,0,Running,Ford,17.8,25.0,0,0,0,1,2,16.82
2023,2023-10-08,October Charlotte,Charlotte Motor Speedway (ROVAL),Todd Gilliland,51,23,32,200,0,Running,Ford,22.8,26.33,0,0,0,0,3,23.24
2023,2023-10-08,October Charlotte,Charlotte Motor Speedway (ROVAL),Ty Dillon,77,31,37,200,0,Running,Chevrolet,27.2,21.67,0,0,0,0,0,31.2
2023,2023-10-08,October Charlotte,Charlotte Motor Speedway (ROVAL),Ty Gibbs,54,4,10,200,0,Running,Toyota,21.4,24.0,0,0,0,3,8,5.38
2023,2023-10-08,October Charlotte,Charlotte Motor Speedway (ROVAL),Tyler Reddick,45,6,1,200,27,Running,Toyota,11.8,6.33,0,0,2,9,13,8.02
2023,2023-10-08,October Charlotte,Charlotte Motor Speedway (ROVAL),William Byron,24,2,14,200,0,Running,Chevrolet,6.2,16.67,0,1,6,12,17,7.58
2023,2023-10-08,October Charlotte,Charlotte Motor Speedway (ROVAL),Zane Smith,38,30,34,200,0,Running,Chevrolet,27.8,10.0,0,0,0,0,1,28.7
2024,2024-05-26,May Charlotte,Charlotte Motor Speedway,Alex Bowman,48,9,6,200,0,Running,Chevrolet,13.0,10.0,0,0,0,4,8,7.47
2024,2024-05-26,May Charlotte,Charlotte Motor Speedway,Austin Cindric,2,20,17,200,0,Running,Ford,24.0,27.75,0,0,0,1,1,18.81
2024,2024-05-26,May Charlotte,Charlotte Motor Speedway,Austin Dillon,3,27,27,200,0,Running,Chevrolet,23.6,13.75,0,0,0,0,1,28.61
2024,2024-05-26,May Charlotte,Charlotte Motor Speedway,BJ McLeod,66,37,37,200,0,Running,Chevrolet,31.2,24.0,0,0,0,0,0,38.37
2024,2024-05-26,May Charlotte,Charlotte Motor Speedway,Brad Keselowski,6,2,30,200,1,Running,Ford,9.2,20.25,0,0,1,5,6,10.33
2024,2024-05-26,May Charlotte,Charlotte Motor Speedway,Bubba Wallace,23,11,12,200,0,Running,Toyota,19.8,13.75,0,0,0,3,5,6.47
2024,2024-05-26,May Charlotte,Charlotte Motor Speedway,Carson Hocevar,77,21,20,200,0,Running,Chevrolet,19.8,15.0,0,0,0,0,1,22.45
2024,2024-05-26,May Charlotte,Charlotte Motor Speedway,Chase Briscoe,14,25,18,200,0,Running,Ford,12.6,15.25,0,0,0,1,5,19.22
2024,2024-05-26,May Charlotte,Charlotte Motor Speedway,Chase Elliott,9,7,5,200,2,Running,Chevrolet,7.2,24.0,0,0,1,5,6,9.76
2024,2024-05-26,May Charlotte,Charlotte Motor Speedway,Chris Buescher,17,23,39,200,0,Running,Ford,17.8,11.75,0,0,0,2,6,17.36
2024,2024-05-26,May Charlotte,Charlotte Motor Speedway,Christopher Bell,20,1,3,200,90,Running,Toyota,21.6,11.25,1,0,1,3,6,3.06
2024,2024-05-26,May Charlotte,Charlotte Motor Speedway,Corey LaJoie,7,35,21,200,0,Running,Chevrolet,20.6,20.25,0,0,0,1,1,34.27
2024,2024-05-26,May Charlotte,Charlotte Motor Speedway,Daniel Hemric,31,18,24,200,0,Running,Chevrolet,20.2,15.0,0,0,0,0,2,17.59
2024,2024-05-26,May Charlotte,Charlotte Motor Speedway,Daniel Suarez,99,24,14,200,0,Running,Chevrolet,20.0,29.25,0,0,1,2,2,13.16
2024,2024-05-26,May Charlotte,Charlotte Motor Speedway,Denny Hamlin,11,5,11,200,0,Running,Toyota,15.4,21.5,1,1,3,5,6,7.82
2024,2024-05-26,May Charlotte,Charlotte Motor Speedway,Erik Jones,43,19,34,200,0,Running,Toyota,19.8,23.25,0,0,0,0,1,21.91
2024,2024-05-26,May Charlotte,Charlotte Motor Speedway,Harrison Burton,21,32,32,200,0,Running,Ford,24.4,20.25,0,0,0,0,1,28.47
2024,2024-05-26,May Charlotte,Charlotte Motor Speedway,Jimmie Johnson,84,29,29,200,0,Running,Chevrolet,32.0,37.0,0,0,0,0,0,28.62
2024,2024-05-26,May Charlotte,Charlotte Motor Speedway,JJ Yeley,44,40,40,200,0,Running,Chevrolet,31.6,24.0,0,0,0,0,0,37.33
2024,2024-05-26,May Charlotte,Charlotte Motor Speedway,Joey Logano,22,14,28,200,0,Running,Ford,20.2,16.0,0,1,0,1,3,21.6
2024,2024-05-26,May Charlotte,Charlotte Motor Speedway,John Hunter Nemechek,42,30,26,200,0,Running,Toyota,26.2,15.0,0,0,0,0,2,23.71
2024,2024-05-26,May Charlotte,Charlotte Motor Speedway,Josh Berry,4,10,13,200,7,Running,Ford,16.8,15.0,0,0,0,1,1,11.17
2024,2024-05-26,May Charlotte,Charlotte Motor Speedway,Justin Allgaier,5,13,10,200,0,Running,Chevrolet,33.0,15.0,0,0,0,0,0,25.67
2024,2024-05-26,May Charlotte,Charlotte Motor Speedway,Justin Haley,51,22,22,200,0,Running,Chevrolet,21.6,17.25,0,0,0,0,1,22.05
2024,2024-05-26,May Charlotte,Charlotte Motor Speedway,Kaz Grala,15,34,33,200,0,Running,Chevrolet,26.2,23.0,0,0,0,0,0,35.3
2024,2024-05-26,May Charlotte,Charlotte Motor Speedway,Kyle Busch,8,15,15,200,0,Running,Chevrolet,15.0,3.5,0,0,0,2,5,21.9
2024,2024-05-26,May Charlotte,Charlotte Motor Speedway,Martin Truex Jr,19,12,4,200,8,Running,Toyota,11.4,13.0,0,0,0,4,7,9.11
2024,2024-05-26,May Charlotte,Charlotte Motor Speedway,Michael McDowell,34,16,9,200,6,Running,Ford,24.4,23.75,0,0,0,0,4,12.43
2024,2024-05-26,May Charlotte,Charlotte Motor Speedway,Noah Gragson,10,38,19,200,0,Running,Ford,10.0,27.67,0,0,0,1,5,24.44
2024,2024-05-26,May Charlotte,Charlotte Motor Speedway,Ricky Stenhouse Jr,47,31,23,200,0,Running,Chevrolet,20.2,16.75,0,0,0,1,2,26.93
2024,2024-05-26,May Charlotte,Charlotte Motor Speedway,Ross Chastain,1,8,7,200,10,Running,Chevrolet,17.4,21.0,0,0,0,1,4,9.08
2024,2024-05-26,May Charlotte,Charlotte Motor Speedway,Ryan Blaney,12,39,16,200,0,Running,Ford,21.6,17.0,1,0,0,4,5,23.22
2024,2024-05-26,May Charlotte,Charlotte Motor Speedway,Ryan Preece,41,26,31,200,0,Running,Ford,21.6,20.33,0,0,0,0,1,30.51
2024,2024-05-26,May Charlotte,Charlotte Motor Speedway,Shane van Gisbergen,16,28,36,200,2,Running,Chevrolet,14.75,15.0,0,0,0,0,0,29.64
2024,2024-05-26,May Charlotte,Charlotte Motor Speedway,Todd Gilliland,38,17,35,200,0,Running,Ford,19.8,25.5,0,0,0,0,1,25.81
2024,2024-05-26,May Charlotte,Charlotte Motor Speedway,Ty Dillon,50,36,38,200,0,Running,Chevrolet,24.2,24.0,0,0,0,0,0,36.51
2024,2024-05-26,May Charlotte,Charlotte Motor Speedway,Ty Gibbs,54,6,1,200,74,Running,Toyota,15.8,17.33,0,0,0,4,7,4.46
2024,2024-05-26,May Charlotte,Charlotte Motor Speedway,Tyler Reddick,45,4,8,200,0,Running,Toyota,13.6,6.25,0,1,1,4,7,21.58
2024,2024-05-26,May Charlotte,Charlotte Motor Speedway,William Byron,24,3,2,200,49,Running,Chevrolet,14.4,13.0,0,1,3,4,8,3.65
2024,2024-05-26,May Charlotte,Charlotte Motor Speedway,Zane Smith,71,33,25,200,0,Running,Chevrolet,28.6,20.0,0,0,0,0,0,30.17
2024,2024-10-13,October Charlotte,Charlotte Motor Speedway (ROVAL),AJ Allmendinger,16,6,3,200,14,Running,Chevrolet,30.8,6.33,1,0,0,0,3,6.04
2024,2024-10-13,October Charlotte,Charlotte Motor Speedway (ROVAL),Alex Bowman,48,38,17,200,5,Running,Chevrolet,10.8,9.75,0,0,1,7,15,16.37
2024,2024-10-13,October Charlotte,Charlotte Motor Speedway (ROVAL),Austin Cindric,2,4,5,200,0,Running,Ford,19.8,26.2,0,0,1,2,5,7.17
2024,2024-10-13,October Charlotte,Charlotte Motor Speedway (ROVAL),Austin Dillon,3,32,22,200,0,Running,Chevrolet,17.8,16.4,0,0,1,1,4,24.45
2024,2024-10-13,October Charlotte,Charlotte Motor Speedway (ROVAL),Brad Keselowski,6,23,8,200,0,Running,Ford,19.0,16.6,0,0,1,9,13,15.68
2024,2024-10-13,October Charlotte,Charlotte Motor Speedway (ROVAL),Bubba Wallace,23,9,9,200,0,Running,Toyota,15.0,13.2,0,0,0,6,12,9.46
2024,2024-10-13,October Charlotte,Charlotte Motor Speedway (ROVAL),Carson Hocevar,77,12,20,200,0,Running,Chevrolet,16.6,21.0,0,0,0,1,5,14.28
2024,2024-10-13,October Charlotte,Charlotte Motor Speedway (ROVAL),Chase Briscoe,14,36,25,200,0,Running,Ford,21.2,17.2,0,0,1,3,9,32.4
2024,2024-10-13,October Charlotte,Charlotte Motor Speedway (ROVAL),Chase Elliott,9,5,7,200,0,Running,Chevrolet,13.4,20.6,0,0,1,8,15,11.43
2024,2024-10-13,October Charlotte,Charlotte Motor Speedway (ROVAL),Chris Buescher,17,17,29,200,0,Running,Ford,15.8,14.0,0,0,1,6,13,21.32
2024,2024-10-13,October Charlotte,Charlotte Motor Speedway (ROVAL),Christopher Bell,20,2,12,200,1,Running,Toyota,7.2,9.2,2,0,3,11,19,5.36
2024,2024-10-13,October Charlotte,Charlotte Motor Speedway (ROVAL),Corey LaJoie,51,37,28,200,0,Running,Chevrolet,18.4,23.2,0,0,0,1,3,37.71
2024,2024-10-13,October Charlotte,Charlotte Motor Speedway (ROVAL),Daniel Hemric,31,24,27,200,0,Running,Chevrolet,23.8,18.0,0,0,0,0,4,23.18
2024,2024-10-13,October Charlotte,Charlotte Motor Speedway (ROVAL),Daniel Suarez,99,30,13,200,0,Running,Chevrolet,17.0,28.2,0,0,1,3,7,21.8
2024,2024-10-13,October Charlotte,Charlotte Motor Speedway (ROVAL),Denny Hamlin,11,14,18,200,0,Running,Toyota,13.8,18.2,1,1,3,10,15,16.04
2024,2024-10-13,October Charlotte,Charlotte Motor Speedway (ROVAL),Erik Jones,43,33,37,200,0,Running,Toyota,25.8,22.4,0,0,0,1,2,31.76
2024,2024-10-13,October Charlotte,Charlotte Motor Speedway (ROVAL),Harrison Burton,21,20,26,200,0,Running,Ford,29.4,22.6,0,0,1,1,2,25.28
2024,2024-10-13,October Charlotte,Charlotte Motor Speedway (ROVAL),Joey Logano,22,8,4,200,0,Running,Ford,18.2,15.6,0,1,2,5,9,7.6
2024,2024-10-13,October Charlotte,Charlotte Motor Speedway (ROVAL),John Hunter Nemechek,42,34,35,200,0,Running,Toyota,29.6,30.0,0,0,0,0,3,33.14
2024,2024-10-13,October Charlotte,Charlotte Motor Speedway (ROVAL),Josh Berry,4,22,36,200,0,Running,Ford,31.2,10.0,0,0,0,2,4,25.28
2024,2024-10-13,October Charlotte,Charlotte Motor Speedway (ROVAL),Josh Bilicki,66,29,38,200,0,Running,Chevrolet,30.0,31.0,0,0,0,0,0,32.02
2024,2024-10-13,October Charlotte,Charlotte Motor Speedway (ROVAL),Justin Haley,7,26,33,200,0,Running,Chevrolet,20.6,18.2,0,0,0,0,3,26.33
2024,2024-10-13,October Charlotte,Charlotte Motor Speedway (ROVAL),Kaz Grala,15,27,31,200,0,Running,Chevrolet,32.6,28.5,0,0,0,0,0,29.27
2024,2024-10-13,October Charlotte,Charlotte Motor Speedway (ROVAL),Kyle Busch,8,13,11,200,0,Running,Chevrolet,20.0,5.8,0,0,0,5,10,14.57
2024,2024-10-13,October Charlotte,Charlotte Motor Speedway (ROVAL),Kyle Larson,5,1,6,200,62,Running,Chevrolet,16.0,21.75,0,0,5,12,15,2.24
2024,2024-10-13,October Charlotte,Charlotte Motor Speedway (ROVAL),Martin Truex Jr,19,21,30,200,0,Running,Toyota,18.6,12.8,0,0,0,5,10,19.59
2024,2024-10-13,October Charlotte,Charlotte Motor Speedway (ROVAL),Michael McDowell,34,15,21,200,0,Running,Ford,21.2,22.2,0,0,0,2,7,14.16
2024,2024-10-13,October Charlotte,Charlotte Motor Speedway (ROVAL),Noah Gragson,10,31,32,200,0,Running,Ford,20.0,30.25,0,0,0,1,7,29.37
2024,2024-10-13,October Charlotte,Charlotte Motor Speedway (ROVAL),Ricky Stenhouse Jr,47,16,24,200,0,Running,Chevrolet,21.4,19.6,0,0,1,3,6,18.48
2024,2024-10-13,October Charlotte,Charlotte Motor Speedway (ROVAL),Ross Chastain,1,28,16,200,0,Running,Chevrolet,13.6,18.4,0,0,1,6,12,24.38
2024,2024-10-13,October Charlotte,Charlotte Motor Speedway (ROVAL),Ryan Blaney,12,10,14,200,0,Running,Ford,18.0,21.4,1,0,2,9,14,12.95
2024,2024-10-13,October Charlotte,Charlotte Motor Speedway (ROVAL),Ryan Preece,41,25,34,200,0,Running,Ford,17.0,21.75,0,0,0,1,4,30.45
2024,2024-10-13,October Charlotte,Charlotte Motor Speedway (ROVAL),Shane van Gisbergen,13,7,1,200,21,Running,Chevrolet,22.0,28.0,0,0,0,1,1,7.63
2024,2024-10-13,October Charlotte,Charlotte Motor Speedway (ROVAL),Todd Gilliland,38,18,15,200,0,Running,Ford,25.0,23.8,0,0,0,0,4,19.07
2024,2024-10-13,October Charlotte,Charlotte Motor Speedway (ROVAL),Ty Gibbs,54,35,19,200,0,Running,Toyota,14.4,14.5,0,1,0,8,12,28.01
2024,2024-10-13,October Charlotte,Charlotte Motor Speedway (ROVAL),Tyler Reddick,45,11,2,200,6,Running,Toyota,19.6,5.8,0,1,2,11,19,18.44
2024,2024-10-13,October Charlotte,Charlotte Motor Speedway (ROVAL),William Byron,24,3,10,200,0,Running,Chevrolet,13.0,11.0,0,1,3,10,16,7.57
2024,2024-10-13,October Charlotte,Charlotte Motor Speedway (ROVAL),Zane Smith,71,19,23,200,0,Running,Chevrolet,14.6,24.33,0,0,0,2,4,20.75
2025,2025-05-25,May Charlotte,Charlotte Motor Speedway,AJ Allmendinger,16,4,5,200,0,Running,Chevrolet,25.0,6.25,1,0,0,0,3,6.7
2025,2025-05-25,May Charlotte,Charlotte Motor Speedway,Alex Bowman,48,29,9,200,0,Running,Chevrolet,23.8,15.4,0,0,0,2,7,27.7
2025,2025-05-25,May Charlotte,Charlotte Motor Speedway,Austin Cindric,2,31,14,200,0,Running,Ford,13.0,22.5,0,0,1,1,3,25.0
2025,2025-05-25,May Charlotte,Charlotte Motor Speedway,Austin Dillon,3,20,26,200,0,Running,Chevrolet,14.4,19.0,0,0,0,0,3,20.4
2025,2025-05-25,May Charlotte,Charlotte Motor Speedway,Brad Keselowski,6,5,35,200,5,Running,Ford,30.0,17.67,0,0,0,0,0,19.8
2025,2025-05-25,May Charlotte,Charlotte Motor Speedway,Bubba Wallace,23,35,32,200,0,Running,Toyota,22.8,12.5,0,0,0,2,4,28.2
2025,2025-05-25,May Charlotte,Charlotte Motor Speedway,Carson Hocevar,77,34,39,200,2,Running,Chevrolet,19.8,16.5,0,0,0,1,2,14.9
2025,2025-05-25,May Charlotte,Charlotte Motor Speedway,Chase Briscoe,19,3,1,200,1,Running,Toyota,15.6,20.33,0,0,0,4,5,13.8
2025,2025-05-25,May Charlotte,Charlotte Motor Speedway,Chase Elliott,9,6,22,200,2,Running,Chevrolet,11.8,18.0,0,0,0,3,6,9.8
2025,2025-05-25,May Charlotte,Charlotte Motor Speedway,Chris Buescher,17,22,4,200,0,Running,Ford,18.2,14.5,0,0,0,1,6,13.4
2025,2025-05-25,May Charlotte,Charlotte Motor Speedway,Christopher Bell,20,8,10,200,5,Running,Toyota,11.4,8.0,2,0,3,6,8,8.4
2025,2025-05-25,May Charlotte,Charlotte Motor Speedway,Cody Ware,51,25,36,200,0,Running,Ford,30.8,18.0,0,0,0,0,0,31.5
2025,2025-05-25,May Charlotte,Charlotte Motor Speedway,Cole Custer,41,21,29,200,0,Running,Ford,21.6,22.5,0,0,0,0,0,28.8
2025,2025-05-25,May Charlotte,Charlotte Motor Speedway,Connor Zilisch,87,23,33,200,0,Running,Chevrolet,37.0,15.0,0,0,0,0,0,30.3
2025,2025-05-25,May Charlotte,Charlotte Motor Speedway,Daniel Suarez,99,36,25,200,0,Running,Chevrolet,20.2,28.5,0,0,0,1,3,28.1
2025,2025-05-25,May Charlotte,Charlotte Motor Speedway,Denny Hamlin,11,16,20,200,53,Running,Toyota,19.6,17.5,1,1,2,5,6,5.0
2025,2025-05-25,May Charlotte,Charlotte Motor Speedway,Derek Kraus,44,32,37,200,0,Running,Chevrolet,30.0,15.0,0,0,0,0,0,36.4
2025,2025-05-25,May Charlotte,Charlotte Motor Speedway,Erik Jones,43,13,27,200,0,Running,Toyota,19.6,24.17,0,0,0,1,1,13.8
2025,2025-05-25,May Charlotte,Charlotte Motor Speedway,Jimmie Johnson,84,40,17,200,0,Running,Chevrolet,25.2,33.0,0,0,0,1,1,37.6
2025,2025-05-25,May Charlotte,Charlotte Motor Speedway,Joey Logano,22,17,16,200,0,Running,Ford,17.2,14.33,0,1,1,1,3,23.8
2025,2025-05-25,May Charlotte,Charlotte Motor Speedway,John Hunter Nemechek,42,27,6,200,0,Running,Toyota,19.8,32.0,0,0,0,1,4,11.9
2025,2025-05-25,May Charlotte,Charlotte Motor Speedway,Josh Berry,21,12,18,200,0,Running,Ford,22.4,16.0,0,0,1,2,3,24.1
2025,2025-05-25,May Charlotte,Charlotte Motor Speedway,Josh Bilicki,66,33,38,200,0,Running,Chevrolet,33.4,30.33,0,0,0,0,0,37.4
2025,2025-05-25,May Charlotte,Charlotte Motor Speedway,Justin Haley,7,30,13,200,0,Running,Chevrolet,21.6,19.5,0,0,0,0,1,21.9
2025,2025-05-25,May Charlotte,Charlotte Motor Speedway,Kyle Busch,8,15,24,200,0,Running,Chevrolet,18.4,7.0,0,0,0,1,4,19.0
2025,2025-05-25,May Charlotte,Charlotte Motor Speedway,Kyle Larson,5,37,2,200,34,Running,Chevrolet,9.0,17.6,1,0,3,8,9,28.2
2025,2025-05-25,May Charlotte,Charlotte Motor Speedway,Michael McDowell,71,7,15,200,0,Running,Chevrolet,23.8,21.0,0,0,0,0,0,15.7
2025,2025-05-25,May Charlotte,Charlotte Motor Speedway,Noah Gragson,4,10,8,200,0,Running,Ford,18.8,30.4,0,0,0,1,2,9.8
2025,2025-05-25,May Charlotte,Charlotte Motor Speedway,Ricky Stenhouse Jr,47,11,11,200,0,Running,Chevrolet,16.8,19.0,0,0,0,1,2,19.9
2025,2025-05-25,May Charlotte,Charlotte Motor Speedway,Riley Herbst,35,28,31,200,0,Running,Toyota,25.0,15.0,0,0,0,0,0,33.1
2025,2025-05-25,May Charlotte,Charlotte Motor Speedway,Ross Chastain,1,1,40,200,8,Running,Chevrolet,10.8,20.0,0,0,0,2,6,12.8
2025,2025-05-25,May Charlotte,Charlotte Motor Speedway,Ryan Blaney,12,38,21,200,0,Running,Ford,10.6,19.5,1,0,0,5,6,28.1
2025,2025-05-25,May Charlotte,Charlotte Motor Speedway,Ryan Preece,60,9,28,200,0,Running,Ford,24.0,22.4,0,0,0,1,4,14.6
2025,2025-05-25,May Charlotte,Charlotte Motor Speedway,Shane van Gisbergen,88,14,30,200,0,Running,Chevrolet,25.8,17.5,0,1,0,0,1,20.4
2025,2025-05-25,May Charlotte,Charlotte Motor Speedway,Todd Gilliland,34,18,34,200,0,Running,Ford,17.6,22.83,0,0,0,0,2,23.3
2025,2025-05-25,May Charlotte,Charlotte Motor Speedway,Ty Dillon,10,19,19,200,0,Running,Chevrolet,23.6,26.4,0,0,0,0,0,26.3
2025,2025-05-25,May Charlotte,Charlotte Motor Speedway,Ty Gibbs,54,24,7,200,6,Running,Toyota,16.0,18.6,0,1,0,1,2,16.9
2025,2025-05-25,May Charlotte,Charlotte Motor Speedway,Tyler Reddick,45,26,12,200,1,Running,Toyota,14.8,6.67,0,1,0,3,4,6.1
2025,2025-05-25,May Charlotte,Charlotte Motor Speedway,William Byron,24,2,3,200,283,Running,Chevrolet,9.6,9.67,0,1,1,5,7,1.8
2025,2025-05-25,May Charlotte,Charlotte Motor Speedway,Zane Smith,38,39,23,200,0,Running,Chevrolet,18.2,23.0,0,0,0,0,1,25.6
2025,2025-10-05,October Charlotte,Charlotte Motor Speedway (ROVAL),AJ Allmendinger,16,9,9,200,13,Running,Chevrolet,24.0,5.8,1,0,0,2,6,8.17
2025,2025-10-05,October Charlotte,Charlotte Motor Speedway (ROVAL),Alex Bowman,48,18,25,200,0,Running,Chevrolet,21.6,17.67,0,0,0,6,15,19.54
2025,2025-10-05,October Charlotte,Charlotte Motor Speedway (ROVAL),Austin Cindric,2,37,19,200,0,Running,Ford,21.6,23.71,0,0,1,2,5,34.06
2025,2025-10-05,October Charlotte,Charlotte Motor Speedway (ROVAL),Austin Dillon,3,32,36,200,0,Running,Chevrolet,21.8,19.14,0,0,1,1,5,28.35
2025,2025-10-05,October Charlotte,Charlotte Motor Speedway (ROVAL),Brad Keselowski,6,36,22,200,0,Running,Ford,13.0,15.86,0,0,0,5,10,21.04
2025,2025-10-05,October Charlotte,Charlotte Motor Speedway (ROVAL),Bubba Wallace,23,15,12,200,0,Running,Toyota,15.8,15.71,0,0,1,5,13,16.21
2025,2025-10-05,October Charlotte,Charlotte Motor Speedway (ROVAL),Carson Hocevar,77,29,27,200,0,Running,Chevrolet,14.2,22.33,0,0,0,2,8,29.66
2025,2025-10-05,October Charlotte,Charlotte Motor Speedway (ROVAL),Chase Briscoe,19,14,8,200,0,Running,Toyota,5.2,17.86,0,1,2,13,17,14.18
2025,2025-10-05,October Charlotte,Charlotte Motor Speedway (ROVAL),Chase Elliott,9,8,15,200,0,Running,Chevrolet,12.8,16.29,0,0,2,10,16,12.8
2025,2025-10-05,October Charlotte,Charlotte Motor Speedway (ROVAL),Chris Buescher,17,4,5,200,5,Running,Ford,12.6,15.57,0,0,0,4,15,6.29
2025,2025-10-05,October Charlotte,Charlotte Motor Speedway (ROVAL),Christopher Bell,20,3,7,200,0,Running,Toyota,9.2,8.0,2,0,4,11,18,5.1
2025,2025-10-05,October Charlotte,Charlotte Motor Speedway (ROVAL),Cody Ware,51,34,32,200,0,Running,Ford,32.6,21.5,0,0,0,0,0,31.55
2025,2025-10-05,October Charlotte,Charlotte Motor Speedway (ROVAL),Cole Custer,41,22,18,200,0,Running,Ford,25.6,22.0,0,0,0,1,2,23.04
2025,2025-10-05,October Charlotte,Charlotte Motor Speedway (ROVAL),Daniel Suarez,99,7,20,200,0,Running,Chevrolet,30.0,29.57,0,0,0,2,6,9.55
2025,2025-10-05,October Charlotte,Charlotte Motor Speedway (ROVAL),Denny Hamlin,11,23,14,200,0,Running,Toyota,10.6,17.29,1,1,5,13,16,17.43
2025,2025-10-05,October Charlotte,Charlotte Motor Speedway (ROVAL),Erik Jones,43,31,37,200,0,Running,Toyota,17.6,22.57,0,0,0,4,5,26.95
2025,2025-10-05,October Charlotte,Charlotte Motor Speedway (ROVAL),Joey Logano,22,20,17,200,0,Running,Ford,11.0,14.71,0,1,1,6,10,17.48
2025,2025-10-05,October Charlotte,Charlotte Motor Speedway (ROVAL),John Hunter Nemechek,42,26,35,200,0,Running,Toyota,18.0,30.33,0,0,0,2,8,26.55
2025,2025-10-05,October Charlotte,Charlotte Motor Speedway (ROVAL),Josh Berry,21,16,33,200,0,Running,Ford,29.6,14.67,0,0,1,3,6,23.42
2025,2025-10-05,October Charlotte,Charlotte Motor Speedway (ROVAL),Josh Bilicki,66,33,34,200,0,Running,Chevrolet,32.8,31.0,0,0,0,0,0,33.3
2025,2025-10-05,October Charlotte,Charlotte Motor Speedway (ROVAL),Justin Haley,7,25,21,200,0,Running,Chevrolet,23.8,21.0,0,0,0,1,2,17.77
2025,2025-10-05,October Charlotte,Charlotte Motor Speedway (ROVAL),Kyle Busch,8,35,28,200,0,Running,Chevrolet,19.0,8.14,0,0,0,2,8,36.28
2025,2025-10-05,October Charlotte,Charlotte Motor Speedway (ROVAL),Kyle Larson,5,2,4,200,27,Running,Chevrolet,15.2,20.83,1,0,3,11,18,3.05
2025,2025-10-05,October Charlotte,Charlotte Motor Speedway (ROVAL),Michael McDowell,71,5,6,200,0,Running,Chevrolet,17.2,19.0,0,0,0,2,4,7.78
2025,2025-10-05,October Charlotte,Charlotte Motor Speedway (ROVAL),Noah Gragson,4,28,30,200,0,Running,Ford,21.2,27.0,0,0,0,1,3,28.35
2025,2025-10-05,October Charlotte,Charlotte Motor Speedway (ROVAL),Ricky Stenhouse Jr,47,19,26,200,0,Running,Chevrolet,26.4,17.86,0,0,0,1,3,22.25
2025,2025-10-05,October Charlotte,Charlotte Motor Speedway (ROVAL),Riley Herbst,35,30,23,200,0,Running,Toyota,24.2,28.0,0,0,0,0,0,28.43
2025,2025-10-05,October Charlotte,Charlotte Motor Speedway (ROVAL),Ross Chastain,1,21,10,200,0,Running,Chevrolet,14.8,17.29,1,0,1,3,11,13.28
2025,2025-10-05,October Charlotte,Charlotte Motor Speedway (ROVAL),Ryan Blaney,12,13,11,200,4,Running,Ford,10.2,22.14,1,0,3,13,17,13.44
2025,2025-10-05,October Charlotte,Charlotte Motor Speedway (ROVAL),Ryan Preece,60,6,29,200,0,Running,Ford,18.0,20.17,0,0,0,3,10,11.94
2025,2025-10-05,October Charlotte,Charlotte Motor Speedway (ROVAL),Shane van Gisbergen,88,1,2,200,57,Running,Chevrolet,25.0,16.33,0,1,4,4,6,2.27
2025,2025-10-05,October Charlotte,Charlotte Motor Speedway (ROVAL),Todd Gilliland,34,17,31,200,0,Running,Ford,22.6,22.14,0,0,0,0,3,24.4
2025,2025-10-05,October Charlotte,Charlotte Motor Speedway (ROVAL),Ty Dillon,10,27,16,200,0,Running,Chevrolet,27.4,25.17,0,0,0,0,1,23.11
2025,2025-10-05,October Charlotte,Charlotte Motor Speedway (ROVAL),Ty Gibbs,54,12,3,200,0,Running,Toyota,20.4,19.5,0,1,0,4,9,15.45
2025,2025-10-05,October Charlotte,Charlotte Motor Speedway (ROVAL),Tyler Reddick,45,10,1,200,3,Running,Toyota,12.2,9.43,0,1,0,6,11,10.39
2025,2025-10-05,October Charlotte,Charlotte Motor Speedway (ROVAL),William Byron,24,11,13,200,0,Running,Chevrolet,11.2,8.57,0,1,2,10,15,15.28
2025,2025-10-05,October Charlotte,Charlotte Motor Speedway (ROVAL),Zane Smith,38,24,24,200,0,Running,Chevrolet,21.4,26.2,0,0,0,1,4,24.83
2023,2023-07-02,July Chicago,Chicago Street Course,AJ Allmendinger,16,17,10,200,0,Running,Chevrolet,13.4,18.3,0,0,0,0,3,12.7
2023,2023-07-02,July Chicago,Chicago Street Course,Alex Bowman,48,37,13,200,0,Running,Chevrolet,16.8,16.31,0,0,0,3,6,25.9
2023,2023-07-02,July Chicago,Chicago Street Course,Andy Lally,51,26,30,200,0,Running,Chevrolet,37.0,39.0,0,0,0,0,0,24.9
2023,2023-07-02,July Chicago,Chicago Street Course,Aric Almirola,10,12,24,200,0,Running,Ford,23.6,21.0,0,0,0,0,1,24.0
2023,2023-07-02,July Chicago,Chicago Street Course,Austin Cindric,2,6,31,200,0,Running,Ford,23.0,13.69,0,1,0,0,2,17.6
2023,2023-07-02,July Chicago,Chicago Street Course,Austin Dillon,3,36,29,200,0,Running,Chevrolet,21.4,20.38,0,0,0,1,4,22.5
2023,2023-07-02,July Chicago,Chicago Street Course,Brad Keselowski,6,24,20,200,0,Running,Ford,15.6,19.62,0,0,0,3,6,28.5
2023,2023-07-02,July Chicago,Chicago Street Course,Bubba Wallace,23,31,14,200,0,Running,Toyota,14.2,25.46,0,0,0,4,5,25.7
2023,2023-07-02,July Chicago,Chicago Street Course,Chase Briscoe,14,20,16,200,0,Running,Ford,26.2,22.92,0,2,0,3,4,17.5
2023,2023-07-02,July Chicago,Chicago Street Course,Chase Elliott,9,3,26,200,0,Running,Chevrolet,10.6,7.1,2,3,0,4,6,16.7
2023,2023-07-02,July Chicago,Chicago Street Course,Chris Buescher,17,10,15,200,0,Running,Ford,10.4,18.92,0,0,0,3,7,13.1
2023,2023-07-02,July Chicago,Chicago Street Course,Christopher Bell,20,18,4,200,37,Running,Toyota,13.0,16.0,0,1,1,5,10,9.2
2023,2023-07-02,July Chicago,Chicago Street Course,Corey LaJoie,7,14,19,200,0,Running,Chevrolet,20.4,21.31,0,0,0,1,1,20.7
2023,2023-07-02,July Chicago,Chicago Street Course,Daniel Suarez,99,27,5,200,0,Running,Chevrolet,19.6,12.69,0,0,0,1,5,13.0
2023,2023-07-02,July Chicago,Chicago Street Course,Denny Hamlin,11,11,1,200,0,Running,Toyota,17.6,15.15,0,1,1,5,7,14.0
2023,2023-07-02,July Chicago,Chicago Street Course,Erik Jones,43,16,21,200,0,Running,Chevrolet,23.0,12.31,0,0,0,0,3,22.2
2023,2023-07-02,July Chicago,Chicago Street Course,Harrison Burton,21,30,32,200,0,Running,Ford,19.0,23.08,0,0,0,0,1,28.4
2023,2023-07-02,July Chicago,Chicago Street Course,Jenson Button,15,21,8,200,0,Running,Ford,18.0,18.0,0,0,0,0,0,19.2
2023,2023-07-02,July Chicago,Chicago Street Course,Joey Logano,22,8,9,200,0,Running,Ford,12.8,13.23,2,1,1,5,8,11.8
2023,2023-07-02,July Chicago,Chicago Street Course,Josh Bilicki,78,23,27,200,0,Running,Chevrolet,28.8,28.12,0,0,0,0,0,21.5
2023,2023-07-02,July Chicago,Chicago Street Course,Justin Haley,31,2,37,200,23,Running,Chevrolet,16.6,18.15,0,0,0,0,3,17.0
2023,2023-07-02,July Chicago,Chicago Street Course,Kevin Harvick,4,29,35,200,0,Running,Ford,11.6,15.46,0,0,0,4,7,26.0
2023,2023-07-02,July Chicago,Chicago Street Course,Kyle Busch,8,5,18,200,0,Running,Chevrolet,5.0,15.54,2,1,3,5,10,20.5
2023,2023-07-02,July Chicago,Chicago Street Course,Kyle Larson,5,4,7,200,0,Running,Chevrolet,13.4,13.54,2,0,2,7,8,6.7
2023,2023-07-02,July Chicago,Chicago Street Course,Martin Truex Jr,19,32,11,200,0,Running,Toyota,8.4,12.08,0,0,2,6,9,15.7
2023,2023-07-02,July Chicago,Chicago Street Course,Michael McDowell,34,7,6,200,0,Running,Ford,21.0,16.62,0,0,0,0,3,8.3
2023,2023-07-02,July Chicago,Chicago Street Course,Noah Gragson,42,25,23,200,0,Running,Chevrolet,30.0,26.29,0,0,0,0,0,33.3
2023,2023-07-02,July Chicago,Chicago Street Course,Ricky Stenhouse Jr,47,34,36,200,0,Running,Chevrolet,17.2,21.62,0,0,1,2,5,27.4
2023,2023-07-02,July Chicago,Chicago Street Course,Ross Chastain,1,22,34,200,0,Running,Chevrolet,16.8,8.85,2,1,1,6,8,19.4
2023,2023-07-02,July Chicago,Chicago Street Course,Ryan Blaney,12,33,17,200,0,Running,Ford,16.6,14.15,0,1,1,4,9,32.4
2023,2023-07-02,July Chicago,Chicago Street Course,Ryan Preece,41,15,28,200,0,Running,Ford,14.8,25.2,0,0,0,0,0,16.6
2023,2023-07-02,July Chicago,Chicago Street Course,Shane van Gisbergen,91,1,3,200,9,Running,Chevrolet,15.0,15.0,0,0,0,0,0,4.9
2023,2023-07-02,July Chicago,Chicago Street Course,Todd Gilliland,38,19,25,200,0,Running,Ford,23.6,21.62,0,0,0,0,3,22.8
2023,2023-07-02,July Chicago,Chicago Street Course,Ty Dillon,77,35,33,200,0,Running,Chevrolet,26.8,26.54,0,0,0,0,0,25.5
2023,2023-07-02,July Chicago,Chicago Street Course,Ty Gibbs,54,9,12,200,1,Running,Toyota,18.8,15.67,0,0,0,0,4,8.6
2023,2023-07-02,July Chicago,Chicago Street Course,Tyler Reddick,45,28,2,200,8,Running,Toyota,25.0,17.92,2,0,1,5,7,11.1
2023,2023-07-02,July Chicago,Chicago Street Course,William Byron,24,13,22,200,0,Running,Chevrolet,6.2,18.85,1,1,3,7,10,17.9
2024,2024-07-07,July Chicago,Chicago Street Course,AJ Allmendinger,13,38,37,200,0,Running,Chevrolet,14.4,16.25,0,0,0,0,3,18.6
2024,2024-07-07,July Chicago,Chicago Street Course,Alex Bowman,48,1,8,200,8,Running,Chevrolet,20.2,18.05,0,0,0,4,10,6.3
2024,2024-07-07,July Chicago,Chicago Street Course,Austin Cindric,2,15,21,200,0,Running,Ford,17.4,13.33,1,1,1,2,2,29.0
2024,2024-07-07,July Chicago,Chicago Street Course,Austin Dillon,3,19,15,200,0,Running,Chevrolet,25.2,21.76,0,0,0,0,2,24.4
2024,2024-07-07,July Chicago,Chicago Street Course,Austin Hill,33,31,34,200,0,Running,Chevrolet,28.0,37.0,0,0,0,0,0,22.9
2024,2024-07-07,July Chicago,Chicago Street Course,Brad Keselowski,6,18,10,200,0,Running,Ford,15.8,19.24,0,0,1,7,9,17.0
2024,2024-07-07,July Chicago,Chicago Street Course,Bubba Wallace,23,13,6,200,0,Running,Toyota,19.8,22.1,0,0,0,3,6,20.8
2024,2024-07-07,July Chicago,Chicago Street Course,Carson Hocevar,77,24,13,200,0,Running,Chevrolet,14.4,19.17,0,0,0,0,2,16.0
2024,2024-07-07,July Chicago,Chicago Street Course,Chase Briscoe,14,32,22,200,0,Running,Ford,20.4,23.1,0,2,0,2,6,19.4
2024,2024-07-07,July Chicago,Chicago Street Course,Chase Elliott,9,21,18,200,0,Running,Chevrolet,11.2,10.22,2,3,1,7,9,15.1
2024,2024-07-07,July Chicago,Chicago Street Course,Chris Buescher,17,20,16,200,0,Running,Ford,9.0,15.65,0,0,0,5,9,22.2
2024,2024-07-07,July Chicago,Chicago Street Course,Christopher Bell,20,37,7,200,14,Running,Toyota,11.4,15.95,0,1,3,6,11,6.5
2024,2024-07-07,July Chicago,Chicago Street Course,Corey LaJoie,7,27,20,200,0,Running,Chevrolet,21.4,21.52,0,0,0,1,1,33.1
2024,2024-07-07,July Chicago,Chicago Street Course,Daniel Hemric,31,12,35,200,0,Running,Chevrolet,23.0,20.0,0,0,0,0,3,19.9
2024,2024-07-07,July Chicago,Chicago Street Course,Daniel Suarez,99,11,9,200,0,Running,Chevrolet,17.8,14.38,1,0,1,2,3,21.4
2024,2024-07-07,July Chicago,Chicago Street Course,Denny Hamlin,11,30,11,200,0,Running,Toyota,20.0,14.24,0,4,3,7,8,22.3
2024,2024-07-07,July Chicago,Chicago Street Course,Erik Jones,43,29,25,200,0,Running,Toyota,24.8,17.38,0,0,0,0,1,34.8
2024,2024-07-07,July Chicago,Chicago Street Course,Harrison Burton,21,25,31,200,0,Running,Ford,23.6,24.33,0,0,0,0,1,29.7
2024,2024-07-07,July Chicago,Chicago Street Course,Joey Hand,60,4,38,200,7,Running,Ford,27.8,29.0,0,0,0,0,0,12.8
2024,2024-07-07,July Chicago,Chicago Street Course,Joey Logano,22,23,32,200,0,Running,Ford,13.0,12.29,3,1,1,3,6,32.9
2024,2024-07-07,July Chicago,Chicago Street Course,John Hunter Nemechek,42,35,12,200,0,Running,Toyota,24.2,25.2,0,0,0,0,3,11.8
2024,2024-07-07,July Chicago,Chicago Street Course,Josh Berry,4,36,36,200,0,Running,Ford,20.8,25.17,0,0,0,2,4,32.0
2024,2024-07-07,July Chicago,Chicago Street Course,Josh Bilicki,66,28,39,200,0,Running,Chevrolet,30.4,27.5,0,0,0,0,0,28.7
2024,2024-07-07,July Chicago,Chicago Street Course,Justin Haley,51,16,23,200,0,Running,Chevrolet,19.4,17.33,0,0,0,0,2,19.6
2024,2024-07-07,July Chicago,Chicago Street Course,Kaz Grala,15,26,40,200,0,Running,Chevrolet,26.0,24.75,0,0,0,0,0,20.9
2024,2024-07-07,July Chicago,Chicago Street Course,Kyle Busch,8,9,19,200,0,Running,Chevrolet,28.8,15.95,2,1,0,2,5,15.6
2024,2024-07-07,July Chicago,Chicago Street Course,Kyle Larson,5,39,1,200,0,Running,Chevrolet,11.4,16.33,2,1,3,8,10,19.0
2024,2024-07-07,July Chicago,Chicago Street Course,Martin Truex Jr,19,33,24,200,0,Running,Toyota,21.8,15.19,0,0,0,4,8,20.6
2024,2024-07-07,July Chicago,Chicago Street Course,Michael McDowell,34,5,3,200,0,Running,Ford,20.0,18.67,0,2,0,1,5,26.0
2024,2024-07-07,July Chicago,Chicago Street Course,Noah Gragson,10,14,28,200,0,Running,Ford,20.2,25.71,0,0,0,1,6,20.9
2024,2024-07-07,July Chicago,Chicago Street Course,Ricky Stenhouse Jr,47,6,33,200,0,Running,Chevrolet,17.2,20.33,0,0,0,2,4,17.6
2024,2024-07-07,July Chicago,Chicago Street Course,Ross Chastain,1,22,14,200,0,Running,Chevrolet,14.2,12.38,2,1,0,2,7,15.6
2024,2024-07-07,July Chicago,Chicago Street Course,Ryan Blaney,12,10,17,200,0,Running,Ford,12.6,13.33,1,1,1,5,8,26.5
2024,2024-07-07,July Chicago,Chicago Street Course,Ryan Preece,41,34,29,200,0,Running,Ford,17.8,21.62,0,0,0,1,2,28.1
2024,2024-07-07,July Chicago,Chicago Street Course,Shane van Gisbergen,16,40,5,200,9,Running,Chevrolet,17.4,10.5,1,0,0,0,0,24.4
2024,2024-07-07,July Chicago,Chicago Street Course,Todd Gilliland,38,7,26,200,0,Running,Ford,13.4,20.19,0,0,0,0,2,9.3
2024,2024-07-07,July Chicago,Chicago Street Course,Ty Gibbs,54,3,2,200,17,Running,Toyota,22.4,15.29,0,0,0,4,8,4.4
2024,2024-07-07,July Chicago,Chicago Street Course,Tyler Reddick,45,2,4,200,0,Running,Toyota,8.6,17.14,2,0,1,7,12,6.8
2024,2024-07-07,July Chicago,Chicago Street Course,William Byron,24,8,27,200,0,Running,Chevrolet,18.4,14.95,4,2,3,6,10,27.5
2024,2024-07-07,July Chicago,Chicago Street Course,Zane Smith,71,17,30,200,3,Running,Chevrolet,19.6,20.5,0,0,0,1,1,20.0
2025,2025-07-06,July Chicago,Chicago Street Course,AJ Allmendinger,16,6,16,200,2,Running,Chevrolet,16.6,18.39,0,0,0,1,4,7.1
2025,2025-07-06,July Chicago,Chicago Street Course,Alex Bowman,48,8,11,200,0,Running,Chevrolet,18.0,16.59,1,0,0,4,9,16.4
2025,2025-07-06,July Chicago,Chicago Street Course,Austin Cindric,2,27,27,200,0,Running,Ford,23.0,15.24,1,1,1,1,4,19.1
2025,2025-07-06,July Chicago,Chicago Street Course,Austin Dillon,3,36,10,200,0,Running,Chevrolet,24.0,22.48,0,0,0,0,3,35.3
2025,2025-07-06,July Chicago,Chicago Street Course,Austin Hill,33,9,30,200,0,Running,Chevrolet,31.6,34.0,0,0,0,0,0,16.8
2025,2025-07-06,July Chicago,Chicago Street Course,Brad Keselowski,6,37,15,200,0,Running,Ford,13.8,19.69,0,0,0,2,4,36.4
2025,2025-07-06,July Chicago,Chicago Street Course,Bubba Wallace,23,28,37,200,0,Running,Toyota,16.0,20.41,0,0,0,3,6,16.2
2025,2025-07-06,July Chicago,Chicago Street Course,Carson Hocevar,77,35,3,200,0,Running,Chevrolet,18.6,15.64,0,0,0,2,4,34.3
2025,2025-07-06,July Chicago,Chicago Street Course,Chase Briscoe,19,23,5,200,13,Running,Toyota,16.6,22.59,0,3,1,6,8,7.9
2025,2025-07-06,July Chicago,Chicago Street Course,Chase Elliott,9,16,39,200,0,Running,Chevrolet,7.8,10.58,3,3,1,6,10,21.2
2025,2025-07-06,July Chicago,Chicago Street Course,Chris Buescher,17,18,8,200,0,Running,Ford,7.8,15.71,1,0,0,3,10,23.7
2025,2025-07-06,July Chicago,Chicago Street Course,Christopher Bell,20,24,13,200,0,Running,Toyota,15.0,14.97,2,1,3,7,11,16.5
2025,2025-07-06,July Chicago,Chicago Street Course,Cody Ware,51,26,35,200,0,Running,Ford,26.4,28.83,0,0,0,0,0,23.0
2025,2025-07-06,July Chicago,Chicago Street Course,Cole Custer,41,33,23,200,0,Running,Ford,20.6,21.53,0,0,0,0,1,33.3
2025,2025-07-06,July Chicago,Chicago Street Course,Daniel Suarez,99,29,18,200,0,Running,Chevrolet,19.6,16.07,1,0,0,1,3,27.0
2025,2025-07-06,July Chicago,Chicago Street Course,Denny Hamlin,11,4,40,200,0,Running,Toyota,10.6,15.61,0,4,3,8,9,14.4
2025,2025-07-06,July Chicago,Chicago Street Course,Erik Jones,43,25,34,200,0,Running,Toyota,10.6,18.62,0,0,0,2,3,21.4
2025,2025-07-06,July Chicago,Chicago Street Course,Joey Logano,22,11,12,200,0,Running,Ford,19.8,13.59,4,2,1,2,4,11.7
2025,2025-07-06,July Chicago,Chicago Street Course,John Hunter Nemechek,42,15,25,200,0,Running,Toyota,19.8,23.54,0,0,0,1,6,13.8
2025,2025-07-06,July Chicago,Chicago Street Course,Josh Berry,21,34,29,200,0,Running,Ford,22.4,27.07,0,0,1,2,3,27.6
2025,2025-07-06,July Chicago,Chicago Street Course,Josh Bilicki,66,21,31,200,0,Running,Chevrolet,34.4,27.55,0,0,0,0,0,25.8
2025,2025-07-06,July Chicago,Chicago Street Course,Justin Haley,7,22,28,200,0,Running,Chevrolet,23.8,18.62,0,0,0,0,1,17.9
2025,2025-07-06,July Chicago,Chicago Street Course,Katherine Legge,78,19,33,200,0,Running,Chevrolet,31.0,32.0,0,0,0,0,0,26.4
2025,2025-07-06,July Chicago,Chicago Street Course,Kyle Busch,8,5,6,200,0,Running,Chevrolet,19.6,15.97,2,1,0,1,5,12.0
2025,2025-07-06,July Chicago,Chicago Street Course,Kyle Larson,5,13,14,200,0,Running,Chevrolet,14.6,18.17,2,2,3,9,12,14.2
2025,2025-07-06,July Chicago,Chicago Street Course,Michael McDowell,71,32,2,200,31,Running,Chevrolet,21.8,17.03,0,3,0,1,2,19.2
2025,2025-07-06,July Chicago,Chicago Street Course,Noah Gragson,4,30,24,200,0,Running,Ford,28.6,25.18,0,0,0,1,3,23.6
2025,2025-07-06,July Chicago,Chicago Street Course,Ricky Stenhouse Jr,47,31,32,200,0,Running,Chevrolet,24.4,19.97,0,0,0,1,3,22.1
2025,2025-07-06,July Chicago,Chicago Street Course,Riley Herbst,35,17,21,200,0,Running,Toyota,28.6,25.33,0,0,0,0,0,24.5
2025,2025-07-06,July Chicago,Chicago Street Course,Ross Chastain,1,10,22,200,0,Running,Chevrolet,18.4,13.07,2,2,1,3,8,11.1
2025,2025-07-06,July Chicago,Chicago Street Course,Ryan Blaney,12,12,17,200,3,Running,Ford,18.0,14.1,2,2,1,7,8,15.3
2025,2025-07-06,July Chicago,Chicago Street Course,Ryan Preece,60,7,7,200,0,Running,Ford,15.0,21.48,0,0,0,1,7,9.6
2025,2025-07-06,July Chicago,Chicago Street Course,Shane van Gisbergen,88,1,1,200,26,Running,Chevrolet,19.8,17.4,2,1,1,1,2,3.5
2025,2025-07-06,July Chicago,Chicago Street Course,Todd Gilliland,34,38,20,200,0,Running,Ford,26.4,19.66,0,0,0,0,2,37.4
2025,2025-07-06,July Chicago,Chicago Street Course,Ty Dillon,10,20,36,200,0,Running,Chevrolet,24.8,26.52,0,0,0,0,1,25.3
2025,2025-07-06,July Chicago,Chicago Street Course,Ty Gibbs,54,2,9,200,0,Running,Toyota,14.6,17.18,0,0,0,2,3,6.2
2025,2025-07-06,July Chicago,Chicago Street Course,Tyler Reddick,45,3,4,200,0,Running,Toyota,15.6,15.52,2,1,0,4,6,6.0
2025,2025-07-06,July Chicago,Chicago Street Course,Will Brown,13,39,19,200,0,Running,Chevrolet,31.0,15.0,0,0,0,0,0,38.4
2025,2025-07-06,July Chicago,Chicago Street Course,William Byron,24,40,38,200,0,Running,Chevrolet,21.2,15.34,4,2,1,7,10,40.0
2025,2025-07-06,July Chicago,Chicago Street Course,Zane Smith,38,14,26,200,0,Running,Chevrolet,17.4,18.64,0,0,0,0,3,18.9
2022,2022-03-27,March COTA,Circuit Of The Americas,AJ Allmendinger,16,33,20,200,2,Running,Chevrolet,20.0,15.0,0,0,0,0,0,7.58
2022,2022-03-27,March COTA,Circuit Of The Americas,Alex Bowman,48,2,5,200,0,Running,Chevrolet,14.8,17.5,0,0,1,1,2,8.97
2022,2022-03-27,March COTA,Circuit Of The Americas,Andy Lally,78,39,39,200,0,Running,Chevrolet,15.0,15.0,0,0,0,0,0,37.91
2022,2022-03-27,March COTA,Circuit Of The Americas,Aric Almirola,10,19,25,200,0,Running,Ford,10.2,14.0,0,0,0,1,3,22.61
2022,2022-03-27,March COTA,Circuit Of The Americas,Austin Cindric,2,8,10,200,11,Running,Ford,17.6,22.0,0,1,1,1,1,10.75
2022,2022-03-27,March COTA,Circuit Of The Americas,Austin Dillon,3,10,21,200,0,Running,Chevrolet,18.8,18.5,0,0,0,1,1,20.62
2022,2022-03-27,March COTA,Circuit Of The Americas,Boris Said,66,26,37,200,0,Running,Chevrolet,15.0,15.0,0,0,0,0,0,34.39
2022,2022-03-27,March COTA,Circuit Of The Americas,Brad Keselowski,6,14,26,200,0,Running,Ford,19.0,19.5,0,0,0,0,1,27.64
2022,2022-03-27,March COTA,Circuit Of The Americas,Bubba Wallace,23,38,23,200,0,Running,Toyota,16.2,16.0,0,0,0,1,1,26.01
2022,2022-03-27,March COTA,Circuit Of The Americas,Chase Briscoe,14,30,14,200,2,Running,Ford,14.0,15.5,0,1,1,2,2,13.35
2022,2022-03-27,March COTA,Circuit Of The Americas,Chase Elliott,9,4,12,200,0,Running,Chevrolet,12.4,16.0,0,0,0,0,3,10.67
2022,2022-03-27,March COTA,Circuit Of The Americas,Chris Buescher,17,21,22,200,0,Running,Ford,17.2,21.0,0,0,0,0,2,18.9
2022,2022-03-27,March COTA,Circuit Of The Americas,Christopher Bell,20,3,7,200,0,Running,Toyota,25.8,29.5,0,0,0,0,1,16.84
2022,2022-03-27,March COTA,Circuit Of The Americas,Cody Ware,51,27,35,200,0,Running,Ford,26.4,29.0,0,0,0,0,0,33.33
2022,2022-03-27,March COTA,Circuit Of The Americas,Cole Custer,41,23,3,200,0,Running,Ford,22.8,22.5,0,0,0,0,0,12.51
2022,2022-03-27,March COTA,Circuit Of The Americas,Corey LaJoie,7,36,32,200,0,Running,Chevrolet,19.6,16.5,0,0,0,1,1,31.48
2022,2022-03-27,March COTA,Circuit Of The Americas,Daniel Suarez,99,24,2,200,15,Running,Chevrolet,14.4,4.0,0,0,0,2,3,19.8
2022,2022-03-27,March COTA,Circuit Of The Americas,Denny Hamlin,11,18,8,200,3,Running,Toyota,25.2,22.0,0,0,0,0,0,12.88
2022,2022-03-27,March COTA,Circuit Of The Americas,Erik Jones,43,9,30,200,0,Running,Chevrolet,20.4,8.5,0,0,0,1,1,20.3
2022,2022-03-27,March COTA,Circuit Of The Americas,Harrison Burton,21,17,19,200,0,Running,Ford,28.4,29.0,0,0,0,0,0,21.71
2022,2022-03-27,March COTA,Circuit Of The Americas,Joey Hand,15,35,38,200,0,Running,Ford,15.0,15.0,0,0,0,0,0,26.64
2022,2022-03-27,March COTA,Circuit Of The Americas,Joey Logano,22,31,6,200,2,Running,Ford,11.4,7.0,0,0,0,1,3,17.19
2022,2022-03-27,March COTA,Circuit Of The Americas,Josh Bilicki,77,22,34,200,0,Running,Chevrolet,25.0,23.0,0,0,0,0,0,28.35
2022,2022-03-27,March COTA,Circuit Of The Americas,Justin Haley,31,15,9,200,0,Running,Chevrolet,18.2,17.0,0,0,0,0,0,16.09
2022,2022-03-27,March COTA,Circuit Of The Americas,Kaz Grala,50,25,31,200,0,Running,Chevrolet,26.0,15.0,0,0,0,0,0,29.68
2022,2022-03-27,March COTA,Circuit Of The Americas,Kevin Harvick,4,11,18,200,0,Running,Ford,15.2,14.0,0,0,0,0,2,16.97
2022,2022-03-27,March COTA,Circuit Of The Americas,Kurt Busch,45,32,11,200,0,Running,Toyota,9.6,5.5,0,0,0,2,3,24.72
2022,2022-03-27,March COTA,Circuit Of The Americas,Kyle Busch,18,28,15,200,0,Running,Toyota,12.8,23.5,0,0,0,1,3,11.33
2022,2022-03-27,March COTA,Circuit Of The Americas,Kyle Larson,5,29,13,200,0,Running,Chevrolet,19.8,15.5,1,0,1,2,2,17.72
2022,2022-03-27,March COTA,Circuit Of The Americas,Loris Hezemans,27,34,36,200,0,Running,Chevrolet,15.0,15.0,0,0,0,0,0,34.62
2022,2022-03-27,March COTA,Circuit Of The Americas,Martin Truex Jr,19,7,17,200,0,Running,Toyota,15.4,10.5,0,0,0,0,2,13.13
2022,2022-03-27,March COTA,Circuit Of The Americas,Michael McDowell,34,13,27,200,0,Running,Ford,23.2,27.5,0,0,0,0,1,21.81
2022,2022-03-27,March COTA,Circuit Of The Americas,Ricky Stenhouse Jr,47,37,28,200,0,Running,Chevrolet,23.6,20.5,0,0,0,0,1,28.49
2022,2022-03-27,March COTA,Circuit Of The Americas,Ross Chastain,1,1,16,200,31,Running,Chevrolet,15.2,15.5,0,0,0,3,3,3.81
2022,2022-03-27,March COTA,Circuit Of The Americas,Ryan Blaney,12,6,1,200,1,Running,Ford,15.8,17.5,0,0,0,2,2,8.59
2022,2022-03-27,March COTA,Circuit Of The Americas,Todd Gilliland,38,16,29,200,0,Running,Ford,24.4,23.5,0,0,0,0,0,25.65
2022,2022-03-27,March COTA,Circuit Of The Americas,Ty Dillon,42,20,33,200,0,Running,Chevrolet,19.8,26.5,0,0,0,0,0,26.33
2022,2022-03-27,March COTA,Circuit Of The Americas,Tyler Reddick,8,5,4,200,2,Running,Toyota,19.4,26.0,0,0,0,1,2,4.58
2022,2022-03-27,March COTA,Circuit Of The Americas,William Byron,24,12,24,200,0,Running,Chevrolet,19.2,17.5,1,0,1,2,2,16.01
2023,2023-03-26,March COTA,Circuit Of The Americas,AJ Allmendinger,16,34,7,200,0,Running,Chevrolet,19.2,17.86,0,0,0,0,1,12.5
2023,2023-03-26,March COTA,Circuit Of The Americas,Alex Bowman,48,3,6,200,0,Running,Chevrolet,7.8,16.6,0,0,0,2,4,7.3
2023,2023-03-26,March COTA,Circuit Of The Americas,Aric Almirola,10,30,39,200,0,Running,Ford,27.0,19.9,0,0,0,0,0,27.6
2023,2023-03-26,March COTA,Circuit Of The Americas,Austin Cindric,2,6,3,200,2,Running,Ford,18.6,13.2,0,1,0,0,1,11.7
2023,2023-03-26,March COTA,Circuit Of The Americas,Austin Dillon,3,33,28,200,0,Running,Chevrolet,21.0,18.8,0,0,0,0,1,16.5
2023,2023-03-26,March COTA,Circuit Of The Americas,Brad Keselowski,6,35,30,200,0,Running,Ford,13.2,18.1,0,0,0,1,2,27.4
2023,2023-03-26,March COTA,Circuit Of The Americas,Bubba Wallace,23,37,11,200,0,Running,Toyota,19.0,24.9,0,0,0,1,1,33.6
2023,2023-03-26,March COTA,Circuit Of The Americas,Chase Briscoe,14,15,19,200,0,Running,Ford,22.8,21.8,0,2,0,0,1,16.6
2023,2023-03-26,March COTA,Circuit Of The Americas,Chris Buescher,17,8,32,200,1,Running,Ford,17.6,21.0,0,0,0,1,1,15.8
2023,2023-03-26,March COTA,Circuit Of The Americas,Christopher Bell,20,31,14,200,1,Running,Toyota,9.8,15.9,0,1,0,3,4,14.7
2023,2023-03-26,March COTA,Circuit Of The Americas,Cody Ware,51,25,37,200,0,Running,Ford,27.0,28.8,0,0,0,0,0,28
2023,2023-03-26,March COTA,Circuit Of The Americas,Conor Daly,50,36,35,200,0,Running,Chevrolet,31.5,15.0,0,0,0,0,0,35.5
2023,2023-03-26,March COTA,Circuit Of The Americas,Corey LaJoie,7,11,27,200,0,Running,Chevrolet,16.0,22.5,0,0,0,1,1,29.4
2023,2023-03-26,March COTA,Circuit Of The Americas,Daniel Suarez,99,27,5,200,1,Running,Chevrolet,14.4,11.9,0,0,0,1,3,7.1
2023,2023-03-26,March COTA,Circuit Of The Americas,Denny Hamlin,11,16,21,200,0,Running,Toyota,12.6,17.6,0,1,0,0,2,21.6
2023,2023-03-26,March COTA,Circuit Of The Americas,Erik Jones,43,23,8,200,0,Running,Chevrolet,20.8,11.1,0,0,0,0,1,17.2
2023,2023-03-26,March COTA,Circuit Of The Americas,Harrison Burton,21,22,16,200,0,Running,Ford,27.2,23.4,0,0,0,0,0,25.8
2023,2023-03-26,March COTA,Circuit Of The Americas,Jenson Button,15,18,24,200,0,Running,Ford,15.0,15.0,0,0,0,0,0,26.6
2023,2023-03-26,March COTA,Circuit Of The Americas,Jimmie Johnson,84,38,31,200,0,Running,Chevrolet,31.0,15.0,0,0,0,0,0,39
2023,2023-03-26,March COTA,Circuit Of The Americas,Joey Logano,22,28,15,200,1,Running,Ford,12.0,12.2,2,1,1,2,3,15.1
2023,2023-03-26,March COTA,Circuit Of The Americas,Jordan Taylor,9,24,4,200,0,Running,Chevrolet,15.0,15.0,0,0,0,0,0,17.5
2023,2023-03-26,March COTA,Circuit Of The Americas,Josh Bilicki,78,26,33,200,0,Running,Chevrolet,29.4,27.5,0,0,0,0,0,26.9
2023,2023-03-26,March COTA,Circuit Of The Americas,Justin Haley,31,19,23,200,0,Running,Chevrolet,22.0,17.8,0,0,0,0,1,25.5
2023,2023-03-26,March COTA,Circuit Of The Americas,Kevin Harvick,4,13,29,200,0,Running,Ford,12.8,15.4,0,0,0,2,3,15.1
2023,2023-03-26,March COTA,Circuit Of The Americas,Kimi Raikkonen,91,29,22,200,0,Running,Chevrolet,37.0,37.0,0,0,0,0,0,23.9
2023,2023-03-26,March COTA,Circuit Of The Americas,Kyle Busch,8,2,9,200,0,Running,Chevrolet,10.4,19.0,1,0,1,1,3,11.1
2023,2023-03-26,March COTA,Circuit Of The Americas,Kyle Larson,5,14,13,200,0,Running,Chevrolet,16.8,15.3,2,0,0,2,2,22.9
2023,2023-03-26,March COTA,Circuit Of The Americas,Martin Truex Jr,19,17,25,200,0,Running,Toyota,13.8,13.3,0,0,0,0,1,14.7
2023,2023-03-26,March COTA,Circuit Of The Americas,Michael McDowell,34,12,20,200,0,Running,Ford,21.0,16.7,0,0,0,0,0,14.8
2023,2023-03-26,March COTA,Circuit Of The Americas,Noah Gragson,42,20,10,200,0,Running,Chevrolet,23.4,26.25,0,0,0,0,0,16.9
2023,2023-03-26,March COTA,Circuit Of The Americas,Ricky Stenhouse Jr,47,7,18,200,0,Running,Chevrolet,14.6,22.0,0,0,1,1,1,19.1
2023,2023-03-26,March COTA,Circuit Of The Americas,Ross Chastain,1,4,12,200,0,Running,Chevrolet,12.2,8.8,1,0,0,1,2,9.1
2023,2023-03-26,March COTA,Circuit Of The Americas,Ryan Blaney,12,21,38,200,0,Running,Ford,11.2,12.1,0,1,0,1,3,29.3
2023,2023-03-26,March COTA,Circuit Of The Americas,Ryan Preece,41,32,26,200,0,Running,Ford,26.4,30.5,0,0,0,0,0,20.8
2023,2023-03-26,March COTA,Circuit Of The Americas,Todd Gilliland,38,10,36,200,0,Running,Ford,24.4,22.1,0,0,0,0,0,20.2
2023,2023-03-26,March COTA,Circuit Of The Americas,Ty Dillon,77,39,34,200,0,Running,Chevrolet,31.6,24.9,0,0,0,0,0,38
2023,2023-03-26,March COTA,Circuit Of The Americas,Ty Gibbs,54,9,17,200,0,Running,Toyota,20.0,17.0,0,0,0,0,1,18.8
2023,2023-03-26,March COTA,Circuit Of The Americas,Tyler Reddick,45,1,2,200,41,Running,Toyota,19.2,16.7,1,0,0,2,2,3.7
2023,2023-03-26,March COTA,Circuit Of The Americas,William Byron,24,5,1,200,28,Running,Chevrolet,18.6,22.6,1,0,2,2,2,3
2024,2024-03-24,March COTA,Circuit Of The Americas,AJ Allmendinger,13,6,14,200,0,Running,Chevrolet,18.8,15.92,0,0,0,0,1,9.8
2024,2024-03-24,March COTA,Circuit Of The Americas,Alex Bowman,48,4,17,200,0,Running,Chevrolet,14.2,19.12,0,0,0,2,2,9.0
2024,2024-03-24,March COTA,Circuit Of The Americas,Austin Cindric,2,18,11,200,0,Running,Ford,24.4,12.71,0,1,0,1,1,20.3
2024,2024-03-24,March COTA,Circuit Of The Americas,Austin Dillon,3,25,21,200,0,Running,Chevrolet,26.2,22.06,0,0,0,0,0,22.2
2024,2024-03-24,March COTA,Circuit Of The Americas,Brad Keselowski,6,33,36,200,0,Running,Ford,17.2,19.59,0,0,0,2,2,26.2
2024,2024-03-24,March COTA,Circuit Of The Americas,Bubba Wallace,23,15,10,200,0,Running,Toyota,18.0,23.76,0,0,0,2,2,25.5
2024,2024-03-24,March COTA,Circuit Of The Americas,Carson Hocevar,77,22,18,200,0,Running,Chevrolet,23.2,27.5,0,0,0,0,0,19.9
2024,2024-03-24,March COTA,Circuit Of The Americas,Chase Briscoe,14,13,32,200,0,Running,Ford,16.8,23.88,0,2,0,0,2,17.6
2024,2024-03-24,March COTA,Circuit Of The Americas,Chase Elliott,9,16,9,200,0,Running,Chevrolet,13.6,9.57,2,3,0,0,1,13.9
2024,2024-03-24,March COTA,Circuit Of The Americas,Chris Buescher,17,8,20,200,0,Running,Ford,14.6,16.75,0,0,0,1,3,16.3
2024,2024-03-24,March COTA,Circuit Of The Americas,Christopher Bell,20,2,4,200,9,Running,Toyota,16.2,16.82,0,1,1,2,3,6.5
2024,2024-03-24,March COTA,Circuit Of The Americas,Corey LaJoie,7,24,5,200,0,Running,Chevrolet,20.6,20.88,0,0,0,1,1,25.3
2024,2024-03-24,March COTA,Circuit Of The Americas,Daniel Hemric,31,37,33,200,0,Running,Chevrolet,21.8,13.5,0,0,0,0,0,31.8
2024,2024-03-24,March COTA,Circuit Of The Americas,Daniel Suarez,99,31,19,200,0,Running,Chevrolet,15.4,12.76,1,0,1,1,1,24.8
2024,2024-03-24,March COTA,Circuit Of The Americas,Denny Hamlin,11,14,8,200,3,Running,Toyota,12.4,14.53,0,3,1,1,2,14.1
2024,2024-03-24,March COTA,Circuit Of The Americas,Erik Jones,43,32,38,200,0,Running,Toyota,19.6,14.18,0,0,0,0,1,30.5
2024,2024-03-24,March COTA,Circuit Of The Americas,Harrison Burton,21,30,29,200,0,Running,Ford,27.8,23.65,0,0,0,0,0,29.4
2024,2024-03-24,March COTA,Circuit Of The Americas,Joey Logano,22,11,35,200,0,Running,Ford,25.0,13.82,2,1,0,0,1,18.4
2024,2024-03-24,March COTA,Circuit Of The Americas,John Hunter Nemechek,42,21,22,200,0,Running,Toyota,16.2,21.0,0,0,0,0,2,26.0
2024,2024-03-24,March COTA,Circuit Of The Americas,Josh Berry,4,35,31,200,0,Running,Ford,22.4,23.5,0,0,0,0,0,32.0
2024,2024-03-24,March COTA,Circuit Of The Americas,Justin Haley,51,39,13,200,0,Running,Chevrolet,22.8,17.06,0,0,0,0,0,14.3
2024,2024-03-24,March COTA,Circuit Of The Americas,Kamui Kobayashi,50,29,25,200,0,Running,Toyota,33.0,15.0,0,0,0,0,0,28.2
2024,2024-03-24,March COTA,Circuit Of The Americas,Kaz Grala,15,27,23,200,0,Running,Chevrolet,26.4,19.5,0,0,0,0,0,29.4
2024,2024-03-24,March COTA,Circuit Of The Americas,Kyle Busch,8,9,16,200,0,Running,Chevrolet,17.6,13.47,2,1,0,1,1,10.3
2024,2024-03-24,March COTA,Circuit Of The Americas,Kyle Larson,5,17,15,200,0,Running,Chevrolet,12.6,16.12,2,0,1,2,2,17.7
2024,2024-03-24,March COTA,Circuit Of The Americas,Martin Truex Jr,19,10,7,200,2,Running,Toyota,8.6,13.88,0,0,0,1,3,18.9
2024,2024-03-24,March COTA,Circuit Of The Americas,Michael McDowell,34,38,27,200,0,Running,Ford,17.6,15.94,0,1,0,0,2,30.1
2024,2024-03-24,March COTA,Circuit Of The Americas,Noah Gragson,10,34,39,200,0,Running,Ford,19.4,27.8,0,0,0,0,2,32.0
2024,2024-03-24,March COTA,Circuit Of The Americas,Ricky Stenhouse Jr,47,28,30,200,0,Running,Chevrolet,21.6,20.24,0,0,0,0,1,23.9
2024,2024-03-24,March COTA,Circuit Of The Americas,Ross Chastain,1,7,6,200,10,Running,Chevrolet,10.6,11.59,2,1,0,1,3,5.8
2024,2024-03-24,March COTA,Circuit Of The Americas,Ryan Blaney,12,12,28,200,0,Running,Ford,11.2,13.94,0,1,0,3,3,17.0
2024,2024-03-24,March COTA,Circuit Of The Americas,Ryan Preece,41,23,24,200,0,Running,Ford,19.8,22.0,0,0,0,0,0,25.4
2024,2024-03-24,March COTA,Circuit Of The Americas,Shane van Gisbergen,16,20,12,200,0,Running,Chevrolet,5.5,1.0,1,0,0,0,0,17.6
2024,2024-03-24,March COTA,Circuit Of The Americas,Timmy Hill,66,36,37,200,0,Running,Chevrolet,15.0,15.0,0,0,0,0,0,36.9
2024,2024-03-24,March COTA,Circuit Of The Americas,Todd Gilliland,38,26,26,200,0,Running,Ford,25.6,20.76,0,0,0,0,0,20.7
2024,2024-03-24,March COTA,Circuit Of The Americas,Ty Gibbs,54,3,2,200,1,Running,Toyota,8.8,15.2,0,0,0,2,4,3.8
2024,2024-03-24,March COTA,Circuit Of The Americas,Tyler Reddick,45,5,3,200,1,Running,Toyota,20.2,19.18,2,0,0,1,2,5.5
2024,2024-03-24,March COTA,Circuit Of The Americas,William Byron,24,1,1,200,42,Running,Chevrolet,16.2,16.29,3,1,1,1,2,2.3
2024,2024-03-24,March COTA,Circuit Of The Americas,Zane Smith,71,19,34,200,0,Running,Chevrolet,29.8,26.0,0,0,0,0,0,20.8
2025,2025-03-02,March COTA,Circuit Of The Americas,AJ Allmendinger,16,30,12,200,2,Running,Chevrolet,19.4,18.32,0,0,0,0,0,6.21
2025,2025-03-02,March COTA,Circuit Of The Americas,Alex Bowman,48,9,21,200,0,Running,Chevrolet,13.2,17.16,1,0,0,0,1,15.55
2025,2025-03-02,March COTA,Circuit Of The Americas,Austin Cindric,2,25,36,200,0,Running,Ford,16.0,13.72,1,1,0,0,1,25.02
2025,2025-03-02,March COTA,Circuit Of The Americas,Austin Dillon,3,35,27,200,0,Running,Chevrolet,19.6,21.6,0,0,0,0,0,24.45
2025,2025-03-02,March COTA,Circuit Of The Americas,Brad Keselowski,6,15,26,200,0,Running,Ford,21.2,20.24,0,0,0,0,0,19.53
2025,2025-03-02,March COTA,Circuit Of The Americas,Bubba Wallace,23,20,2,200,4,Running,Toyota,16.2,21.28,0,0,0,0,1,18.08
2025,2025-03-02,March COTA,Circuit Of The Americas,Carson Hocevar,77,13,4,200,0,Running,Chevrolet,16.8,16.0,0,0,0,1,1,13.16
2025,2025-03-02,March COTA,Circuit Of The Americas,Chase Briscoe,19,14,18,200,0,Running,Toyota,16.2,23.28,0,2,0,1,1,10.55
2025,2025-03-02,March COTA,Circuit Of The Americas,Chase Elliott,9,4,3,200,0,Running,Chevrolet,10.0,11.45,2,3,0,0,0,23.38
2025,2025-03-02,March COTA,Circuit Of The Americas,Chris Buescher,17,7,24,200,0,Running,Ford,18.8,16.67,1,0,0,0,1,15.59
2025,2025-03-02,March COTA,Circuit Of The Americas,Christopher Bell,20,1,19,200,8,Running,Toyota,12.6,15.64,1,1,1,1,1,6.74
2025,2025-03-02,March COTA,Circuit Of The Americas,Cody Ware,51,31,37,200,0,Running,Ford,24.6,29.36,0,0,0,0,0,31.64
2025,2025-03-02,March COTA,Circuit Of The Americas,Cole Custer,41,23,30,200,0,Running,Ford,26.8,23.09,0,0,0,0,0,27.48
2025,2025-03-02,March COTA,Circuit Of The Americas,Connor Zilisch,87,37,14,200,0,Running,Chevrolet,15.0,15.0,0,0,0,0,0,31.65
2025,2025-03-02,March COTA,Circuit Of The Americas,Daniel Suarez,99,36,5,200,0,Running,Chevrolet,19.0,14.44,1,0,0,0,0,20.66
2025,2025-03-02,March COTA,Circuit Of The Americas,Denny Hamlin,11,21,11,200,0,Running,Toyota,9.8,15.28,0,4,0,0,1,20.57
2025,2025-03-02,March COTA,Circuit Of The Americas,Erik Jones,43,27,32,200,0,Running,Toyota,21.2,19.36,0,0,0,0,0,29.04
2025,2025-03-02,March COTA,Circuit Of The Americas,Joey Logano,22,24,23,200,0,Running,Ford,17.2,12.36,4,1,0,0,0,16.72
2025,2025-03-02,March COTA,Circuit Of The Americas,John Hunter Nemechek,42,22,33,200,0,Running,Toyota,20.4,25.0,0,0,0,1,2,26.57
2025,2025-03-02,March COTA,Circuit Of The Americas,Josh Berry,21,26,35,200,0,Running,Ford,22.6,26.5,0,0,0,0,0,28.37
2025,2025-03-02,March COTA,Circuit Of The Americas,Justin Haley,7,16,29,200,0,Running,Chevrolet,26.8,17.8,0,0,0,0,0,18.07
2025,2025-03-02,March COTA,Circuit Of The Americas,Kyle Busch,8,5,8,200,42,Running,Chevrolet,24.2,15.52,2,1,0,0,1,2.11
2025,2025-03-02,March COTA,Circuit Of The Americas,Kyle Larson,5,32,7,200,0,Running,Chevrolet,8.6,17.36,2,2,0,1,1,23.0
2025,2025-03-02,March COTA,Circuit Of The Americas,Michael McDowell,71,11,16,200,3,Running,Chevrolet,20.4,17.56,0,3,0,0,0,19.51
2025,2025-03-02,March COTA,Circuit Of The Americas,Noah Gragson,4,8,17,200,0,Running,Ford,20.8,25.17,0,0,0,0,0,20.8
2025,2025-03-02,March COTA,Circuit Of The Americas,Ricky Stenhouse Jr,47,18,22,200,0,Running,Chevrolet,19.4,19.56,0,0,0,1,1,25.17
2025,2025-03-02,March COTA,Circuit Of The Americas,Riley Herbst,35,17,31,200,0,Running,Toyota,27.8,27.0,0,0,0,0,0,22.11
2025,2025-03-02,March COTA,Circuit Of The Americas,Ross Chastain,1,12,9,200,0,Running,Chevrolet,21.6,12.28,2,2,0,0,1,12.43
2025,2025-03-02,March COTA,Circuit Of The Americas,Ryan Blaney,12,19,25,200,0,Running,Ford,3.2,13.4,1,2,0,1,2,14.79
2025,2025-03-02,March COTA,Circuit Of The Americas,Ryan Preece,60,33,28,200,3,Running,Ford,22.2,21.18,0,0,0,0,0,17.05
2025,2025-03-02,March COTA,Circuit Of The Americas,Shane van Gisbergen,88,6,6,200,23,Running,Chevrolet,20.8,19.67,1,0,0,0,0,3.92
2025,2025-03-02,March COTA,Circuit Of The Americas,Todd Gilliland,34,10,10,200,0,Running,Ford,21.6,19.56,0,0,0,0,0,21.74
2025,2025-03-02,March COTA,Circuit Of The Americas,Ty Dillon,10,28,34,200,0,Running,Chevrolet,21.8,27.18,0,0,0,0,0,32.92
2025,2025-03-02,March COTA,Circuit Of The Americas,Ty Gibbs,54,34,13,200,0,Running,Toyota,31.2,16.0,0,0,0,0,0,19.62
2025,2025-03-02,March COTA,Circuit Of The Americas,Tyler Reddick,45,3,1,200,9,Running,Toyota,12.4,16.56,2,0,0,1,1,5.91
2025,2025-03-02,March COTA,Circuit Of The Americas,William Byron,24,2,15,200,1,Running,Chevrolet,8.6,15.68,4,2,1,1,1,4.93
2025,2025-03-02,March COTA,Circuit Of The Americas,Zane Smith,38,29,20,200,0,Running,Chevrolet,27.4,17.7,0,0,0,0,0,27.96
2026,2026-03-01,March COTA,Circuit Of The Americas,Tyler Reddick,45,1,1,61,58,Running,Toyota,20.0,20.0,0,0,0,0,0,3.21
2026,2026-03-01,March COTA,Circuit Of The Americas,Shane van Gisbergen,97,2,13,45,2,Running,Chevrolet,20.0,20.0,0,0,0,0,0,4.88
2026,2026-03-01,March COTA,Circuit Of The Americas,Christopher Bell,20,3,8,34,0,Running,Toyota,20.0,20.0,0,0,0,0,0,9.55
2026,2026-03-01,March COTA,Circuit Of The Americas,Ty Gibbs,54,4,9,48,5,Running,Toyota,20.0,20.0,0,0,0,0,0,11.32
2026,2026-03-01,March COTA,Circuit Of The Americas,Michael McDowell,71,5,6,40,5,Running,Ford,20.0,20.0,0,0,0,0,0,7.73
2026,2026-03-01,March COTA,Circuit Of The Americas,Kyle Larson,5,6,15,31,0,Running,Chevrolet,20.0,20.0,0,0,0,0,0,10.11
2026,2026-03-01,March COTA,Circuit Of The Americas,Chase Elliott,9,7,5,33,0,Running,Chevrolet,20.0,20.0,0,0,0,0,0,17.98
2026,2026-03-01,March COTA,Circuit Of The Americas,Ryan Blaney,12,8,4,33,11,Running,Ford,20.0,20.0,0,0,0,0,0,3.46
2026,2026-03-01,March COTA,Circuit Of The Americas,AJ Allmendinger,16,9,7,43,1,Running,Chevrolet,20.0,20.0,0,0,0,0,0,12.22
2026,2026-03-01,March COTA,Circuit Of The Americas,Denny Hamlin,11,10,19,28,0,Running,Toyota,20.0,20.0,0,0,0,0,0,17.93
2026,2026-03-01,March COTA,Circuit Of The Americas,Bubba Wallace,23,11,24,31,0,Running,Toyota,20.0,20.0,0,0,0,0,0,20.0
2026,2026-03-01,March COTA,Circuit Of The Americas,Kyle Busch,8,12,30,25,0,Running,Chevrolet,20.0,20.0,0,0,0,0,0,17.64
2026,2026-03-01,March COTA,Circuit Of The Americas,William Byron,24,13,10,26,1,Running,Chevrolet,20.0,20.0,0,0,0,0,0,7.03
2026,2026-03-01,March COTA,Circuit Of The Americas,Connor Zilisch,88,14,25,23,0,Running,Chevrolet,20.0,20.0,0,0,0,0,0,19.8
2026,2026-03-01,March COTA,Circuit Of The Americas,Joey Logano,22,15,20,22,0,Running,Ford,20.0,20.0,0,0,0,0,0,16.91
2026,2026-03-01,March COTA,Circuit Of The Americas,Ty Dillon,10,16,21,21,0,Running,Chevrolet,20.0,20.0,0,0,0,0,0,21.93
2026,2026-03-01,March COTA,Circuit Of The Americas,John Hunter Nemechek,42,17,31,20,0,Running,Chevrolet,20.0,20.0,0,0,0,0,0,21.39
2026,2026-03-01,March COTA,Circuit Of The Americas,Ryan Preece,60,18,29,19,0,Running,Ford,20.0,20.0,0,0,0,0,0,20.88
2026,2026-03-01,March COTA,Circuit Of The Americas,Austin Dillon,3,19,33,18,0,Running,Chevrolet,20.0,20.0,0,0,0,0,0,25.27
2026,2026-03-01,March COTA,Circuit Of The Americas,Brad Keselowski,6,20,26,17,0,Running,Ford,20.0,20.0,0,0,0,0,0,28.99
2026,2026-03-01,March COTA,Circuit Of The Americas,Todd Gilliland,34,21,17,23,0,Running,Ford,20.0,20.0,0,0,0,0,0,18.49
2026,2026-03-01,March COTA,Circuit Of The Americas,Noah Gragson,4,22,35,15,0,Running,Chevrolet,20.0,20.0,0,0,0,0,0,29.77
2026,2026-03-01,March COTA,Circuit Of The Americas,Riley Herbst,35,23,32,14,0,Running,Toyota,20.0,20.0,0,0,0,0,0,24.72
2026,2026-03-01,March COTA,Circuit Of The Americas,Chris Buescher,17,24,14,20,0,Running,Ford,20.0,20.0,0,0,0,0,0,16.11
2026,2026-03-01,March COTA,Circuit Of The Americas,Daniel Suarez,7,25,23,20,0,Running,Chevrolet,20.0,20.0,0,0,0,0,0,19.85
2026,2026-03-01,March COTA,Circuit Of The Americas,Josh Berry,21,26,22,11,0,Running,Ford,20.0,20.0,0,0,0,0,0,28.86
2026,2026-03-01,March COTA,Circuit Of The Americas,Jesse Love,33,27,27,0,0,Running,Chevrolet,20.0,20.0,0,0,0,0,0,25.08
2026,2026-03-01,March COTA,Circuit Of The Americas,Ricky Stenhouse Jr,47,28,34,9,0,Running,Chevrolet,20.0,20.0,0,0,0,0,0,29.02
2026,2026-03-01,March COTA,Circuit Of The Americas,Cole Custer,41,29,18,11,0,Running,Chevrolet,20.0,20.0,0,0,0,0,0,22.72
2026,2026-03-01,March COTA,Circuit Of The Americas,Cody Ware,51,30,37,7,0,Running,Ford,20.0,20.0,0,0,0,0,0,33.75
2026,2026-03-01,March COTA,Circuit Of The Americas,Carson Hocevar,77,31,12,8,0,Running,Chevrolet,20.0,20.0,0,0,0,0,0,23.43
2026,2026-03-01,March COTA,Circuit Of The Americas,Austin Cindric,2,32,28,5,0,Running,Ford,20.0,20.0,0,0,0,0,0,20.62
2026,2026-03-01,March COTA,Circuit Of The Americas,Zane Smith,38,33,11,4,0,Running,Chevrolet,20.0,20.0,0,0,0,0,0,23.96
2026,2026-03-01,March COTA,Circuit Of The Americas,Erik Jones,43,34,36,3,0,Running,Toyota,20.0,20.0,0,0,0,0,0,29.71
2026,2026-03-01,March COTA,Circuit Of The Americas,Ross Chastain,1,35,2,13,4,Running,Chevrolet,20.0,20.0,0,0,0,0,0,15.55
2026,2026-03-01,March COTA,Circuit Of The Americas,Alex Bowman,48,36,16,5,0,Running,Chevrolet,20.0,20.0,0,0,0,0,0,25.88
2026,2026-03-01,March COTA,Circuit Of The Americas,Chase Briscoe,19,37,3,1,8,Running,Toyota,20.0,20.0,0,0,0,0,0,17.31
2022,2022-05-08,May Darlington,Darlington Raceway,Alex Bowman,48,29,15,200,0,Running,Chevrolet,8.0,15.0,0,0,1,3,7,20
2022,2022-05-08,May Darlington,Darlington Raceway,Aric Almirola,10,11,12,200,0,Running,Ford,16.8,15.0,0,0,0,1,4,13
2022,2022-05-08,May Darlington,Darlington Raceway,Austin Cindric,2,18,19,200,0,Running,Ford,20.8,15.0,0,0,1,1,2,19
2022,2022-05-08,May Darlington,Darlington Raceway,Austin Dillon,3,9,14,200,0,Running,Chevrolet,13.8,15.0,0,0,0,3,5,21
2022,2022-05-08,May Darlington,Darlington Raceway,BJ McLeod,78,32,36,200,0,Running,Chevrolet,30.0,15.0,0,0,0,0,0,33
2022,2022-05-08,May Darlington,Darlington Raceway,Brad Keselowski,6,34,23,200,0,Running,Ford,16.8,15.0,0,0,0,0,1,32
2022,2022-05-08,May Darlington,Darlington Raceway,Bubba Wallace,23,27,17,200,0,Running,Toyota,20.6,15.0,0,0,0,1,1,13
2022,2022-05-08,May Darlington,Darlington Raceway,Chase Briscoe,14,20,13,200,0,Running,Ford,18.4,15.0,0,0,1,2,3,18
2022,2022-05-08,May Darlington,Darlington Raceway,Chase Elliott,9,5,34,200,0,Running,Chevrolet,8.0,15.0,0,0,1,2,8,13
2022,2022-05-08,May Darlington,Darlington Raceway,Chris Buescher,17,16,18,200,0,Running,Ford,18.2,15.0,0,0,0,0,3,21
2022,2022-05-08,May Darlington,Darlington Raceway,Christopher Bell,20,6,3,200,3,Running,Toyota,11.8,15.0,0,0,0,2,5,7
2022,2022-05-08,May Darlington,Darlington Raceway,Cody Ware,51,19,31,200,1,Running,Ford,31.4,15.0,0,0,0,0,0,29
2022,2022-05-08,May Darlington,Darlington Raceway,Cole Custer,41,26,28,200,0,Running,Ford,20.0,15.0,0,0,0,0,0,23
2022,2022-05-08,May Darlington,Darlington Raceway,Corey LaJoie,7,35,30,200,0,Running,Chevrolet,22.8,15.0,0,0,0,1,1,31
2022,2022-05-08,May Darlington,Darlington Raceway,Daniel Hemric,16,31,24,200,0,Running,Chevrolet,19.75,15.0,0,0,0,0,1,30
2022,2022-05-08,May Darlington,Darlington Raceway,Daniel Suarez,99,10,20,200,0,Running,Chevrolet,20.4,15.0,0,0,0,2,3,12
2022,2022-05-08,May Darlington,Darlington Raceway,Denny Hamlin,11,21,22,200,42,Running,Toyota,20.6,15.0,0,0,1,1,1,10
2022,2022-05-08,May Darlington,Darlington Raceway,Erik Jones,43,25,11,200,1,Running,Chevrolet,15.2,15.0,0,0,0,1,4,10
2022,2022-05-08,May Darlington,Darlington Raceway,Harrison Burton,21,14,25,200,0,Running,Ford,24.4,15.0,0,0,0,0,0,23
2022,2022-05-08,May Darlington,Darlington Raceway,JJ Yeley,15,23,32,200,1,Running,Chevrolet,30.5,15.0,0,0,0,0,0,32
2022,2022-05-08,May Darlington,Darlington Raceway,Joey Logano,22,1,1,200,107,Running,Ford,16.6,15.0,0,0,0,3,5,2
2022,2022-05-08,May Darlington,Darlington Raceway,Justin Haley,31,3,29,200,0,Running,Chevrolet,19.4,15.0,0,0,0,0,0,21
2022,2022-05-08,May Darlington,Darlington Raceway,Kevin Harvick,4,4,35,200,1,Running,Ford,13.8,15.0,0,0,0,1,5,14
2022,2022-05-08,May Darlington,Darlington Raceway,Kurt Busch,45,28,6,200,0,Running,Toyota,24.0,15.0,0,0,0,2,4,18
2022,2022-05-08,May Darlington,Darlington Raceway,Kyle Busch,18,33,5,200,19,Running,Toyota,5.4,15.0,0,0,1,3,8,16
2022,2022-05-08,May Darlington,Darlington Raceway,Kyle Larson,5,36,2,200,30,Running,Chevrolet,7.6,15.0,0,0,1,5,6,26
2022,2022-05-08,May Darlington,Darlington Raceway,Landon Cassill,77,22,33,200,0,Running,Chevrolet,24.0,15.0,0,0,0,0,0,29
2022,2022-05-08,May Darlington,Darlington Raceway,Martin Truex Jr,19,24,4,200,28,Running,Toyota,12.8,15.0,0,0,0,2,5,6
2022,2022-05-08,May Darlington,Darlington Raceway,Michael McDowell,34,7,16,200,0,Running,Ford,17.8,15.0,0,0,0,0,3,18
2022,2022-05-08,May Darlington,Darlington Raceway,Ricky Stenhouse Jr,47,8,26,200,0,Running,Chevrolet,23.2,15.0,0,0,0,1,2,17
2022,2022-05-08,May Darlington,Darlington Raceway,Ross Chastain,1,30,8,200,26,Running,Chevrolet,12.2,15.0,0,0,2,7,7,12
2022,2022-05-08,May Darlington,Darlington Raceway,Ryan Blaney,12,17,7,200,0,Running,Ford,10.6,15.0,0,0,0,4,6,14
2022,2022-05-08,May Darlington,Darlington Raceway,Todd Gilliland,38,15,27,200,0,Running,Ford,25.4,15.0,0,0,0,0,0,25
2022,2022-05-08,May Darlington,Darlington Raceway,Ty Dillon,42,12,21,200,0,Running,Chevrolet,23.4,15.0,0,0,0,0,1,19
2022,2022-05-08,May Darlington,Darlington Raceway,Tyler Reddick,8,2,10,200,10,Running,Toyota,20.2,15.0,0,0,0,3,4,10
2022,2022-05-08,May Darlington,Darlington Raceway,William Byron,24,13,9,200,24,Running,Chevrolet,11.8,15.0,0,0,2,4,4,6
2022,2022-09-04,September Darlington,Darlington Raceway,Alex Bowman,48,10,16,200,0,Running,Chevrolet,17.8,29.0,0,0,1,3,10,12.74
2022,2022-09-04,September Darlington,Darlington Raceway,Aric Almirola,10,11,22,200,0,Running,Ford,26.0,11.0,0,0,0,2,7,20.03
2022,2022-09-04,September Darlington,Darlington Raceway,Austin Cindric,2,16,6,200,0,Running,Ford,13.4,18.0,0,0,1,5,8,15.25
2022,2022-09-04,September Darlington,Darlington Raceway,Austin Dillon,3,17,13,200,0,Running,Chevrolet,15.4,9.0,0,0,1,4,8,20.78
2022,2022-09-04,September Darlington,Darlington Raceway,BJ McLeod,78,29,35,200,0,Running,Chevrolet,25.8,32.0,0,0,0,0,1,32.8
2022,2022-09-04,September Darlington,Darlington Raceway,Brad Keselowski,6,7,25,200,11,Running,Ford,20.8,34.0,0,0,0,0,3,16.1
2022,2022-09-04,September Darlington,Darlington Raceway,Bubba Wallace,45,9,8,200,4,Running,Toyota,13.2,27.0,0,0,0,4,6,9.91
2022,2022-09-04,September Darlington,Darlington Raceway,Chase Briscoe,14,27,19,200,0,Running,Ford,24.4,20.0,0,0,1,3,4,28.63
2022,2022-09-04,September Darlington,Darlington Raceway,Chase Elliott,9,36,23,200,0,Running,Chevrolet,13.0,5.0,0,0,4,10,17,30.27
2022,2022-09-04,September Darlington,Darlington Raceway,Chris Buescher,17,26,27,200,0,Running,Ford,13.0,16.0,0,0,0,2,8,27.57
2022,2022-09-04,September Darlington,Darlington Raceway,Christopher Bell,20,5,2,200,0,Running,Toyota,16.8,6.0,0,0,1,7,14,5.51
2022,2022-09-04,September Darlington,Darlington Raceway,Cody Ware,51,32,32,200,0,Running,Ford,24.0,19.0,0,0,0,0,1,32.09
2022,2022-09-04,September Darlington,Darlington Raceway,Cole Custer,41,14,30,200,0,Running,Ford,18.6,26.0,0,0,0,0,2,15.21
2022,2022-09-04,September Darlington,Darlington Raceway,Corey LaJoie,7,24,34,200,4,Running,Chevrolet,24.4,35.0,0,0,0,1,1,19.52
2022,2022-09-04,September Darlington,Darlington Raceway,Daniel Hemric,16,23,24,200,0,Running,Chevrolet,24.8,31.0,0,0,0,0,1,26.68
2022,2022-09-04,September Darlington,Darlington Raceway,Daniel Suarez,99,18,36,200,0,Running,Chevrolet,20.2,10.0,0,0,1,6,10,17.04
2022,2022-09-04,September Darlington,Darlington Raceway,Denny Hamlin,11,2,11,200,6,Running,Toyota,13.2,21.0,0,0,2,5,7,5.36
2022,2022-09-04,September Darlington,Darlington Raceway,Erik Jones,43,1,15,200,23,Running,Chevrolet,17.0,25.0,0,0,0,2,9,7.47
2022,2022-09-04,September Darlington,Darlington Raceway,Harrison Burton,21,21,28,200,0,Running,Ford,21.4,14.0,0,0,0,1,2,23.98
2022,2022-09-04,September Darlington,Darlington Raceway,JJ Yeley,15,34,33,200,0,Running,Chevrolet,30.4,23.0,0,0,0,0,0,33.06
2022,2022-09-04,September Darlington,Darlington Raceway,Joey Logano,22,4,1,200,64,Running,Ford,6.2,1.0,1,1,2,7,12,6.89
2022,2022-09-04,September Darlington,Darlington Raceway,Justin Haley,31,19,14,200,0,Running,Chevrolet,20.6,3.0,0,0,0,1,2,22.05
2022,2022-09-04,September Darlington,Darlington Raceway,Kevin Harvick,4,33,18,200,0,Running,Ford,13.4,4.0,0,0,2,7,13,20.36
2022,2022-09-04,September Darlington,Darlington Raceway,Kyle Busch,18,30,5,200,155,Running,Toyota,19.6,33.0,0,0,1,6,13,3.99
2022,2022-09-04,September Darlington,Darlington Raceway,Kyle Larson,5,12,7,200,0,Running,Chevrolet,18.8,36.0,0,0,2,10,13,21.19
2022,2022-09-04,September Darlington,Darlington Raceway,Landon Cassill,77,25,26,200,1,Running,Chevrolet,19.8,22.0,0,0,0,1,1,26.74
2022,2022-09-04,September Darlington,Darlington Raceway,Martin Truex Jr,19,31,17,200,48,Running,Toyota,13.0,24.0,0,0,0,3,12,7.84
2022,2022-09-04,September Darlington,Darlington Raceway,Michael McDowell,34,6,10,200,0,Running,Ford,20.6,7.0,0,0,0,1,10,11.22
2022,2022-09-04,September Darlington,Darlington Raceway,Ricky Stenhouse Jr,47,35,20,200,0,Running,Chevrolet,21.0,8.0,0,0,0,1,5,31.79
2022,2022-09-04,September Darlington,Darlington Raceway,Ross Chastain,1,20,12,200,1,Running,Chevrolet,24.6,30.0,0,0,2,10,14,18.25
2022,2022-09-04,September Darlington,Darlington Raceway,Ryan Blaney,12,13,9,200,0,Running,Ford,16.0,17.0,0,0,0,8,12,9.42
2022,2022-09-04,September Darlington,Darlington Raceway,Todd Gilliland,38,28,31,200,0,Running,Ford,23.8,15.0,0,0,0,1,1,28.1
2022,2022-09-04,September Darlington,Darlington Raceway,Ty Dillon,42,22,29,200,0,Running,Chevrolet,19.8,12.0,0,0,0,0,1,25.67
2022,2022-09-04,September Darlington,Darlington Raceway,Ty Gibbs,23,15,21,200,0,Running,Toyota,20.4,15.0,0,0,0,0,1,18.57
2022,2022-09-04,September Darlington,Darlington Raceway,Tyler Reddick,8,3,4,200,0,Running,Toyota,14.0,2.0,0,0,2,8,11,8.49
2022,2022-09-04,September Darlington,Darlington Raceway,William Byron,24,8,3,200,50,Running,Chevrolet,22.0,13.0,0,0,2,4,5,5.41
2023,2023-05-14,May Darlington,Darlington Raceway,AJ Allmendinger,16,23,30,200,0,Running,Chevrolet,20.8,15.0,0,0,0,0,1,28
2023,2023-05-14,May Darlington,Darlington Raceway,Aric Almirola,10,21,17,200,0,Running,Ford,18.8,11.0,0,0,0,0,1,15
2023,2023-05-14,May Darlington,Darlington Raceway,Austin Cindric,2,19,25,200,0,Running,Ford,27.0,17.0,0,0,0,0,2,23
2023,2023-05-14,May Darlington,Darlington Raceway,Austin Dillon,3,35,18,200,0,Running,Chevrolet,18.0,13.0,0,0,0,1,3,24
2023,2023-05-14,May Darlington,Darlington Raceway,BJ McLeod,78,32,35,200,0,Running,Chevrolet,29.2,30.5,0,0,0,0,0,34
2023,2023-05-14,May Darlington,Darlington Raceway,Brad Keselowski,6,4,10,200,0,Running,Ford,14.6,20.5,0,0,0,2,5,6
2023,2023-05-14,May Darlington,Darlington Raceway,Brennan Poole,15,36,36,200,0,Running,Chevrolet,30.5,15.0,0,0,0,0,0,36
2023,2023-05-14,May Darlington,Darlington Raceway,Bubba Wallace,23,5,2,200,3,Running,Toyota,13.0,18.0,0,0,0,2,3,10
2023,2023-05-14,May Darlington,Darlington Raceway,Chase Briscoe,14,17,31,200,0,Running,Ford,15.2,23.5,0,0,0,3,4,27
2023,2023-05-14,May Darlington,Darlington Raceway,Chase Elliott,9,3,21,200,0,Running,Chevrolet,8.4,20.5,0,0,0,1,3,12
2023,2023-05-14,May Darlington,Darlington Raceway,Chris Buescher,17,10,27,200,0,Running,Ford,12.2,21.0,0,0,0,2,4,23
2023,2023-05-14,May Darlington,Darlington Raceway,Christopher Bell,20,14,16,200,0,Running,Toyota,13.4,5.5,0,0,1,5,8,9
2023,2023-05-14,May Darlington,Darlington Raceway,Corey LaJoie,7,24,34,200,0,Running,Chevrolet,22.8,29.5,0,0,0,1,1,31
2023,2023-05-14,May Darlington,Darlington Raceway,Daniel Suarez,99,34,6,200,0,Running,Chevrolet,20.2,14.0,0,0,0,1,4,26
2023,2023-05-14,May Darlington,Darlington Raceway,Denny Hamlin,11,12,8,200,9,Running,Toyota,9.4,11.5,0,0,1,3,5,14
2023,2023-05-14,May Darlington,Darlington Raceway,Erik Jones,43,25,28,200,0,Running,Chevrolet,17.6,13.0,1,0,0,0,2,21
2023,2023-05-14,May Darlington,Darlington Raceway,Harrison Burton,21,6,14,200,0,Running,Ford,26.0,17.5,0,0,0,0,0,13
2023,2023-05-14,May Darlington,Darlington Raceway,Joey Logano,22,18,15,200,0,Running,Ford,21.2,2.5,1,2,1,3,6,15
2023,2023-05-14,May Darlington,Darlington Raceway,Josh Berry,48,30,23,200,0,Running,Chevrolet,16.4,15.0,0,0,0,1,3,28
2023,2023-05-14,May Darlington,Darlington Raceway,Justin Haley,31,8,22,200,0,Running,Chevrolet,18.6,11.0,0,0,0,0,2,22
2023,2023-05-14,May Darlington,Darlington Raceway,Kevin Harvick,4,2,20,200,5,Running,Ford,16.0,18.5,0,0,0,3,5,10
2023,2023-05-14,May Darlington,Darlington Raceway,Kyle Busch,8,7,12,200,0,Running,Chevrolet,22.0,31.5,0,0,2,3,5,5
2023,2023-05-14,May Darlington,Darlington Raceway,Kyle Larson,5,20,7,200,29,Running,Chevrolet,20.6,24.0,0,0,2,5,5,8
2023,2023-05-14,May Darlington,Darlington Raceway,Martin Truex Jr,19,31,1,200,145,Running,Toyota,9.2,27.5,0,0,1,2,5,5
2023,2023-05-14,May Darlington,Darlington Raceway,Michael McDowell,34,33,19,200,0,Running,Ford,22.6,6.5,0,0,0,0,1,26
2023,2023-05-14,May Darlington,Darlington Raceway,Noah Gragson,42,26,29,200,0,Running,Chevrolet,31.6,15.0,0,0,0,0,0,27
2023,2023-05-14,May Darlington,Darlington Raceway,Ricky Stenhouse Jr,47,13,3,200,0,Running,Chevrolet,11.0,21.5,0,0,1,2,4,11.0
2023,2023-05-14,May Darlington,Darlington Raceway,Ross Chastain,1,29,5,200,93,Running,Chevrolet,14.0,25.0,0,0,0,5,6,4
2023,2023-05-14,May Darlington,Darlington Raceway,Ryan Blaney,12,9,11,200,4,Running,Ford,10.2,15.0,0,0,0,3,6,12
2023,2023-05-14,May Darlington,Darlington Raceway,Ryan Newman,51,28,26,200,0,Running,Ford,15.0,15.0,0,0,0,0,0,31
2023,2023-05-14,May Darlington,Darlington Raceway,Ryan Preece,41,15,32,200,0,Running,Ford,23.4,15.0,0,0,0,0,0,22
2023,2023-05-14,May Darlington,Darlington Raceway,Todd Gilliland,38,11,24,200,0,Running,Ford,18.4,21.5,0,0,0,0,3,20
2023,2023-05-14,May Darlington,Darlington Raceway,Ty Dillon,77,27,33,200,0,Running,Chevrolet,25.6,17.0,0,0,0,0,0,32
2023,2023-05-14,May Darlington,Darlington Raceway,Ty Gibbs,54,16,13,200,0,Running,Toyota,21.2,15.0,0,0,0,0,4,20
2023,2023-05-14,May Darlington,Darlington Raceway,Tyler Reddick,45,22,9,200,0,Running,Toyota,10.6,2.5,0,0,1,4,6,11
2023,2023-05-14,May Darlington,Darlington Raceway,William Byron,24,1,4,200,7,Running,Chevrolet,10.0,10.5,0,0,2,5,6,4
2023,2023-09-03,September Darlington,Darlington Raceway,AJ Allmendinger,16,13,16,200,0,Running,Chevrolet,22.4,23.0,0,0,0,2,5,13.93
2023,2023-09-03,September Darlington,Darlington Raceway,Alex Bowman,48,33,24,200,0,Running,Chevrolet,17.0,19.5,0,0,0,4,8,22.56
2023,2023-09-03,September Darlington,Darlington Raceway,Aric Almirola,10,14,10,200,0,Running,Ford,19.2,14.33,0,0,0,1,3,14.51
2023,2023-09-03,September Darlington,Darlington Raceway,Austin Cindric,2,31,14,200,0,Running,Ford,21.2,17.67,0,0,0,0,3,21.2
2023,2023-09-03,September Darlington,Darlington Raceway,Austin Dillon,3,20,28,200,0,Running,Chevrolet,21.6,20.33,0,0,0,1,6,19.89
2023,2023-09-03,September Darlington,Darlington Raceway,BJ McLeod,78,36,36,200,0,Running,Chevrolet,28.4,31.0,0,0,0,0,0,35.62
2023,2023-09-03,September Darlington,Darlington Raceway,Brad Keselowski,6,6,5,200,0,Running,Ford,9.4,15.0,0,0,0,6,11,8.95
2023,2023-09-03,September Darlington,Darlington Raceway,Bubba Wallace,23,7,19,200,0,Running,Toyota,14.4,13.67,0,0,0,4,6,12.32
2023,2023-09-03,September Darlington,Darlington Raceway,Carson Hocevar,42,17,15,200,0,Running,Chevrolet,36.0,15.0,0,0,0,0,0,19.55
2023,2023-09-03,September Darlington,Darlington Raceway,Chase Briscoe,14,15,12,200,0,Running,Ford,22.6,21.33,0,0,0,3,6,16.46
2023,2023-09-03,September Darlington,Darlington Raceway,Chase Elliott,9,8,13,200,0,Running,Chevrolet,17.4,14.67,0,0,0,7,10,11.29
2023,2023-09-03,September Darlington,Darlington Raceway,Chris Buescher,17,3,8,200,0,Running,Ford,4.2,17.33,0,0,3,6,12,7.43
2023,2023-09-03,September Darlington,Darlington Raceway,Christopher Bell,20,23,1,200,40,Running,Toyota,12.2,8.33,0,0,1,6,13,16.5
2023,2023-09-03,September Darlington,Darlington Raceway,Corey LaJoie,7,22,22,200,3,Running,Chevrolet,21.2,27.67,0,0,0,1,2,23.73
2023,2023-09-03,September Darlington,Darlington Raceway,Daniel Suarez,99,34,21,200,0,Running,Chevrolet,16.8,20.67,0,0,0,3,8,20.46
2023,2023-09-03,September Darlington,Darlington Raceway,Denny Hamlin,11,25,2,200,177,Running,Toyota,10.4,11.67,0,0,2,9,12,8.06
2023,2023-09-03,September Darlington,Darlington Raceway,Erik Jones,43,10,20,200,0,Running,Chevrolet,23.0,17.0,1,0,0,0,5,10.18
2023,2023-09-03,September Darlington,Darlington Raceway,Harrison Burton,21,35,32,200,0,Running,Ford,26.0,13.67,0,0,0,0,2,25.66
2023,2023-09-03,September Darlington,Darlington Raceway,JJ Yeley,15,30,33,200,1,Running,Chevrolet,22.8,28.5,0,0,0,0,1,31.95
2023,2023-09-03,September Darlington,Darlington Raceway,Joey Logano,22,12,6,200,0,Running,Ford,13.4,7.67,1,2,1,8,13,15.12
2023,2023-09-03,September Darlington,Darlington Raceway,Justin Haley,31,24,29,200,0,Running,Chevrolet,27.2,10.0,0,0,0,1,5,27.98
2023,2023-09-03,September Darlington,Darlington Raceway,Kevin Harvick,4,19,7,200,1,Running,Ford,14.2,13.0,0,0,0,6,12,7.61
2023,2023-09-03,September Darlington,Darlington Raceway,Kyle Busch,8,11,11,200,0,Running,Chevrolet,19.4,23.33,0,0,3,8,14,15.1
2023,2023-09-03,September Darlington,Darlington Raceway,Kyle Larson,5,1,18,200,55,Running,Chevrolet,17.0,22.67,0,0,2,10,12,4.47
2023,2023-09-03,September Darlington,Darlington Raceway,Martin Truex Jr,19,18,31,200,0,Running,Toyota,9.2,28.67,0,1,3,9,15,22.44
2023,2023-09-03,September Darlington,Darlington Raceway,Michael McDowell,34,32,9,200,0,Running,Ford,19.2,15.33,0,0,1,2,6,25.9
2023,2023-09-03,September Darlington,Darlington Raceway,Ricky Stenhouse Jr,47,16,25,200,0,Running,Chevrolet,22.0,18.67,0,0,1,2,7,26.05
2023,2023-09-03,September Darlington,Darlington Raceway,Ross Chastain,1,5,27,200,0,Running,Chevrolet,16.6,26.33,0,0,1,6,9,18.3
2023,2023-09-03,September Darlington,Darlington Raceway,Ryan Blaney,12,9,4,200,0,Running,Ford,16.2,13.0,0,0,1,4,12,9.99
2023,2023-09-03,September Darlington,Darlington Raceway,Ryan Newman,51,27,35,200,0,Running,Ford,29.0,28.0,0,0,0,0,0,30.91
2023,2023-09-03,September Darlington,Darlington Raceway,Ryan Preece,41,28,34,200,0,Running,Ford,21.2,15.0,0,0,0,1,1,32.23
2023,2023-09-03,September Darlington,Darlington Raceway,Todd Gilliland,38,26,30,200,0,Running,Ford,26.8,18.0,0,0,0,0,3,27.15
2023,2023-09-03,September Darlington,Darlington Raceway,Ty Dillon,77,29,26,200,0,Running,Chevrolet,25.2,20.33,0,0,0,0,0,33.06
2023,2023-09-03,September Darlington,Darlington Raceway,Ty Gibbs,54,21,17,200,0,Running,Toyota,15.6,15.5,0,0,0,2,7,17.86
2023,2023-09-03,September Darlington,Darlington Raceway,Tyler Reddick,45,2,3,200,90,Running,Toyota,16.6,9.0,0,0,1,7,11,2.6
2023,2023-09-03,September Darlington,Darlington Raceway,William Byron,24,4,23,200,0,Running,Chevrolet,15.8,7.33,1,0,5,9,13,9.02
2024,2024-05-12,May Darlington,Darlington Raceway,Alex Bowman,48,8,18,200,0,Running,Chevrolet,13.0,24.0,0,0,0,4,7,15
2024,2024-05-12,May Darlington,Darlington Raceway,Austin Cindric,2,20,25,200,0,Running,Ford,24.6,21.0,0,0,0,1,1,20
2024,2024-05-12,May Darlington,Darlington Raceway,Austin Dillon,3,28,23,200,0,Running,Chevrolet,24.8,20.25,0,0,0,0,1,28
2024,2024-05-12,May Darlington,Darlington Raceway,Brad Keselowski,6,1,2,200,37,Running,Ford,13.8,12.75,0,0,0,4,5,3
2024,2024-05-12,May Darlington,Darlington Raceway,Bubba Wallace,23,7,8,200,6,Running,Toyota,19.2,12.0,0,0,0,3,4,9
2024,2024-05-12,May Darlington,Darlington Raceway,Carson Hocevar,77,26,21,200,2,Running,Chevrolet,18.0,17.0,0,0,0,0,1,24
2024,2024-05-12,May Darlington,Darlington Raceway,Chase Briscoe,14,5,13,200,0,Running,Ford,13.6,19.75,0,0,0,0,4,13
2024,2024-05-12,May Darlington,Darlington Raceway,Chase Elliott,9,12,31,200,0,Running,Chevrolet,5.4,13.0,0,0,1,5,6,22
2024,2024-05-12,May Darlington,Darlington Raceway,Chris Buescher,17,30,3,200,21,Running,Ford,14.8,13.75,0,0,0,2,6,8
2024,2024-05-12,May Darlington,Darlington Raceway,Christopher Bell,20,13,12,200,0,Running,Toyota,26.0,12.0,0,1,1,3,6,17
2024,2024-05-12,May Darlington,Darlington Raceway,Corey LaJoie,7,16,24,200,0,Running,Chevrolet,23.8,26.25,0,0,0,1,1,20
2024,2024-05-12,May Darlington,Darlington Raceway,Daniel Hemric,31,33,29,200,0,Running,Chevrolet,19.2,27.0,0,0,0,0,2,31
2024,2024-05-12,May Darlington,Darlington Raceway,Daniel Suarez,99,24,19,200,0,Running,Chevrolet,19.6,24.0,0,0,1,2,2,29
2024,2024-05-12,May Darlington,Darlington Raceway,Denny Hamlin,11,4,7,200,1,Running,Toyota,16.8,15.0,0,0,3,4,5,8
2024,2024-05-12,May Darlington,Darlington Raceway,Derek Kraus,16,29,32,200,0,Running,Chevrolet,31.33,15.0,0,0,0,0,0,31
2024,2024-05-12,May Darlington,Darlington Raceway,Erik Jones,43,19,30,200,0,Running,Toyota,22.4,15.25,1,0,0,0,1,24
2024,2024-05-12,May Darlington,Darlington Raceway,Harrison Burton,21,22,35,200,0,Running,Ford,26.6,19.0,0,0,0,0,1,27
2024,2024-05-12,May Darlington,Darlington Raceway,Joey Logano,22,21,14,200,0,Running,Ford,17.2,8.75,1,2,0,1,3,10
2024,2024-05-12,May Darlington,Darlington Raceway,John Hunter Nemechek,42,31,22,200,0,Running,Toyota,27.2,15.0,0,0,0,0,2,28
2024,2024-05-12,May Darlington,Darlington Raceway,Josh Berry,4,3,33,200,0,Running,Ford,21.2,30.0,0,0,0,0,0,14
2024,2024-05-12,May Darlington,Darlington Raceway,Justin Haley,51,9,28,200,0,Running,Chevrolet,25.8,13.5,0,0,0,0,0,20
2024,2024-05-12,May Darlington,Darlington Raceway,Kaz Grala,15,18,34,200,0,Running,Chevrolet,28.0,15.0,0,0,0,0,0,30
2024,2024-05-12,May Darlington,Darlington Raceway,Kyle Busch,8,27,11,200,0,Running,Chevrolet,12.8,20.25,0,0,0,2,5,23
2024,2024-05-12,May Darlington,Darlington Raceway,Kyle Larson,5,34,6,200,15,Running,Chevrolet,9.4,17.25,1,0,2,6,6,9
2024,2024-05-12,May Darlington,Darlington Raceway,Martin Truex Jr,19,25,10,200,0,Running,Toyota,10.0,26.0,0,1,0,4,7,17
2024,2024-05-12,May Darlington,Darlington Raceway,Michael McDowell,34,10,16,200,0,Running,Ford,26.6,19.5,0,0,0,0,3,16
2024,2024-05-12,May Darlington,Darlington Raceway,Noah Gragson,10,14,36,200,0,Running,Ford,11.2,26.0,0,0,0,1,5,20
2024,2024-05-12,May Darlington,Darlington Raceway,Ricky Stenhouse Jr,47,23,20,200,0,Running,Chevrolet,21.4,18.0,0,0,0,1,2,28
2024,2024-05-12,May Darlington,Darlington Raceway,Ross Chastain,1,11,9,200,0,Running,Chevrolet,18.0,21.0,0,0,0,1,4,14
2024,2024-05-12,May Darlington,Darlington Raceway,Ryan Blaney,12,36,17,200,1,Running,Ford,15.4,12.0,0,0,0,4,5,26
2024,2024-05-12,May Darlington,Darlington Raceway,Ryan Preece,41,17,26,200,0,Running,Ford,20.0,21.5,0,0,0,0,1,25
2024,2024-05-12,May Darlington,Darlington Raceway,Todd Gilliland,38,15,15,200,0,Running,Ford,19.4,20.0,0,0,0,0,1,12
2024,2024-05-12,May Darlington,Darlington Raceway,Ty Gibbs,54,2,4,200,34,Running,Toyota,19.2,17.33,0,0,0,3,6,4
2024,2024-05-12,May Darlington,Darlington Raceway,Tyler Reddick,45,32,1,200,174,Running,Toyota,8.6,7.25,0,0,1,4,7,3
2024,2024-05-12,May Darlington,Darlington Raceway,William Byron,24,6,5,200,2,Running,Chevrolet,13.4,6.5,1,0,3,4,7,6
2024,2024-05-12,May Darlington,Darlington Raceway,Zane Smith,71,35,27,200,0,Running,Chevrolet,27.8,15.0,0,0,0,0,0,34
2024,2024-09-01,September Darlington,Darlington Raceway,Alex Bowman,48,19,27,200,0,Running,Chevrolet,21.0,20.0,0,0,1,6,12,22.0
2024,2024-09-01,September Darlington,Darlington Raceway,Austin Cindric,2,13,11,200,0,Running,Ford,19.0,20.8,0,0,1,2,3,25.0
2024,2024-09-01,September Darlington,Darlington Raceway,Austin Dillon,3,15,16,200,0,Running,Chevrolet,15.2,21.8,0,0,1,1,3,17.0
2024,2024-09-01,September Darlington,Darlington Raceway,Brad Keselowski,6,14,12,200,0,Running,Ford,11.4,10.4,1,0,1,8,12,12.0
2024,2024-09-01,September Darlington,Darlington Raceway,Bubba Wallace,23,16,1,200,37,Running,Toyota,10.2,11.0,0,0,0,5,10,7.0
2024,2024-09-01,September Darlington,Darlington Raceway,Carson Hocevar,77,33,2,200,0,Running,Chevrolet,11.6,21.5,0,0,0,0,4,17.0
2024,2024-09-01,September Darlington,Darlington Raceway,Chase Briscoe,14,1,3,200,29,Running,Ford,21.0,16.8,0,0,0,2,6,3.0
2024,2024-09-01,September Darlington,Darlington Raceway,Chase Elliott,9,11,20,200,0,Running,Chevrolet,15.8,12.8,0,0,1,7,12,20.0
2024,2024-09-01,September Darlington,Darlington Raceway,Chris Buescher,17,6,10,200,0,Running,Ford,13.4,17.0,0,0,0,5,11,11.0
2024,2024-09-01,September Darlington,Darlington Raceway,Christopher Bell,20,3,9,200,1,Running,Toyota,12.0,12.2,0,1,3,8,14,6.0
2024,2024-09-01,September Darlington,Darlington Raceway,Corey LaJoie,7,9,19,200,0,Running,Chevrolet,26.6,24.2,0,0,0,1,1,21.0
2024,2024-09-01,September Darlington,Darlington Raceway,Daniel Hemric,31,29,25,200,0,Running,Chevrolet,23.4,29.0,0,0,0,0,4,30.0
2024,2024-09-01,September Darlington,Darlington Raceway,Daniel Suarez,99,18,32,200,0,Running,Chevrolet,16.4,24.0,0,0,1,2,6,21.0
2024,2024-09-01,September Darlington,Darlington Raceway,Denny Hamlin,11,7,14,200,21,Running,Toyota,16.6,12.8,0,0,3,9,11,6.0
2024,2024-09-01,September Darlington,Darlington Raceway,Erik Jones,43,24,28,200,0,Running,Toyota,20.8,16.0,1,0,0,0,1,21.0
2024,2024-09-01,September Darlington,Darlington Raceway,Harrison Burton,21,21,24,200,0,Running,Ford,22.8,19.6,0,0,1,1,2,25.0
2024,2024-09-01,September Darlington,Darlington Raceway,Joey Logano,22,8,23,200,0,Running,Ford,24.4,11.2,1,2,1,4,7,14.0
2024,2024-09-01,September Darlington,Darlington Raceway,John Hunter Nemechek,42,25,18,200,0,Running,Toyota,26.4,31.0,0,0,0,0,3,28.0
2024,2024-09-01,September Darlington,Darlington Raceway,Josh Berry,4,31,15,200,5,Running,Ford,23.4,16.5,0,0,0,2,4,10.0
2024,2024-09-01,September Darlington,Darlington Raceway,Justin Haley,51,27,21,200,0,Running,Chevrolet,24.2,12.6,0,0,0,0,2,31.0
2024,2024-09-01,September Darlington,Darlington Raceway,Kaz Grala,15,34,35,200,0,Running,Chevrolet,27.6,18.0,0,0,0,0,0,34.0
2024,2024-09-01,September Darlington,Darlington Raceway,Kyle Busch,8,2,17,200,0,Running,Chevrolet,15.0,21.6,0,0,0,4,8,14.0
2024,2024-09-01,September Darlington,Darlington Raceway,Kyle Larson,5,4,4,200,263,Running,Chevrolet,15.2,20.6,1,0,4,9,12,2.0
2024,2024-09-01,September Darlington,Darlington Raceway,Martin Truex Jr,19,36,5,200,0,Running,Toyota,24.0,25.8,0,1,0,4,9,36.0
2024,2024-09-01,September Darlington,Darlington Raceway,Michael McDowell,34,28,31,200,0,Running,Ford,20.8,17.6,0,0,0,2,6,27.0
2024,2024-09-01,September Darlington,Darlington Raceway,Noah Gragson,10,32,29,200,0,Running,Ford,23.0,20.0,0,0,0,1,7,20.0
2024,2024-09-01,September Darlington,Darlington Raceway,Ricky Stenhouse Jr,47,22,36,200,0,Running,Chevrolet,25.2,19.0,0,0,0,2,5,29.0
2024,2024-09-01,September Darlington,Darlington Raceway,Ross Chastain,1,5,22,200,3,Running,Chevrolet,18.6,19.0,0,0,0,3,8,14.0
2024,2024-09-01,September Darlington,Darlington Raceway,Ryan Blaney,12,37,7,200,0,Running,Ford,12.4,16.8,0,0,2,7,11,37.0
2024,2024-09-01,September Darlington,Darlington Raceway,Ryan Preece,41,12,30,200,0,Running,Ford,26.2,20.0,0,0,0,1,2,16.0
2024,2024-09-01,September Darlington,Darlington Raceway,Shane van Gisbergen,16,26,34,200,4,Running,Chevrolet,30.2,15.0,0,0,0,0,0,28.0
2024,2024-09-01,September Darlington,Darlington Raceway,Timmy Hill,66,35,37,200,0,Running,Chevrolet,36.0,15.0,0,0,0,0,0,34.0
2024,2024-09-01,September Darlington,Darlington Raceway,Todd Gilliland,38,17,33,200,0,Running,Ford,23.2,19.0,0,0,0,0,4,17.0
2024,2024-09-01,September Darlington,Darlington Raceway,Ty Gibbs,54,20,13,200,1,Running,Toyota,16.0,13.5,0,0,0,7,11,8.0
2024,2024-09-01,September Darlington,Darlington Raceway,Tyler Reddick,45,10,6,200,1,Running,Toyota,8.0,12.2,0,1,2,11,17,6.0
2024,2024-09-01,September Darlington,Darlington Raceway,William Byron,24,30,8,200,2,Running,Chevrolet,16.8,6.4,1,0,3,8,13,7.0
2024,2024-09-01,September Darlington,Darlington Raceway,Zane Smith,71,23,26,200,0,Running,Chevrolet,17.8,35.0,0,0,0,1,2,28.0
2025,2025-04-06,April Darlington,Darlington Raceway,AJ Allmendinger,16,18,22,200,0,Running,Chevrolet,18.0,18.0,0,0,0,0,2,16.6
2025,2025-04-06,April Darlington,Darlington Raceway,Alex Bowman,48,35,33,200,0,Running,Chevrolet,10.4,19.8,0,0,0,1,5,21.8
2025,2025-04-06,April Darlington,Darlington Raceway,Austin Cindric,2,11,6,200,0,Running,Ford,21.2,19.5,0,0,0,0,2,13.1
2025,2025-04-06,April Darlington,Darlington Raceway,Austin Dillon,3,23,23,200,0,Running,Chevrolet,22.0,20.67,0,0,0,0,0,22.0
2025,2025-04-06,April Darlington,Darlington Raceway,Austin Hill,33,31,37,200,0,Running,Chevrolet,30.8,15.0,0,0,0,0,0,27.3
2025,2025-04-06,April Darlington,Darlington Raceway,Brad Keselowski,6,33,20,200,0,Running,Ford,22.2,11.0,1,0,0,0,0,23.8
2025,2025-04-06,April Darlington,Darlington Raceway,Bubba Wallace,23,21,5,200,0,Running,Toyota,16.6,11.83,0,1,0,2,3,13.7
2025,2025-04-06,April Darlington,Darlington Raceway,Carson Hocevar,77,32,13,200,0,Running,Chevrolet,27.0,25.33,0,0,0,1,1,33.6
2025,2025-04-06,April Darlington,Darlington Raceway,Chase Briscoe,19,28,4,200,0,Running,Toyota,15.8,14.17,1,0,0,2,3,19.1
2025,2025-04-06,April Darlington,Darlington Raceway,Chase Elliott,9,8,15,200,0,Running,Chevrolet,9.2,12.5,0,0,0,2,4,14.3
2025,2025-04-06,April Darlington,Darlington Raceway,Chris Buescher,17,6,14,200,0,Running,Ford,11.0,15.17,0,0,0,1,4,8.1
2025,2025-04-06,April Darlington,Darlington Raceway,Christopher Bell,20,3,17,200,0,Running,Toyota,9.0,10.67,0,1,3,4,4,13.7
2025,2025-04-06,April Darlington,Darlington Raceway,Cody Ware,51,27,35,200,0,Running,Ford,31.0,25.5,0,0,0,0,0,31.5
2025,2025-04-06,April Darlington,Darlington Raceway,Cole Custer,41,22,31,200,0,Running,Ford,28.4,20.0,0,0,0,0,0,27.9
2025,2025-04-06,April Darlington,Darlington Raceway,Daniel Suarez,99,15,30,200,0,Running,Chevrolet,20.8,23.0,0,0,0,1,1,23.2
2025,2025-04-06,April Darlington,Darlington Raceway,Denny Hamlin,11,1,3,200,10,Running,Toyota,10.8,11.83,0,0,1,3,4,8.2
2025,2025-04-06,April Darlington,Darlington Raceway,Erik Jones,43,17,34,200,0,Running,Toyota,25.0,17.33,1,0,0,0,0,17.7
2025,2025-04-06,April Darlington,Darlington Raceway,JJ Yeley,44,38,38,200,0,Running,Chevrolet,34.4,29.0,0,0,0,0,0,37.1
2025,2025-04-06,April Darlington,Darlington Raceway,Joey Logano,22,13,18,200,0,Running,Ford,14.8,10.67,1,2,0,0,1,8.7
2025,2025-04-06,April Darlington,Darlington Raceway,John Hunter Nemechek,42,30,27,200,0,Running,Toyota,20.8,28.0,0,0,0,1,2,24
2025,2025-04-06,April Darlington,Darlington Raceway,Josh Berry,21,36,24,200,0,Running,Ford,16.0,21.33,0,0,1,2,2,22.1
2025,2025-04-06,April Darlington,Darlington Raceway,Justin Haley,7,24,21,200,0,Running,Chevrolet,20.4,15.0,0,0,0,0,1,24.6
2025,2025-04-06,April Darlington,Darlington Raceway,Kyle Busch,8,10,8,200,0,Running,Chevrolet,16.8,18.33,0,0,0,1,3,14.8
2025,2025-04-06,April Darlington,Darlington Raceway,Kyle Larson,5,37,19,200,0,Running,Chevrolet,10.0,17.83,1,0,1,4,5,37.5
2025,2025-04-06,April Darlington,Darlington Raceway,Michael McDowell,71,29,10,200,0,Running,Chevrolet,17.2,19.33,0,0,0,0,0,22.1
2025,2025-04-06,April Darlington,Darlington Raceway,Noah Gragson,4,19,26,200,0,Running,Ford,22.0,24.0,0,0,0,0,1,18.6
2025,2025-04-06,April Darlington,Darlington Raceway,Ricky Stenhouse Jr,47,25,28,200,0,Running,Chevrolet,20.2,19.5,0,0,0,1,1,30.2
2025,2025-04-06,April Darlington,Darlington Raceway,Riley Herbst,35,34,32,200,0,Running,Toyota,27.4,15.0,0,0,0,0,0,32.6
2025,2025-04-06,April Darlington,Darlington Raceway,Ross Chastain,1,7,25,200,0,Running,Chevrolet,13.0,16.67,0,0,0,1,3,14.2
2025,2025-04-06,April Darlington,Darlington Raceway,Ryan Blaney,12,5,9,200,2,Running,Ford,25.8,20.17,0,0,0,1,2,8.8
2025,2025-04-06,April Darlington,Darlington Raceway,Ryan Preece,60,26,2,200,0,Running,Ford,13.4,18.0,0,0,0,1,3,10.6
2025,2025-04-06,April Darlington,Darlington Raceway,Shane van Gisbergen,88,20,36,200,0,Running,Chevrolet,27.4,26.0,0,0,0,0,1,27.4
2025,2025-04-06,April Darlington,Darlington Raceway,Todd Gilliland,34,14,12,200,0,Running,Ford,19.2,18.67,0,0,0,0,2,17.5
2025,2025-04-06,April Darlington,Darlington Raceway,Ty Dillon,10,16,29,200,0,Running,Chevrolet,21.4,22.5,0,0,0,0,0,19.1
2025,2025-04-06,April Darlington,Darlington Raceway,Ty Gibbs,54,9,11,200,0,Running,Toyota,23.8,14.8,0,0,0,0,0,12.9
2025,2025-04-06,April Darlington,Darlington Raceway,Tyler Reddick,45,4,7,200,42,Running,Toyota,13.8,11.83,0,1,0,2,3,7
2025,2025-04-06,April Darlington,Darlington Raceway,William Byron,24,2,1,200,243,Running,Chevrolet,9.2,10.33,1,0,1,3,4,1.5
2025,2025-04-06,April Darlington,Darlington Raceway,Zane Smith,38,12,16,200,0,Running,Chevrolet,17.6,29.0,0,0,0,0,1,14.3
2025,2025-08-31,August Darlington,Darlington Raceway,AJ Allmendinger,16,5,22,200,0,Running,Chevrolet,20.0,18.0,0,0,0,1,5,11.32
2025,2025-08-31,August Darlington,Darlington Raceway,Alex Bowman,48,31,29,200,0,Running,Chevrolet,14.8,22.33,0,0,0,6,14,30.76
2025,2025-08-31,August Darlington,Darlington Raceway,Austin Cindric,2,12,10,200,0,Running,Ford,17.4,18.29,0,0,1,2,5,13.07
2025,2025-08-31,August Darlington,Darlington Raceway,Austin Dillon,3,23,9,200,0,Running,Chevrolet,17.6,21.0,0,0,1,1,5,19.33
2025,2025-08-31,August Darlington,Darlington Raceway,Brad Keselowski,6,15,32,200,0,Running,Ford,13.2,14.14,1,0,0,4,8,28.02
2025,2025-08-31,August Darlington,Darlington Raceway,Bubba Wallace,23,6,8,200,10,Running,Toyota,16.0,13.14,0,1,1,4,10,6.18
2025,2025-08-31,August Darlington,Darlington Raceway,Carson Hocevar,77,9,26,200,0,Running,Chevrolet,17.0,27.0,0,0,0,2,6,15.24
2025,2025-08-31,August Darlington,Darlington Raceway,Chase Briscoe,19,1,2,200,309,Running,Toyota,12.2,16.14,1,0,1,10,12,1.77
2025,2025-08-31,August Darlington,Darlington Raceway,Chase Elliott,9,17,21,200,8,Running,Chevrolet,20.2,11.86,0,0,1,7,13,17.66
2025,2025-08-31,August Darlington,Darlington Raceway,Chris Buescher,17,10,15,200,0,Running,Ford,15.2,13.86,0,0,0,4,13,16.92
2025,2025-08-31,August Darlington,Darlington Raceway,Christopher Bell,20,29,7,200,2,Running,Toyota,12.2,9.57,0,1,3,9,14,16.92
2025,2025-08-31,August Darlington,Darlington Raceway,Cody Ware,51,37,36,200,0,Running,Ford,30.0,26.0,0,0,0,0,0,33.74
2025,2025-08-31,August Darlington,Darlington Raceway,Cole Custer,41,24,18,200,0,Running,Ford,21.6,20.67,0,0,0,1,2,21.43
2025,2025-08-31,August Darlington,Darlington Raceway,Daniel Suarez,99,25,17,200,0,Running,Chevrolet,13.6,21.86,0,0,0,2,6,28.44
2025,2025-08-31,August Darlington,Darlington Raceway,Denny Hamlin,11,7,1,200,12,Running,Toyota,17.4,10.29,1,0,4,11,13,9.38
2025,2025-08-31,August Darlington,Darlington Raceway,Derek Kraus,44,36,37,200,0,Running,Chevrolet,29.4,29.0,0,0,0,0,0,34.96
2025,2025-08-31,August Darlington,Darlington Raceway,Erik Jones,43,3,19,200,0,Running,Toyota,19.0,17.29,1,0,0,3,4,8.52
2025,2025-08-31,August Darlington,Darlington Raceway,Joey Logano,22,20,14,200,0,Running,Ford,17.2,11.0,1,2,1,3,7,16.48
2025,2025-08-31,August Darlington,Darlington Raceway,John Hunter Nemechek,42,4,30,200,15,Running,Toyota,22.4,28.67,0,0,0,1,6,8.62
2025,2025-08-31,August Darlington,Darlington Raceway,Josh Berry,21,38,3,200,0,Running,Ford,17.4,25.0,0,0,1,2,5,38.0
2025,2025-08-31,August Darlington,Darlington Raceway,Justin Haley,7,27,13,200,0,Running,Chevrolet,20.2,16.29,0,0,0,1,2,19.98
2025,2025-08-31,August Darlington,Darlington Raceway,Kyle Busch,8,8,23,200,0,Running,Chevrolet,23.2,17.14,0,0,0,2,7,15.51
2025,2025-08-31,August Darlington,Darlington Raceway,Kyle Larson,5,19,5,200,2,Running,Chevrolet,16.2,20.57,1,0,3,11,16,8.57
2025,2025-08-31,August Darlington,Darlington Raceway,Michael McDowell,71,33,25,200,0,Running,Chevrolet,21.0,20.71,0,0,0,2,3,23.43
2025,2025-08-31,August Darlington,Darlington Raceway,Noah Gragson,4,14,34,200,0,Running,Ford,29.6,22.75,0,0,0,1,3,20.07
2025,2025-08-31,August Darlington,Darlington Raceway,Ricky Stenhouse Jr,47,30,35,200,0,Running,Chevrolet,29.8,20.29,0,0,0,1,3,29.8
2025,2025-08-31,August Darlington,Darlington Raceway,Riley Herbst,35,28,33,200,0,Running,Toyota,30.2,34.0,0,0,0,0,0,28.56
2025,2025-08-31,August Darlington,Darlington Raceway,Ross Chastain,1,11,6,200,3,Running,Chevrolet,18.8,15.29,0,0,1,3,10,5.56
2025,2025-08-31,August Darlington,Darlington Raceway,Ryan Blaney,12,18,12,200,0,Running,Ford,4.2,18.0,0,0,2,10,14,17.06
2025,2025-08-31,August Darlington,Darlington Raceway,Ryan Preece,60,16,27,200,0,Running,Ford,14.2,19.6,0,0,0,3,10,16.58
2025,2025-08-31,August Darlington,Darlington Raceway,Shane van Gisbergen,88,32,20,200,3,Running,Chevrolet,16.2,23.0,0,0,4,4,5,23.65
2025,2025-08-31,August Darlington,Darlington Raceway,Timmy Hill,66,35,38,200,0,Running,Chevrolet,35.5,35.0,0,0,0,0,0,35.72
2025,2025-08-31,August Darlington,Darlington Raceway,Todd Gilliland,34,26,28,200,0,Running,Ford,20.8,18.0,0,0,0,0,3,27.17
2025,2025-08-31,August Darlington,Darlington Raceway,Ty Dillon,10,34,31,200,0,Running,Chevrolet,27.0,21.2,0,0,0,0,1,33.21
2025,2025-08-31,August Darlington,Darlington Raceway,Ty Gibbs,54,22,16,200,0,Running,Toyota,20.2,13.83,0,0,0,4,7,15.02
2025,2025-08-31,August Darlington,Darlington Raceway,Tyler Reddick,45,2,4,200,3,Running,Toyota,22.4,10.71,0,1,0,5,9,4.6
2025,2025-08-31,August Darlington,Darlington Raceway,William Byron,24,21,11,200,0,Running,Chevrolet,10.4,9.14,1,1,2,9,13,14.53
2025,2025-08-31,August Darlington,Darlington Raceway,Zane Smith,38,13,24,200,0,Running,Chevrolet,25.2,23.33,0,0,0,0,3,25.2
2026,2026-03-22,March Darlington,Darlington Raceway,Tyler Reddick,45,1,1,70,77,Running,Toyota,20.0,20.0,0,0,0,0,0,6.12
2026,2026-03-22,March Darlington,Darlington Raceway,Brad Keselowski,6,2,5,55,142,Running,Ford,20.0,20.0,0,0,0,0,0,2.49
2026,2026-03-22,March Darlington,Darlington Raceway,Ryan Blaney,12,3,7,42,0,Running,Ford,20.0,20.0,0,0,0,0,0,9.75
2026,2026-03-22,March Darlington,Darlington Raceway,Carson Hocevar,77,4,16,33,2,Running,Chevrolet,20.0,20.0,0,0,0,0,0,18.4
2026,2026-03-22,March Darlington,Darlington Raceway,Austin Cindric,2,5,12,38,0,Running,Ford,20.0,20.0,0,0,0,0,0,9.25
2026,2026-03-22,March Darlington,Darlington Raceway,Ty Gibbs,54,6,28,33,1,Running,Toyota,20.0,20.0,0,0,0,0,0,10.95
2026,2026-03-22,March Darlington,Darlington Raceway,Daniel Suarez,7,7,11,33,0,Running,Chevrolet,20.0,20.0,0,0,0,0,0,8.95
2026,2026-03-22,March Darlington,Darlington Raceway,William Byron,24,8,13,34,0,Running,Chevrolet,20.0,20.0,0,0,0,0,0,9.45
2026,2026-03-22,March Darlington,Darlington Raceway,Chris Buescher,17,9,6,42,41,Running,Ford,20.0,20.0,0,0,0,0,0,4.09
2026,2026-03-22,March Darlington,Darlington Raceway,Erik Jones,43,10,24,27,0,Running,Toyota,20.0,20.0,0,0,0,0,0,15.71
2026,2026-03-22,March Darlington,Darlington Raceway,Denny Hamlin,11,11,9,26,0,Running,Toyota,20.0,20.0,0,0,0,0,0,12.03
2026,2026-03-22,March Darlington,Darlington Raceway,Chase Briscoe,19,12,23,32,4,Running,Toyota,20.0,20.0,0,0,0,0,0,8.96
2026,2026-03-22,March Darlington,Darlington Raceway,Ryan Preece,60,13,17,29,0,Running,Ford,20.0,20.0,0,0,0,0,0,11.4
2026,2026-03-22,March Darlington,Darlington Raceway,Shane van Gisbergen,97,14,33,23,0,Running,Chevrolet,20.0,20.0,0,0,0,0,0,20.28
2026,2026-03-22,March Darlington,Darlington Raceway,Chase Elliott,9,15,3,26,6,Running,Chevrolet,20.0,20.0,0,0,0,0,0,11.2
2026,2026-03-22,March Darlington,Darlington Raceway,Ross Chastain,1,16,25,21,0,Running,Chevrolet,20.0,20.0,0,0,0,0,0,18.01
2026,2026-03-22,March Darlington,Darlington Raceway,Josh Berry,21,17,26,20,0,Running,Ford,20.0,20.0,0,0,0,0,0,23.94
2026,2026-03-22,March Darlington,Darlington Raceway,Connor Zilisch,88,18,32,19,0,Running,Chevrolet,20.0,20.0,0,0,0,0,0,23.49
2026,2026-03-22,March Darlington,Darlington Raceway,Christopher Bell,20,19,22,18,0,Running,Toyota,20.0,20.0,0,0,0,0,0,16.3
2026,2026-03-22,March Darlington,Darlington Raceway,Michael McDowell,71,20,20,17,0,Running,Ford,20.0,20.0,0,0,0,0,0,18.98
2026,2026-03-22,March Darlington,Darlington Raceway,Kyle Busch,8,21,8,16,0,Running,Chevrolet,20.0,20.0,0,0,0,0,0,16.86
2026,2026-03-22,March Darlington,Darlington Raceway,Zane Smith,38,22,19,15,0,Running,Chevrolet,20.0,20.0,0,0,0,0,0,22.03
2026,2026-03-22,March Darlington,Darlington Raceway,Todd Gilliland,34,23,31,14,0,Running,Ford,20.0,20.0,0,0,0,0,0,28.59
2026,2026-03-22,March Darlington,Darlington Raceway,Justin Allgaier,48,24,15,0,0,Running,Chevrolet,20.0,20.0,0,0,0,0,0,26.0
2026,2026-03-22,March Darlington,Darlington Raceway,Austin Dillon,3,25,10,12,0,Running,Chevrolet,20.0,20.0,0,0,0,0,0,19.39
2026,2026-03-22,March Darlington,Darlington Raceway,Noah Gragson,4,26,30,11,0,Running,Chevrolet,20.0,20.0,0,0,0,0,0,27.4
2026,2026-03-22,March Darlington,Darlington Raceway,John Hunter Nemechek,42,27,21,10,0,Running,Chevrolet,20.0,20.0,0,0,0,0,0,27.31
2026,2026-03-22,March Darlington,Darlington Raceway,Cole Custer,41,28,35,9,0,Running,Chevrolet,20.0,20.0,0,0,0,0,0,31.43
2026,2026-03-22,March Darlington,Darlington Raceway,Ricky Stenhouse Jr,47,29,18,8,0,Running,Chevrolet,20.0,20.0,0,0,0,0,0,26.06
2026,2026-03-22,March Darlington,Darlington Raceway,AJ Allmendinger,16,30,27,7,0,Running,Chevrolet,20.0,20.0,0,0,0,0,0,29.53
2026,2026-03-22,March Darlington,Darlington Raceway,Ty Dillon,10,31,36,6,0,Running,Chevrolet,20.0,20.0,0,0,0,0,0,32.45
2026,2026-03-22,March Darlington,Darlington Raceway,Kyle Larson,5,32,4,19,20,Running,Chevrolet,20.0,20.0,0,0,0,0,0,6.81
2026,2026-03-22,March Darlington,Darlington Raceway,Joey Logano,22,33,29,4,0,Running,Ford,20.0,20.0,0,0,0,0,0,32.69
2026,2026-03-22,March Darlington,Darlington Raceway,Bubba Wallace,23,34,2,11,0,Running,Toyota,20.0,20.0,0,0,0,0,0,23.27
2026,2026-03-22,March Darlington,Darlington Raceway,Riley Herbst,35,35,14,2,0,Running,Toyota,20.0,20.0,0,0,0,0,0,21.18
2026,2026-03-22,March Darlington,Darlington Raceway,Cody Ware,51,36,34,1,0,Running,Ford,20.0,20.0,0,0,0,0,0,35.21
2026,2026-03-22,March Darlington,Darlington Raceway,Timmy Hill,66,37,37,0,0,Running,Chevrolet,20.0,20.0,0,0,0,0,0,36.99
2022,2022-02-20,February Daytona,Daytona International Speedway,Alex Bowman,48,24,2,200,0,Running,Chevrolet,15.0,15.0,0,0,0,0,0,27.1
2022,2022-02-20,February Daytona,Daytona International Speedway,Aric Almirola,10,5,38,200,0,Running,Ford,15.0,15.0,0,0,0,0,0,15.9
2022,2022-02-20,February Daytona,Daytona International Speedway,Austin Cindric,2,1,5,200,21,Running,Ford,15.0,15.0,0,0,0,0,0,6.2
2022,2022-02-20,February Daytona,Daytona International Speedway,Austin Dillon,3,25,36,200,1,Running,Chevrolet,15.0,15.0,0,0,0,0,0,27.2
2022,2022-02-20,February Daytona,Daytona International Speedway,BJ McLeod,78,27,37,200,0,Running,Chevrolet,15.0,15.0,0,0,0,0,0,32.4
2022,2022-02-20,February Daytona,Daytona International Speedway,Brad Keselowski,6,9,3,200,67,Running,Ford,15.0,15.0,0,0,0,0,0,4.8
2022,2022-02-20,February Daytona,Daytona International Speedway,Bubba Wallace,23,2,16,200,12,Running,Toyota,15.0,15.0,0,0,0,0,0,10.2
2022,2022-02-20,February Daytona,Daytona International Speedway,Chase Briscoe,14,3,9,200,0,Running,Ford,15.0,15.0,0,0,0,0,0,18.3
2022,2022-02-20,February Daytona,Daytona International Speedway,Chase Elliott,9,10,11,200,0,Running,Chevrolet,15.0,15.0,0,0,0,0,0,16.1
2022,2022-02-20,February Daytona,Daytona International Speedway,Chris Buescher,17,16,4,200,0,Running,Ford,15.0,15.0,0,0,0,0,0,7.9
2022,2022-02-20,February Daytona,Daytona International Speedway,Christopher Bell,20,34,12,200,0,Running,Toyota,15.0,15.0,0,0,0,0,0,25.9
2022,2022-02-20,February Daytona,Daytona International Speedway,Cody Ware,51,17,32,200,0,Running,Ford,15.0,15.0,0,0,0,0,0,27.1
2022,2022-02-20,February Daytona,Daytona International Speedway,Cole Custer,41,20,31,200,0,Running,Ford,15.0,15.0,0,0,0,0,0,22.3
2022,2022-02-20,February Daytona,Daytona International Speedway,Corey LaJoie,7,14,24,200,0,Running,Chevrolet,15.0,15.0,0,0,0,0,0,25.2
2022,2022-02-20,February Daytona,Daytona International Speedway,Daniel Hemric,16,12,33,200,0,Running,Chevrolet,15.0,15.0,0,0,0,0,0,26.4
2022,2022-02-20,February Daytona,Daytona International Speedway,Daniel Suarez,99,18,21,200,0,Running,Chevrolet,15.0,15.0,0,0,0,0,0,21.3
2022,2022-02-20,February Daytona,Daytona International Speedway,David Ragan,15,8,34,200,0,Running,Ford,15.0,15.0,0,0,0,0,0,25.2
2022,2022-02-20,February Daytona,Daytona International Speedway,Denny Hamlin,11,37,30,200,0,Running,Toyota,15.0,15.0,0,0,0,0,0,28.6
2022,2022-02-20,February Daytona,Daytona International Speedway,Erik Jones,43,29,13,200,3,Running,Chevrolet,15.0,15.0,0,0,0,0,0,12.1
2022,2022-02-20,February Daytona,Daytona International Speedway,Greg Biffle,44,36,28,200,0,Running,Ford,15.0,15.0,0,0,0,0,0,37.5
2022,2022-02-20,February Daytona,Daytona International Speedway,Harrison Burton,21,39,8,200,3,Running,Ford,15.0,15.0,0,0,0,0,0,30.3
2022,2022-02-20,February Daytona,Daytona International Speedway,Jacques Villeneuve,27,22,40,200,0,Running,Chevrolet,15.0,15.0,0,0,0,0,0,29.5
2022,2022-02-20,February Daytona,Daytona International Speedway,Joey Logano,22,21,20,200,1,Running,Ford,15.0,15.0,0,0,0,0,0,17.7
2022,2022-02-20,February Daytona,Daytona International Speedway,Justin Haley,31,23,25,200,0,Running,Chevrolet,15.0,15.0,0,0,0,0,0,30.8
2022,2022-02-20,February Daytona,Daytona International Speedway,Kaz Grala,50,26,35,200,0,Running,Chevrolet,15.0,15.0,0,0,0,0,0,33.4
2022,2022-02-20,February Daytona,Daytona International Speedway,Kevin Harvick,4,30,22,200,0,Running,Ford,15.0,15.0,0,0,0,0,0,13.7
2022,2022-02-20,February Daytona,Daytona International Speedway,Kurt Busch,45,19,17,200,0,Running,Toyota,15.0,15.0,0,0,0,0,0,17.6
2022,2022-02-20,February Daytona,Daytona International Speedway,Kyle Busch,18,6,10,200,28,Running,Toyota,15.0,15.0,0,0,0,0,0,11.4
2022,2022-02-20,February Daytona,Daytona International Speedway,Kyle Larson,5,32,1,200,1,Running,Chevrolet,15.0,15.0,0,0,0,0,0,13.0
2022,2022-02-20,February Daytona,Daytona International Speedway,Landon Cassill,77,15,27,200,0,Running,Chevrolet,15.0,15.0,0,0,0,0,0,28.1
2022,2022-02-20,February Daytona,Daytona International Speedway,Martin Truex Jr,19,13,14,200,11,Running,Toyota,15.0,15.0,0,0,0,0,0,11.9
2022,2022-02-20,February Daytona,Daytona International Speedway,Michael McDowell,34,7,6,200,0,Running,Ford,15.0,15.0,0,0,0,0,0,11.9
2022,2022-02-20,February Daytona,Daytona International Speedway,Noah Gragson,62,31,39,200,0,Running,Chevrolet,15.0,15.0,0,0,0,0,0,18.9
2022,2022-02-20,February Daytona,Daytona International Speedway,Ricky Stenhouse Jr,47,28,18,200,16,Running,Chevrolet,15.0,15.0,0,0,0,0,0,11.3
2022,2022-02-20,February Daytona,Daytona International Speedway,Ross Chastain,1,40,19,200,0,Running,Chevrolet,15.0,15.0,0,0,0,0,0,32.4
2022,2022-02-20,February Daytona,Daytona International Speedway,Ryan Blaney,12,4,7,200,36,Running,Ford,15.0,15.0,0,0,0,0,0,8.3
2022,2022-02-20,February Daytona,Daytona International Speedway,Todd Gilliland,38,33,29,200,0,Running,Ford,15.0,15.0,0,0,0,0,0,14.0
2022,2022-02-20,February Daytona,Daytona International Speedway,Ty Dillon,42,11,26,200,0,Running,Chevrolet,15.0,15.0,0,0,0,0,0,16.3
2022,2022-02-20,February Daytona,Daytona International Speedway,Tyler Reddick,8,35,15,200,0,Running,Toyota,15.0,15.0,0,0,0,0,0,21.6
2022,2022-02-20,February Daytona,Daytona International Speedway,William Byron,24,38,23,200,1,Running,Chevrolet,15.0,15.0,0,0,0,0,0,30.3
2022,2022-08-27,August Daytona,Daytona International Speedway,Alex Bowman,48,14,10,200,11,Running,Chevrolet,17.2,24.0,0,0,1,3,10,11.3
2022,2022-08-27,August Daytona,Daytona International Speedway,Aric Almirola,10,21,27,200,0,Running,Ford,24.4,5.0,0,0,0,2,7,17.0
2022,2022-08-27,August Daytona,Daytona International Speedway,Austin Cindric,2,3,14,200,13,Running,Ford,19.0,1.0,1,0,1,4,7,17.7
2022,2022-08-27,August Daytona,Daytona International Speedway,Austin Dillon,3,1,21,200,1,Running,Chevrolet,17.2,25.0,0,0,0,3,7,16.4
2022,2022-08-27,August Daytona,Daytona International Speedway,BJ McLeod,78,7,36,200,2,Running,Chevrolet,31.6,27.0,0,0,0,0,0,25.1
2022,2022-08-27,August Daytona,Daytona International Speedway,Brad Keselowski,6,35,24,200,0,Running,Ford,16.6,9.0,0,0,0,0,3,32.3
2022,2022-08-27,August Daytona,Daytona International Speedway,Bubba Wallace,23,11,30,200,2,Running,Toyota,12.6,2.0,0,0,0,4,6,13.7
2022,2022-08-27,August Daytona,Daytona International Speedway,Chase Briscoe,14,31,26,200,0,Running,Ford,21.2,3.0,0,0,1,3,4,24.0
2022,2022-08-27,August Daytona,Daytona International Speedway,Chase Elliott,9,29,2,200,31,Running,Chevrolet,7.4,10.0,0,0,4,10,17,12.9
2022,2022-08-27,August Daytona,Daytona International Speedway,Chris Buescher,17,27,8,200,1,Running,Ford,13.4,16.0,0,0,0,2,8,18.1
2022,2022-08-27,August Daytona,Daytona International Speedway,Christopher Bell,20,36,5,200,0,Running,Toyota,10.4,34.0,0,0,1,7,14,30.0
2022,2022-08-27,August Daytona,Daytona International Speedway,Cody Ware,51,6,33,200,0,Running,Ford,28.0,17.0,0,0,0,0,0,24.7
2022,2022-08-27,August Daytona,Daytona International Speedway,Cole Custer,41,16,15,200,0,Running,Ford,18.8,20.0,0,0,0,0,2,16.3
2022,2022-08-27,August Daytona,Daytona International Speedway,Corey LaJoie,7,30,31,200,6,Running,Chevrolet,22.2,14.0,0,0,0,1,1,19.7
2022,2022-08-27,August Daytona,Daytona International Speedway,Daniel Hemric,16,26,28,200,0,Running,Chevrolet,22.0,12.0,0,0,0,0,1,19.9
2022,2022-08-27,August Daytona,Daytona International Speedway,Daniel Suarez,99,24,4,200,2,Running,Chevrolet,16.0,18.0,0,0,1,6,10,17.4
2022,2022-08-27,August Daytona,Daytona International Speedway,David Ragan,15,9,34,200,0,Running,Ford,16.67,8.0,0,0,0,0,1,24.5
2022,2022-08-27,August Daytona,Daytona International Speedway,Denny Hamlin,11,25,19,200,13,Running,Toyota,15.2,37.0,0,0,2,5,7,10.9
2022,2022-08-27,August Daytona,Daytona International Speedway,Erik Jones,43,17,11,200,22,Running,Chevrolet,15.4,29.0,0,0,0,2,9,12.2
2022,2022-08-27,August Daytona,Daytona International Speedway,Harrison Burton,21,19,29,200,0,Running,Ford,22.2,39.0,0,0,0,1,2,13.5
2022,2022-08-27,August Daytona,Daytona International Speedway,Joey Logano,22,12,3,200,14,Running,Ford,7.8,21.0,0,0,2,7,12,7.9
2022,2022-08-27,August Daytona,Daytona International Speedway,Justin Haley,31,28,18,200,8,Running,Chevrolet,19.2,23.0,0,0,0,1,2,17.6
2022,2022-08-27,August Daytona,Daytona International Speedway,Kevin Harvick,4,20,7,200,0,Running,Ford,14.8,30.0,0,0,2,7,13,14.8
2022,2022-08-27,August Daytona,Daytona International Speedway,Kyle Busch,18,10,22,200,7,Running,Toyota,24.8,6.0,0,0,1,6,12,13.1
2022,2022-08-27,August Daytona,Daytona International Speedway,Kyle Larson,5,37,1,200,0,Running,Chevrolet,12.4,32.0,0,1,2,10,13,34.9
2022,2022-08-27,August Daytona,Daytona International Speedway,Landon Cassill,77,4,35,200,0,Running,Chevrolet,25.4,15.0,0,0,0,0,0,21.8
2022,2022-08-27,August Daytona,Daytona International Speedway,Martin Truex Jr,19,8,13,200,1,Running,Toyota,12.8,13.0,0,0,0,3,11,13.3
2022,2022-08-27,August Daytona,Daytona International Speedway,Michael McDowell,34,32,9,200,2,Running,Ford,15.4,7.0,0,0,0,1,10,20.8
2022,2022-08-27,August Daytona,Daytona International Speedway,Noah Gragson,62,5,37,200,0,Running,Chevrolet,27.2,31.0,0,0,0,0,0,23.8
2022,2022-08-27,August Daytona,Daytona International Speedway,Ricky Stenhouse Jr,47,22,20,200,0,Running,Chevrolet,20.2,28.0,0,0,0,1,5,14.0
2022,2022-08-27,August Daytona,Daytona International Speedway,Ross Chastain,1,33,12,200,0,Running,Chevrolet,24.4,40.0,0,0,2,10,14,21.5
2022,2022-08-27,August Daytona,Daytona International Speedway,Ryan Blaney,12,15,16,200,0,Running,Ford,19.6,4.0,0,0,0,8,12,27.0
2022,2022-08-27,August Daytona,Daytona International Speedway,Todd Gilliland,38,23,32,200,0,Running,Ford,24.2,33.0,0,0,0,1,1,15.2
2022,2022-08-27,August Daytona,Daytona International Speedway,Ty Dillon,42,18,25,200,1,Running,Chevrolet,20.6,11.0,0,0,0,0,1,20.9
2022,2022-08-27,August Daytona,Daytona International Speedway,Ty Gibbs,45,13,23,200,0,Running,Toyota,21.0,15.0,0,0,0,0,1,26.7
2022,2022-08-27,August Daytona,Daytona International Speedway,Tyler Reddick,8,2,6,200,13,Running,Toyota,14.0,35.0,0,0,2,7,10,11.8
2022,2022-08-27,August Daytona,Daytona International Speedway,William Byron,24,34,17,200,1,Running,Chevrolet,17.6,38.0,0,0,2,4,5,20.2
2023,2023-02-19,February Daytona,Daytona International Speedway,AJ Allmendinger,16,6,29,200,1,Running,Chevrolet,10.2,15.0,0,0,0,0,0,23.0
2023,2023-02-19,February Daytona,Daytona International Speedway,Alex Bowman,48,5,1,200,12,Running,Chevrolet,21.8,19.0,0,0,0,0,0,16.0
2023,2023-02-19,February Daytona,Daytona International Speedway,Aric Almirola,10,21,4,200,16,Running,Ford,17.8,13.0,0,0,0,0,0,8.0
2023,2023-02-19,February Daytona,Daytona International Speedway,Austin Cindric,2,23,6,200,0,Running,Ford,21.2,2.0,1,0,0,0,0,10.0
2023,2023-02-19,February Daytona,Daytona International Speedway,Austin Dillon,3,33,27,200,0,Running,Chevrolet,14.0,13.0,1,0,0,0,0,24.0
2023,2023-02-19,February Daytona,Daytona International Speedway,BJ McLeod,78,30,32,200,0,Running,Chevrolet,32.2,17.0,0,0,0,0,0,35.0
2023,2023-02-19,February Daytona,Daytona International Speedway,Brad Keselowski,6,22,10,200,42,Running,Ford,21.4,22.0,0,0,0,0,0,9.0
2023,2023-02-19,February Daytona,Daytona International Speedway,Bubba Wallace,23,20,15,200,5,Running,Toyota,17.8,6.5,0,0,0,0,0,23.0
2023,2023-02-19,February Daytona,Daytona International Speedway,Chase Briscoe,14,35,30,200,5,Running,Ford,12.4,17.0,0,0,0,0,0,24.0
2023,2023-02-19,February Daytona,Daytona International Speedway,Chase Elliott,9,38,8,200,0,Running,Chevrolet,18.6,19.5,0,0,0,0,0,25.0
2023,2023-02-19,February Daytona,Daytona International Speedway,Chris Buescher,17,4,9,200,32,Running,Ford,15.8,21.5,0,0,0,0,0,9.0
2023,2023-02-19,February Daytona,Daytona International Speedway,Christopher Bell,20,3,5,200,20,Running,Toyota,11.4,35.0,0,0,0,0,0,15.0
2023,2023-02-19,February Daytona,Daytona International Speedway,Cody Ware,51,14,35,200,0,Running,Ford,30.2,11.5,0,0,0,0,0,28.0
2023,2023-02-19,February Daytona,Daytona International Speedway,Conor Daly,50,29,34,200,0,Running,Chevrolet,34.0,15.0,0,0,0,0,0,36.0
2023,2023-02-19,February Daytona,Daytona International Speedway,Corey LaJoie,7,16,12,200,0,Running,Chevrolet,19.6,22.0,0,0,0,0,0,20.0
2023,2023-02-19,February Daytona,Daytona International Speedway,Daniel Suarez,99,7,24,200,3,Running,Chevrolet,19.6,21.0,0,0,0,0,0,21.0
2023,2023-02-19,February Daytona,Daytona International Speedway,Denny Hamlin,11,17,18,200,6,Running,Toyota,7.6,31.0,0,0,0,0,0,11.0
2023,2023-02-19,February Daytona,Daytona International Speedway,Erik Jones,43,37,25,200,0,Running,Chevrolet,16.2,23.0,0,0,0,0,0,26.0
2023,2023-02-19,February Daytona,Daytona International Speedway,Harrison Burton,21,26,19,200,9,Running,Ford,20.8,29.0,0,0,0,0,0,20.0
2023,2023-02-19,February Daytona,Daytona International Speedway,Jimmie Johnson,84,31,39,200,0,Running,Chevrolet,15.0,15.0,0,0,0,0,0,19.0
2023,2023-02-19,February Daytona,Daytona International Speedway,Joey Logano,22,2,3,200,12,Running,Ford,8.8,16.5,0,0,0,0,0,11.0
2023,2023-02-19,February Daytona,Daytona International Speedway,Justin Haley,31,32,28,200,0,Running,Chevrolet,20.2,25.5,0,0,0,0,0,20.0
2023,2023-02-19,February Daytona,Daytona International Speedway,Kevin Harvick,4,12,13,200,1,Running,Ford,8.6,25.0,0,0,0,0,0,14.0
2023,2023-02-19,February Daytona,Daytona International Speedway,Kyle Busch,8,19,36,200,6,Running,Chevrolet,10.2,8.0,0,0,0,0,0,18.0
2023,2023-02-19,February Daytona,Daytona International Speedway,Kyle Larson,5,18,2,200,6,Running,Chevrolet,16.4,34.5,0,2,0,0,0,11.0
2023,2023-02-19,February Daytona,Daytona International Speedway,Martin Truex Jr,19,15,16,200,13,Running,Toyota,13.0,10.5,0,0,0,0,0,13.0
2023,2023-02-19,February Daytona,Daytona International Speedway,Michael McDowell,34,28,11,200,0,Running,Ford,20.8,19.5,0,0,0,0,0,15.0
2023,2023-02-19,February Daytona,Daytona International Speedway,Noah Gragson,42,24,22,200,0,Running,Chevrolet,20.6,18.0,0,0,0,0,0,23.0
2023,2023-02-19,February Daytona,Daytona International Speedway,Ricky Stenhouse Jr,47,1,31,200,10,Running,Chevrolet,22.2,25.0,0,0,0,0,0,20.0
2023,2023-02-19,February Daytona,Daytona International Speedway,Riley Herbst,15,10,38,200,0,Running,Toyota,15.0,15.0,0,0,0,0,0,32.0
2023,2023-02-19,February Daytona,Daytona International Speedway,Ross Chastain,1,9,23,200,6,Running,Chevrolet,9.6,36.5,0,0,0,0,0,22.0
2023,2023-02-19,February Daytona,Daytona International Speedway,Ryan Blaney,12,8,7,200,1,Running,Ford,15.2,9.5,0,0,0,0,0,21.0
2023,2023-02-19,February Daytona,Daytona International Speedway,Ryan Preece,41,36,20,200,4,Running,Ford,31.0,15.0,0,0,0,0,0,16.0
2023,2023-02-19,February Daytona,Daytona International Speedway,Todd Gilliland,38,27,14,200,0,Running,Ford,25.6,28.0,0,0,0,0,0,20.0
2023,2023-02-19,February Daytona,Daytona International Speedway,Travis Pastrana,67,11,40,200,2,Running,Chevrolet,15.0,15.0,0,0,0,0,0,31.0
2023,2023-02-19,February Daytona,Daytona International Speedway,Ty Dillon,77,40,37,200,0,Running,Chevrolet,28.2,14.5,0,0,0,0,0,40.0
2023,2023-02-19,February Daytona,Daytona International Speedway,Ty Gibbs,54,25,33,200,0,Running,Toyota,24.4,13.0,0,0,0,0,0,20.0
2023,2023-02-19,February Daytona,Daytona International Speedway,Tyler Reddick,45,39,26,200,0,Running,Toyota,21.4,18.5,0,0,0,0,0,25.0
2023,2023-02-19,February Daytona,Daytona International Speedway,William Byron,24,34,21,200,0,Running,Chevrolet,10.8,36.0,0,0,0,0,0,15.0
2023,2023-02-19,February Daytona,Daytona International Speedway,Zane Smith,36,13,17,200,0,Running,Chevrolet,17.0,15.0,0,0,0,0,0,30.0
2023,2023-08-26,August Daytona,Daytona International Speedway,AJ Allmendinger,16,29,17,200,8,Running,Chevrolet,20.0,6.0,0,0,0,2,5,22.18
2023,2023-08-26,August Daytona,Daytona International Speedway,Alex Bowman,48,6,31,200,0,Running,Chevrolet,20.6,14.33,0,1,0,4,7,18.63
2023,2023-08-26,August Daytona,Daytona International Speedway,Aric Almirola,10,3,2,200,3,Running,Ford,21.0,15.67,0,0,0,0,2,7.74
2023,2023-08-26,August Daytona,Daytona International Speedway,Austin Cindric,2,37,16,200,0,Running,Ford,18.4,9.0,1,0,0,0,3,25.17
2023,2023-08-26,August Daytona,Daytona International Speedway,Austin Dillon,3,33,21,200,0,Running,Chevrolet,21.8,19.67,1,0,0,1,6,24.96
2023,2023-08-26,August Daytona,Daytona International Speedway,Austin Hill,62,14,26,200,0,Running,Chevrolet,26.5,15.0,0,0,0,0,0,22.07
2023,2023-08-26,August Daytona,Daytona International Speedway,BJ McLeod,78,23,38,200,0,Running,Chevrolet,29.2,21.33,0,0,0,0,0,29.48
2023,2023-08-26,August Daytona,Daytona International Speedway,Brad Keselowski,6,2,12,200,6,Running,Ford,12.2,22.0,0,0,0,5,10,15.37
2023,2023-08-26,August Daytona,Daytona International Speedway,Brennan Poole,15,39,34,200,0,Running,Chevrolet,32.5,15.0,0,0,0,0,0,36.92
2023,2023-08-26,August Daytona,Daytona International Speedway,Bubba Wallace,23,12,4,200,0,Running,Toyota,14.2,11.0,0,0,0,4,6,15.46
2023,2023-08-26,August Daytona,Daytona International Speedway,Chandler Smith,13,15,36,200,0,Running,Toyota,17.0,15.0,0,0,0,0,0,22.86
2023,2023-08-26,August Daytona,Daytona International Speedway,Chase Briscoe,14,30,1,200,67,Running,Ford,22.4,23.0,0,0,0,3,6,10.93
2023,2023-08-26,August Daytona,Daytona International Speedway,Chase Elliott,9,4,23,200,2,Running,Chevrolet,18.6,25.67,0,0,0,6,9,10.25
2023,2023-08-26,August Daytona,Daytona International Speedway,Chris Buescher,17,1,11,200,2,Running,Ford,7.6,15.67,0,0,2,5,11,10.77
2023,2023-08-26,August Daytona,Daytona International Speedway,Christopher Bell,20,16,15,200,0,Running,Toyota,10.2,24.33,0,0,1,6,13,12.98
2023,2023-08-26,August Daytona,Daytona International Speedway,Corey LaJoie,7,10,37,200,0,Running,Chevrolet,24.6,20.0,0,0,0,1,1,26.58
2023,2023-08-26,August Daytona,Daytona International Speedway,Daniel Suarez,99,20,22,200,1,Running,Chevrolet,20.0,16.33,0,0,0,3,8,18.6
2023,2023-08-26,August Daytona,Daytona International Speedway,Denny Hamlin,11,26,19,200,12,Running,Toyota,5.4,26.33,0,0,2,9,12,24.38
2023,2023-08-26,August Daytona,Daytona International Speedway,Erik Jones,43,18,24,200,0,Running,Chevrolet,21.2,27.67,0,0,0,0,5,17.5
2023,2023-08-26,August Daytona,Daytona International Speedway,Harrison Burton,21,28,3,200,5,Running,Ford,22.0,28.0,0,0,0,0,2,19.88
2023,2023-08-26,August Daytona,Daytona International Speedway,JJ Yeley,51,19,33,200,0,Running,Chevrolet,24.8,15.0,0,0,0,0,1,28.72
2023,2023-08-26,August Daytona,Daytona International Speedway,Joey Logano,22,5,14,200,9,Running,Ford,19.4,11.67,0,0,1,7,12,9.31
2023,2023-08-26,August Daytona,Daytona International Speedway,Josh Berry,42,22,29,200,0,Running,Chevrolet,25.2,15.0,0,0,0,1,3,21.86
2023,2023-08-26,August Daytona,Daytona International Speedway,Justin Haley,31,21,28,200,0,Running,Chevrolet,29.6,27.67,0,0,0,1,5,21.69
2023,2023-08-26,August Daytona,Daytona International Speedway,Kevin Harvick,4,9,10,200,14,Running,Ford,13.2,20.67,0,0,0,6,11,10.61
2023,2023-08-26,August Daytona,Daytona International Speedway,Kyle Busch,8,7,18,200,5,Running,Chevrolet,22.2,11.67,0,0,3,8,13,12.57
2023,2023-08-26,August Daytona,Daytona International Speedway,Kyle Larson,5,27,7,200,0,Running,Chevrolet,15.6,29.0,0,2,2,10,12,20.03
2023,2023-08-26,August Daytona,Daytona International Speedway,Martin Truex Jr,19,24,13,200,4,Running,Toyota,5.0,12.0,0,0,3,9,15,13.06
2023,2023-08-26,August Daytona,Daytona International Speedway,Michael McDowell,34,13,39,200,0,Running,Ford,20.4,22.33,0,0,1,2,6,20.23
2023,2023-08-26,August Daytona,Daytona International Speedway,Ricky Stenhouse Jr,47,34,32,200,1,Running,Chevrolet,16.6,17.0,1,0,1,2,7,25.81
2023,2023-08-26,August Daytona,Daytona International Speedway,Riley Herbst,36,38,6,200,0,Running,Toyota,17.5,10.0,0,0,0,0,1,26.29
2023,2023-08-26,August Daytona,Daytona International Speedway,Ross Chastain,1,17,25,200,19,Running,Chevrolet,15.8,27.33,0,0,1,6,9,16.8
2023,2023-08-26,August Daytona,Daytona International Speedway,Ryan Blaney,12,36,8,200,4,Running,Ford,15.0,9.0,0,0,1,4,12,24.06
2023,2023-08-26,August Daytona,Daytona International Speedway,Ryan Preece,41,31,9,200,0,Running,Ford,21.2,36.0,0,0,0,1,1,17.12
2023,2023-08-26,August Daytona,Daytona International Speedway,Todd Gilliland,38,32,35,200,0,Running,Ford,23.4,27.67,0,0,0,0,3,32.82
2023,2023-08-26,August Daytona,Daytona International Speedway,Ty Dillon,77,11,30,200,0,Running,Chevrolet,28.6,23.0,0,0,0,0,0,22.89
2023,2023-08-26,August Daytona,Daytona International Speedway,Ty Gibbs,54,35,5,200,0,Running,Toyota,9.6,19.0,0,0,0,2,7,21.06
2023,2023-08-26,August Daytona,Daytona International Speedway,Tyler Reddick,45,25,20,200,0,Running,Toyota,12.0,25.33,0,0,1,7,11,23.36
2023,2023-08-26,August Daytona,Daytona International Speedway,William Byron,24,8,27,200,1,Running,Chevrolet,17.0,35.33,0,0,5,9,12,19.01
2024,2024-02-19,February Daytona,Daytona International Speedway,AJ Allmendinger,16,6,28,200,9,Running,Chevrolet,17.4,17.5,0,0,0,0,0,25.13
2024,2024-02-19,February Daytona,Daytona International Speedway,Alex Bowman,48,2,7,200,0,Running,Chevrolet,22.2,12.25,0,1,0,0,0,14.43
2024,2024-02-19,February Daytona,Daytona International Speedway,Anthony Alfredo,62,27,39,200,0,Running,Chevrolet,34.0,15.0,0,0,0,0,0,23.64
2024,2024-02-19,February Daytona,Daytona International Speedway,Austin Cindric,2,22,6,200,13,Running,Ford,20.8,16.0,1,0,0,0,0,12.29
2024,2024-02-19,February Daytona,Daytona International Speedway,Austin Dillon,3,37,33,200,0,Running,Chevrolet,15.4,23.0,1,0,0,0,0,36.91
2024,2024-02-19,February Daytona,Daytona International Speedway,Brad Keselowski,6,33,16,200,3,Running,Ford,19.6,17.0,0,0,0,0,0,16.16
2024,2024-02-19,February Daytona,Daytona International Speedway,Bubba Wallace,23,5,24,200,3,Running,Toyota,11.2,11.25,0,0,0,0,0,14.13
2024,2024-02-19,February Daytona,Daytona International Speedway,Carson Hocevar,77,40,9,200,0,Running,Chevrolet,27.4,15.0,0,0,0,0,0,39.38
2024,2024-02-19,February Daytona,Daytona International Speedway,Chase Briscoe,14,10,20,200,0,Running,Ford,21.2,24.75,0,1,0,0,0,17.91
2024,2024-02-19,February Daytona,Daytona International Speedway,Chase Elliott,9,14,5,200,13,Running,Chevrolet,17.8,20.25,0,0,0,0,0,12.43
2024,2024-02-19,February Daytona,Daytona International Speedway,Chris Buescher,17,18,19,200,0,Running,Ford,10.4,12.0,1,0,0,0,0,15.64
2024,2024-02-19,February Daytona,Daytona International Speedway,Christopher Bell,20,3,4,200,22,Running,Toyota,12.2,22.25,0,0,0,0,0,13.84
2024,2024-02-19,February Daytona,Daytona International Speedway,Corey LaJoie,7,4,29,200,1,Running,Chevrolet,21.8,17.5,0,0,0,0,0,18.49
2024,2024-02-19,February Daytona,Daytona International Speedway,Daniel Hemric,31,16,37,200,0,Running,Chevrolet,26.2,19.0,0,0,0,0,0,17.25
2024,2024-02-19,February Daytona,Daytona International Speedway,Daniel Suarez,99,34,13,200,2,Running,Chevrolet,21.8,17.25,0,0,0,0,0,18.58
2024,2024-02-19,February Daytona,Daytona International Speedway,David Ragan,60,20,40,200,2,Running,Ford,14.75,8.5,0,0,0,0,0,19.66
2024,2024-02-19,February Daytona,Daytona International Speedway,Denny Hamlin,11,19,8,200,10,Running,Toyota,17.6,26.25,0,0,0,0,0,15.13
2024,2024-02-19,February Daytona,Daytona International Speedway,Erik Jones,43,8,11,200,0,Running,Toyota,23.8,25.25,0,0,0,0,0,18.05
2024,2024-02-19,February Daytona,Daytona International Speedway,Harrison Burton,21,39,12,200,0,Running,Ford,24.2,28.0,0,0,0,0,0,38.4
2024,2024-02-19,February Daytona,Daytona International Speedway,Jimmie Johnson,84,28,23,200,0,Running,Chevrolet,35.33,31.0,0,0,0,0,0,34.9
2024,2024-02-19,February Daytona,Daytona International Speedway,Joey Logano,22,32,1,200,45,Running,Ford,9.6,10.0,0,0,0,0,0,9.72
2024,2024-02-19,February Daytona,Daytona International Speedway,John Hunter Nemechek,42,7,10,200,0,Running,Toyota,29.5,15.0,0,0,0,0,0,24.61
2024,2024-02-19,February Daytona,Daytona International Speedway,Josh Berry,4,25,30,200,1,Running,Ford,24.2,22.0,0,0,0,0,0,22.45
2024,2024-02-19,February Daytona,Daytona International Speedway,Justin Haley,51,26,22,200,0,Running,Chevrolet,25.2,26.0,0,0,0,0,0,21.8
2024,2024-02-19,February Daytona,Daytona International Speedway,Kaz Grala,36,38,26,200,0,Running,Chevrolet,24.67,26.0,0,0,0,0,0,37.87
2024,2024-02-19,February Daytona,Daytona International Speedway,Kyle Busch,8,12,34,200,12,Running,Chevrolet,15.2,10.5,0,0,0,0,0,10.59
2024,2024-02-19,February Daytona,Daytona International Speedway,Kyle Larson,5,11,17,200,7,Running,Chevrolet,11.4,28.5,0,2,0,0,0,14.38
2024,2024-02-19,February Daytona,Daytona International Speedway,Martin Truex Jr,19,15,27,200,0,Running,Toyota,15.2,15.0,0,0,0,0,0,14.04
2024,2024-02-19,February Daytona,Daytona International Speedway,Michael McDowell,34,36,2,200,6,Running,Ford,21.0,20.0,0,0,0,0,0,28.82
2024,2024-02-19,February Daytona,Daytona International Speedway,Noah Gragson,10,9,38,200,5,Running,Ford,28.0,20.0,0,0,0,0,0,19.63
2024,2024-02-19,February Daytona,Daytona International Speedway,Ricky Stenhouse Jr,47,31,35,200,0,Running,Chevrolet,25.6,21.25,1,0,0,0,0,20.84
2024,2024-02-19,February Daytona,Daytona International Speedway,Riley Herbst,15,24,36,200,0,Running,Toyota,20.5,24.0,0,0,0,0,0,26.68
2024,2024-02-19,February Daytona,Daytona International Speedway,Ross Chastain,1,21,21,200,14,Running,Chevrolet,12.2,24.75,0,0,0,0,0,16.28
2024,2024-02-19,February Daytona,Daytona International Speedway,Ryan Blaney,12,30,32,200,12,Running,Ford,4.6,15.75,0,0,0,0,0,14.97
2024,2024-02-19,February Daytona,Daytona International Speedway,Ryan Preece,41,23,25,200,0,Running,Ford,16.8,33.5,0,0,0,0,0,24.64
2024,2024-02-19,February Daytona,Daytona International Speedway,Todd Gilliland,38,35,31,200,16,Running,Ford,23.0,28.75,0,0,0,0,0,16.95
2024,2024-02-19,February Daytona,Daytona International Speedway,Ty Gibbs,54,17,15,200,0,Running,Toyota,16.8,24.33,0,0,0,0,0,23.28
2024,2024-02-19,February Daytona,Daytona International Speedway,Tyler Reddick,45,29,3,200,0,Running,Toyota,13.0,25.25,0,0,0,0,0,11.78
2024,2024-02-19,February Daytona,Daytona International Speedway,William Byron,24,1,18,200,4,Running,Chevrolet,6.0,28.5,0,0,0,0,0,17.36
2024,2024-02-19,February Daytona,Daytona International Speedway,Zane Smith,71,13,14,200,0,Running,Chevrolet,27.0,13.0,0,0,0,0,0,21.0
2024,2024-08-24,August Daytona,Daytona International Speedway,Alex Bowman,48,16,21,200,0,Running,Chevrolet,18.0,10.2,0,1,1,6,12,23.0
2024,2024-08-24,August Daytona,Daytona International Speedway,Austin Cindric,2,18,8,200,15,Running,Ford,18.4,17.2,1,0,1,2,3,7.0
2024,2024-08-24,August Daytona,Daytona International Speedway,Austin Dillon,3,22,16,200,0,Running,Chevrolet,14.6,25.8,1,0,1,1,3,19.0
2024,2024-08-24,August Daytona,Daytona International Speedway,Austin Hill,33,25,23,200,0,Running,Chevrolet,28.6,14.0,0,0,0,0,0,23.0
2024,2024-08-24,August Daytona,Daytona International Speedway,BJ McLeod,78,19,38,200,0,Running,Chevrolet,33.0,21.75,0,0,0,0,0,25.0
2024,2024-08-24,August Daytona,Daytona International Speedway,Brad Keselowski,6,8,12,200,8,Running,Ford,13.4,20.2,0,0,1,8,11,9.0
2024,2024-08-24,August Daytona,Daytona International Speedway,Bubba Wallace,23,6,18,200,16,Running,Toyota,11.6,10.0,0,0,0,5,9,11.0
2024,2024-08-24,August Daytona,Daytona International Speedway,Carson Hocevar,77,11,37,200,1,Running,Chevrolet,14.2,40.0,0,0,0,0,4,30.0
2024,2024-08-24,August Daytona,Daytona International Speedway,Chase Briscoe,14,14,6,200,2,Running,Ford,24.6,21.8,0,1,0,2,6,21.0
2024,2024-08-24,August Daytona,Daytona International Speedway,Chase Elliott,9,36,10,200,0,Running,Chevrolet,12.8,19.0,0,0,1,7,12,30.0
2024,2024-08-24,August Daytona,Daytona International Speedway,Chris Buescher,17,10,13,200,10,Running,Ford,15.4,13.2,1,0,0,5,10,11.0
2024,2024-08-24,August Daytona,Daytona International Speedway,Christopher Bell,20,3,27,200,0,Running,Toyota,18.8,18.4,0,0,3,7,13,15.0
2024,2024-08-24,August Daytona,Daytona International Speedway,Cody Ware,15,4,33,200,0,Running,Ford,24.4,12.33,0,0,0,0,0,22.0
2024,2024-08-24,August Daytona,Daytona International Speedway,Corey LaJoie,7,34,34,200,0,Running,Chevrolet,25.2,14.8,0,0,0,1,1,30.0
2024,2024-08-24,August Daytona,Daytona International Speedway,Daniel Hemric,31,9,28,200,0,Running,Chevrolet,24.0,18.0,0,0,0,0,3,20.0
2024,2024-08-24,August Daytona,Daytona International Speedway,Daniel Suarez,99,40,22,200,0,Running,Chevrolet,10.6,20.6,0,0,1,2,6,35.0
2024,2024-08-24,August Daytona,Daytona International Speedway,Denny Hamlin,11,38,19,200,0,Running,Toyota,15.0,24.8,0,0,3,9,11,31.0
2024,2024-08-24,August Daytona,Daytona International Speedway,Erik Jones,43,17,40,200,0,Running,Toyota,23.2,21.8,0,0,0,0,1,22.0
2024,2024-08-24,August Daytona,Daytona International Speedway,Harrison Burton,21,1,20,200,1,Running,Ford,27.6,30.2,0,0,0,0,1,16.0
2024,2024-08-24,August Daytona,Daytona International Speedway,Joey Gase,44,20,39,200,0,Running,Ford,15.0,15.0,0,0,0,0,0,32.0
2024,2024-08-24,August Daytona,Daytona International Speedway,Joey Logano,22,31,3,200,34,Running,Ford,22.8,14.4,0,1,1,4,7,7.0
2024,2024-08-24,August Daytona,Daytona International Speedway,John Hunter Nemechek,42,15,31,200,0,Running,Toyota,30.4,7.0,0,0,0,0,3,19.0
2024,2024-08-24,August Daytona,Daytona International Speedway,Josh Berry,4,26,5,200,9,Running,Ford,25.4,23.5,0,0,0,2,4,8.0
2024,2024-08-24,August Daytona,Daytona International Speedway,Justin Haley,51,32,36,200,21,Running,Chevrolet,21.0,26.0,0,0,0,0,2,17.0
2024,2024-08-24,August Daytona,Daytona International Speedway,Kyle Busch,8,2,11,200,8,Running,Chevrolet,16.4,10.8,0,0,0,3,7,8.0
2024,2024-08-24,August Daytona,Daytona International Speedway,Kyle Larson,5,21,9,200,5,Running,Chevrolet,18.8,25.0,0,2,4,9,12,10.0
2024,2024-08-24,August Daytona,Daytona International Speedway,Martin Truex Jr,19,24,17,200,0,Running,Toyota,25.8,15.0,0,0,0,4,9,30.0
2024,2024-08-24,August Daytona,Daytona International Speedway,Michael McDowell,34,30,1,200,26,Running,Ford,15.8,23.2,0,0,0,2,6,9.0
2024,2024-08-24,August Daytona,Daytona International Speedway,Noah Gragson,10,37,15,200,0,Running,Ford,18.4,17.25,0,0,0,1,7,33.0
2024,2024-08-24,August Daytona,Daytona International Speedway,Parker Retzlaff,62,7,29,200,0,Running,Chevrolet,35.0,15.0,0,0,0,0,0,28.0
2024,2024-08-24,August Daytona,Daytona International Speedway,Ricky Stenhouse Jr,47,33,35,200,2,Running,Chevrolet,19.8,23.2,1,0,0,2,5,28.0
2024,2024-08-24,August Daytona,Daytona International Speedway,Ross Chastain,1,12,24,200,0,Running,Chevrolet,20.6,24.0,0,0,0,3,8,24.0
2024,2024-08-24,August Daytona,Daytona International Speedway,Ryan Blaney,12,29,14,200,0,Running,Ford,8.6,18.6,0,0,2,7,11,12.0
2024,2024-08-24,August Daytona,Daytona International Speedway,Ryan Preece,41,39,4,200,0,Running,Ford,25.2,30.0,0,0,0,1,2,35.0
2024,2024-08-24,August Daytona,Daytona International Speedway,Shane van Gisbergen,16,35,32,200,0,Running,Chevrolet,25.2,15.0,0,0,0,0,0,31.0
2024,2024-08-24,August Daytona,Daytona International Speedway,Todd Gilliland,38,23,2,200,5,Running,Ford,20.0,30.0,0,0,0,0,4,12.0
2024,2024-08-24,August Daytona,Daytona International Speedway,Ty Gibbs,54,5,26,200,0,Running,Toyota,15.6,22.5,0,0,0,6,10,19.0
2024,2024-08-24,August Daytona,Daytona International Speedway,Tyler Reddick,45,28,25,200,0,Running,Toyota,2.8,26.0,0,0,2,11,17,21.0
2024,2024-08-24,August Daytona,Daytona International Speedway,William Byron,24,27,7,200,1,Running,Chevrolet,13.0,23.0,1,0,3,8,13,16.0
2024,2024-08-24,August Daytona,Daytona International Speedway,Zane Smith,71,13,30,200,0,Running,Chevrolet,18.6,13.0,0,0,0,1,2,21.0
2025,2025-02-16,February Daytona,Daytona International Speedway,AJ Allmendinger,16,41,13,200,0,Running,Chevrolet,20.2,13.67,0,0,0,0,0,35.2
2025,2025-02-16,February Daytona,Daytona International Speedway,Alex Bowman,48,6,38,200,11,Running,Chevrolet,15.4,11.17,0,1,0,0,0,14.8
2025,2025-02-16,February Daytona,Daytona International Speedway,Austin Cindric,2,8,2,200,59,Running,Ford,16.4,17.33,1,0,0,0,0,5.7
2025,2025-02-16,February Daytona,Daytona International Speedway,Austin Dillon,3,23,15,200,0,Running,Chevrolet,25.6,25.17,1,0,0,0,0,14.3
2025,2025-02-16,February Daytona,Daytona International Speedway,Brad Keselowski,6,26,34,200,0,Running,Ford,20.0,18.17,0,0,0,0,0,21.0
2025,2025-02-16,February Daytona,Daytona International Speedway,Bubba Wallace,23,29,3,200,18,Running,Toyota,12.8,9.33,0,0,0,0,0,11.4
2025,2025-02-16,February Daytona,Daytona International Speedway,Carson Hocevar,77,30,33,200,1,Running,Chevrolet,17.4,25.5,0,0,0,0,0,33.2
2025,2025-02-16,February Daytona,Daytona International Speedway,Chase Briscoe,19,4,1,200,4,Running,Toyota,23.6,20.5,0,1,0,0,0,16.8
2025,2025-02-16,February Daytona,Daytona International Speedway,Chase Elliott,9,15,17,200,2,Running,Chevrolet,10.6,21.83,0,0,0,0,0,10.0
2025,2025-02-16,February Daytona,Daytona International Speedway,Chris Buescher,17,10,6,200,0,Running,Ford,16.2,12.67,1,0,0,0,0,14.5
2025,2025-02-16,February Daytona,Daytona International Speedway,Christopher Bell,20,31,20,200,0,Running,Toyota,7.0,15.83,0,0,0,0,0,15.6
2025,2025-02-16,February Daytona,Daytona International Speedway,Cody Ware,51,25,28,200,0,Running,Ford,17.6,10.25,0,0,0,0,0,30.2
2025,2025-02-16,February Daytona,Daytona International Speedway,Cole Custer,41,21,30,200,0,Running,Ford,27.4,18.0,0,0,0,0,0,21.3
2025,2025-02-16,February Daytona,Daytona International Speedway,Corey LaJoie,1,22,12,200,10,Running,Chevrolet,30.6,18.0,0,0,0,0,0,16.5
2025,2025-02-16,February Daytona,Daytona International Speedway,Daniel Suarez,99,13,36,200,0,Running,Chevrolet,16.4,23.83,0,0,0,0,0,20.5
2025,2025-02-16,February Daytona,Daytona International Speedway,Denny Hamlin,11,24,8,200,6,Running,Toyota,8.2,27.0,0,0,0,0,0,19.1
2025,2025-02-16,February Daytona,Daytona International Speedway,Erik Jones,43,12,4,200,0,Running,Toyota,24.2,21.0,0,0,0,0,0,16.6
2025,2025-02-16,February Daytona,Daytona International Speedway,Helio Castroneves,91,39,41,200,0,Running,Chevrolet,15.0,15.0,0,0,0,0,0,35.5
2025,2025-02-16,February Daytona,Daytona International Speedway,Jimmie Johnson,84,3,40,200,0,Running,Chevrolet,30.4,29.5,0,0,0,0,0,27.7
2025,2025-02-16,February Daytona,Daytona International Speedway,Joey Logano,22,35,10,200,43,Running,Ford,9.6,17.17,0,1,0,0,0,15.7
2025,2025-02-16,February Daytona,Daytona International Speedway,John Hunter Nemechek,42,5,18,200,0,Running,Toyota,26.0,11.0,0,0,0,0,0,20.3
2025,2025-02-16,February Daytona,Daytona International Speedway,Josh Berry,21,37,29,200,0,Running,Ford,19.4,24.33,0,0,0,0,0,32.9
2025,2025-02-16,February Daytona,Daytona International Speedway,Justin Allgaier,40,9,19,200,0,Running,Chevrolet,26.33,15.0,0,0,0,0,0,22.3
2025,2025-02-16,February Daytona,Daytona International Speedway,Justin Haley,7,19,35,200,0,Running,Chevrolet,26.8,27.0,0,0,0,0,0,30.9
2025,2025-02-16,February Daytona,Daytona International Speedway,Kyle Busch,8,34,21,200,0,Running,Chevrolet,21.2,9.33,0,0,0,0,0,14.9
2025,2025-02-16,February Daytona,Daytona International Speedway,Kyle Larson,5,20,22,200,0,Running,Chevrolet,6.4,24.33,0,2,0,0,0,17.5
2025,2025-02-16,February Daytona,Daytona International Speedway,Martin Truex Jr,56,38,39,200,0,Running,Toyota,18.2,16.5,0,0,0,0,0,34.4
2025,2025-02-16,February Daytona,Daytona International Speedway,Michael McDowell,71,11,25,200,4,Running,Chevrolet,22.6,24.33,0,1,0,0,0,23.3
2025,2025-02-16,February Daytona,Daytona International Speedway,Noah Gragson,4,28,32,200,2,Running,Ford,18.2,21.2,0,0,0,0,0,23.1
2025,2025-02-16,February Daytona,Daytona International Speedway,Ricky Stenhouse Jr,47,18,31,200,0,Running,Chevrolet,23.4,24.83,1,0,0,0,0,17.8
2025,2025-02-16,February Daytona,Daytona International Speedway,Riley Herbst,35,17,24,200,0,Running,Toyota,27.6,24.0,0,0,0,0,0,18.7
2025,2025-02-16,February Daytona,Daytona International Speedway,Ross Chastain,1,40,9,200,0,Running,Chevrolet,19.0,22.0,0,0,0,0,0,30.9
2025,2025-02-16,February Daytona,Daytona International Speedway,Ryan Blaney,12,7,16,200,23,Running,Ford,9.4,20.33,0,0,0,0,0,9.1
2025,2025-02-16,February Daytona,Daytona International Speedway,Ryan Preece,60,32,27,200,6,Running,Ford,21.6,32.25,0,0,0,0,0,21.7
2025,2025-02-16,February Daytona,Daytona International Speedway,Shane van Gisbergen,88,33,26,200,0,Running,Chevrolet,13.0,35.0,0,0,0,0,0,29.2
2025,2025-02-16,February Daytona,Daytona International Speedway,Todd Gilliland,34,27,14,200,0,Running,Ford,23.0,28.83,0,0,0,0,0,16.7
2025,2025-02-16,February Daytona,Daytona International Speedway,Ty Dillon,10,14,7,200,3,Running,Chevrolet,24.4,20.0,0,0,0,0,0,22.2
2025,2025-02-16,February Daytona,Daytona International Speedway,Ty Gibbs,54,16,23,200,0,Running,Toyota,34.6,19.0,0,0,0,0,0,20.5
2025,2025-02-16,February Daytona,Daytona International Speedway,Tyler Reddick,45,2,11,200,0,Running,Toyota,17.4,26.33,0,0,0,0,0,13.9
2025,2025-02-16,February Daytona,Daytona International Speedway,William Byron,24,1,5,200,10,Running,Chevrolet,4.4,23.67,1,0,0,0,0,11.2
2025,2025-02-16,February Daytona,Daytona International Speedway,Zane Smith,38,36,37,200,0,Running,Chevrolet,25.0,13.0,0,0,0,0,0,33.9
2025,2025-08-23,August Daytona,Daytona International Speedway,AJ Allmendinger,16,26,21,200,0,Running,Chevrolet,22.2,20.5,0,0,0,1,5,22.1
2025,2025-08-23,August Daytona,Daytona International Speedway,Alex Bowman,48,36,2,200,0,Running,Chevrolet,8.2,10.43,0,1,0,6,14,32.6
2025,2025-08-23,August Daytona,Daytona International Speedway,Austin Cindric,2,39,5,200,0,Running,Ford,12.8,16.0,1,0,1,2,5,34.6
2025,2025-08-23,August Daytona,Daytona International Speedway,Austin Dillon,3,24,7,200,4,Running,Chevrolet,15.8,24.86,1,0,1,1,5,17.4
2025,2025-08-23,August Daytona,Daytona International Speedway,Austin Hill,33,30,36,200,0,Running,Chevrolet,25.8,19.5,0,0,0,0,1,27.7
2025,2025-08-23,August Daytona,Daytona International Speedway,BJ McLeod,78,32,38,200,0,Running,Chevrolet,23.67,15.0,0,0,0,0,0,24.9
2025,2025-08-23,August Daytona,Daytona International Speedway,Brad Keselowski,6,18,10,200,0,Running,Ford,11.6,19.29,0,0,0,4,8,11.6
2025,2025-08-23,August Daytona,Daytona International Speedway,Bubba Wallace,23,37,22,200,1,Running,Toyota,10.0,12.14,0,0,1,4,10,31.5
2025,2025-08-23,August Daytona,Daytona International Speedway,Carson Hocevar,77,34,16,200,0,Running,Chevrolet,17.2,27.0,0,0,0,2,6,25.2
2025,2025-08-23,August Daytona,Daytona International Speedway,Casey Mears,66,29,39,200,0,Running,Chevrolet,35.0,15.0,0,0,0,0,0,30.6
2025,2025-08-23,August Daytona,Daytona International Speedway,Chase Briscoe,19,23,9,200,6,Running,Toyota,8.0,18.14,0,2,1,10,12,13.4
2025,2025-08-23,August Daytona,Daytona International Speedway,Chase Elliott,9,10,30,200,0,Running,Chevrolet,19.4,20.86,0,0,1,7,12,14
2025,2025-08-23,August Daytona,Daytona International Speedway,Chris Buescher,17,7,24,200,0,Running,Ford,15.6,12.29,1,0,0,4,12,11
2025,2025-08-23,August Daytona,Daytona International Speedway,Christopher Bell,20,13,15,200,4,Running,Toyota,13.2,18.0,0,0,3,9,14,13.1
2025,2025-08-23,August Daytona,Daytona International Speedway,Cody Ware,51,20,35,200,23,Running,Ford,33.2,13.2,0,0,0,0,0,17.3
2025,2025-08-23,August Daytona,Daytona International Speedway,Cole Custer,41,4,29,200,7,Running,Ford,26.6,19.0,0,0,0,0,1,17.3
2025,2025-08-23,August Daytona,Daytona International Speedway,Daniel Suarez,99,2,12,200,6,Running,Chevrolet,18.4,22.29,0,0,0,1,5,13.9
2025,2025-08-23,August Daytona,Daytona International Speedway,Denny Hamlin,11,25,6,200,0,Running,Toyota,12.6,26.57,0,0,4,11,13,25.5
2025,2025-08-23,August Daytona,Daytona International Speedway,Erik Jones,43,5,26,200,10,Running,Toyota,23.4,19.71,0,0,0,2,3,15.2
2025,2025-08-23,August Daytona,Daytona International Speedway,Joey Gase,44,28,40,200,0,Running,Ford,28.5,20.0,0,0,0,0,0,30.6
2025,2025-08-23,August Daytona,Daytona International Speedway,Joey Logano,22,27,4,200,27,Running,Ford,14.6,19.71,0,1,1,3,7,8.6
2025,2025-08-23,August Daytona,Daytona International Speedway,John Hunter Nemechek,42,17,34,200,7,Running,Toyota,23.2,9.0,0,0,0,1,6,17.6
2025,2025-08-23,August Daytona,Daytona International Speedway,Josh Berry,21,9,11,200,0,Running,Ford,21.2,27.5,0,0,1,2,4,14.9
2025,2025-08-23,August Daytona,Daytona International Speedway,Justin Haley,7,3,37,200,2,Running,Chevrolet,23.0,25.86,0,0,0,0,1,12.7
2025,2025-08-23,August Daytona,Daytona International Speedway,Kyle Busch,8,33,14,200,0,Running,Chevrolet,18.8,12.86,0,0,0,2,7,31
2025,2025-08-23,August Daytona,Daytona International Speedway,Kyle Larson,5,6,3,200,3,Running,Chevrolet,15.8,23.71,0,2,3,11,15,10.4
2025,2025-08-23,August Daytona,Daytona International Speedway,Michael McDowell,71,12,20,200,3,Running,Chevrolet,21.2,22.43,0,1,0,2,3,12.3
2025,2025-08-23,August Daytona,Daytona International Speedway,Noah Gragson,4,38,32,200,0,Running,Ford,28.4,22.33,0,0,0,1,3,33.8
2025,2025-08-23,August Daytona,Daytona International Speedway,Ricky Stenhouse Jr,47,35,25,200,0,Running,Chevrolet,27.4,23.86,1,0,0,1,3,33
2025,2025-08-23,August Daytona,Daytona International Speedway,Riley Herbst,35,40,33,200,0,Running,Toyota,27.0,22.25,0,0,0,0,0,37.3
2025,2025-08-23,August Daytona,Daytona International Speedway,Ross Chastain,1,15,19,200,7,Running,Chevrolet,22.4,24.57,0,0,1,3,10,12.9
2025,2025-08-23,August Daytona,Daytona International Speedway,Ryan Blaney,12,1,1,200,27,Running,Ford,5.6,18.43,0,0,1,9,13,16
2025,2025-08-23,August Daytona,Daytona International Speedway,Ryan Preece,60,14,31,200,3,Running,Ford,15.2,32.2,0,0,0,3,10,9.3
2025,2025-08-23,August Daytona,Daytona International Speedway,Shane van Gisbergen,88,16,17,200,6,Running,Chevrolet,19.0,34.0,0,0,4,4,5,20.2
2025,2025-08-23,August Daytona,Daytona International Speedway,Todd Gilliland,34,11,28,200,0,Running,Ford,23.6,28.57,0,0,0,0,3,18.4
2025,2025-08-23,August Daytona,Daytona International Speedway,Ty Dillon,10,22,23,200,9,Running,Chevrolet,26.6,18.8,0,0,0,0,1,17.2
2025,2025-08-23,August Daytona,Daytona International Speedway,Ty Gibbs,54,8,18,200,0,Running,Toyota,19.6,18.5,0,0,0,4,6,17.3
2025,2025-08-23,August Daytona,Daytona International Speedway,Tyler Reddick,45,21,27,200,0,Running,Toyota,20.6,22.86,0,0,0,5,9,20.7
2025,2025-08-23,August Daytona,Daytona International Speedway,William Byron,24,19,8,200,5,Running,Chevrolet,12.8,20.43,2,0,2,9,13,17.4
2025,2025-08-23,August Daytona,Daytona International Speedway,Zane Smith,38,31,13,200,0,Running,Chevrolet,23.4,18.75,0,0,0,0,3,29.8
2026,2026-02-15,February Daytona,Daytona International Speedway,Tyler Reddick,45,1,26,200,1,Running,Toyota,15.0,15.0,0,0,0,0,0,17.86
2026,2026-02-15,February Daytona,Daytona International Speedway,Ricky Stenhouse Jr,47,2,16,200,4,Running,Chevrolet,23.0,25.25,1,0,0,0,0,28.85
2026,2026-02-15,February Daytona,Daytona International Speedway,Joey Logano,22,3,3,200,9,Running,Ford,15.0,15.0,0,0,0,0,0,15.86
2026,2026-02-15,February Daytona,Daytona International Speedway,Chase Elliott,9,4,4,200,2,Running,Chevrolet,15.0,15.0,0,0,0,0,0,12.58
2026,2026-02-15,February Daytona,Daytona International Speedway,Brad Keselowski,6,5,9,200,0,Running,Ford,15.0,15.0,0,0,0,0,0,13.15
2026,2026-02-15,February Daytona,Daytona International Speedway,Zane Smith,38,6,30,200,9,Running,Chevrolet,15.0,15.0,0,0,0,0,0,14.52
2026,2026-02-15,February Daytona,Daytona International Speedway,Chris Buescher,17,7,41,200,4,Running,Ford,15.0,15.0,0,0,0,0,0,11.71
2026,2026-02-15,February Daytona,Daytona International Speedway,Riley Herbst,35,8,28,200,0,Running,Toyota,15.0,15.0,0,0,0,0,0,19.14
2026,2026-02-15,February Daytona,Daytona International Speedway,Josh Berry,21,9,14,200,0,Running,Ford,15.0,15.0,0,0,0,0,0,17.18
2026,2026-02-15,February Daytona,Daytona International Speedway,Bubba Wallace,23,10,27,200,40,Running,Toyota,15.0,15.0,0,0,0,0,0,11.65
2026,2026-02-15,February Daytona,Daytona International Speedway,Noah Gragson,4,11,25,200,0,Running,Chevrolet,15.0,15.0,0,0,0,0,0,21.69
2026,2026-02-15,February Daytona,Daytona International Speedway,William Byron,24,12,39,200,0,Running,Chevrolet,15.0,15.0,0,0,0,0,0,22.52
2026,2026-02-15,February Daytona,Daytona International Speedway,Daniel Suarez,7,13,15,200,0,Running,Chevrolet,15.0,15.0,0,0,0,0,0,23.5
2026,2026-02-15,February Daytona,Daytona International Speedway,Ty Dillon,10,14,34,200,3,Running,Chevrolet,15.0,15.0,0,0,0,0,0,21.8
2026,2026-02-15,February Daytona,Daytona International Speedway,Kyle Busch,8,15,1,200,19,Running,Chevrolet,15.0,15.0,0,0,0,0,0,14.68
2026,2026-02-15,February Daytona,Daytona International Speedway,Kyle Larson,5,16,8,200,7,Running,Chevrolet,15.0,15.0,0,0,0,0,0,16.57
2026,2026-02-15,February Daytona,Daytona International Speedway,Cody Ware,51,17,33,200,2,Running,Ford,15.0,15.0,0,0,0,0,0,24.02
2026,2026-02-15,February Daytona,Daytona International Speedway,Carson Hocevar,77,18,6,200,1,Running,Chevrolet,15.0,15.0,0,0,0,0,0,25.34
2026,2026-02-15,February Daytona,Daytona International Speedway,AJ Allmendinger,16,19,35,200,1,Running,Chevrolet,15.0,15.0,0,0,0,0,0,27.43
2026,2026-02-15,February Daytona,Daytona International Speedway,Ross Chastain,1,20,37,200,12,Running,Chevrolet,15.0,15.0,0,0,0,0,0,14.57
2026,2026-02-15,February Daytona,Daytona International Speedway,Erik Jones,43,21,24,200,0,Running,Toyota,15.0,15.0,0,0,0,0,0,21.66
2026,2026-02-15,February Daytona,Daytona International Speedway,Michael McDowell,71,22,10,200,10,Running,Ford,15.0,15.0,0,0,0,0,0,22.63
2026,2026-02-15,February Daytona,Daytona International Speedway,Ty Gibbs,54,23,20,200,0,Running,Toyota,15.0,15.0,0,0,0,0,0,18.21
2026,2026-02-15,February Daytona,Daytona International Speedway,Cole Custer,41,24,23,200,0,Running,Chevrolet,15.0,15.0,0,0,0,0,0,18.84
2026,2026-02-15,February Daytona,Daytona International Speedway,Ryan Preece,60,25,19,200,0,Running,Ford,15.0,15.0,0,0,0,0,0,22.64
2026,2026-02-15,February Daytona,Daytona International Speedway,John Hunter Nemechek,42,26,11,200,19,Running,Chevrolet,24.2,11.0,0,0,0,0,0,17.53
2026,2026-02-15,February Daytona,Daytona International Speedway,Ryan Blaney,12,27,5,200,2,Running,Ford,15.0,15.0,0,0,0,0,0,14.5
2026,2026-02-15,February Daytona,Daytona International Speedway,Corey Heim,67,28,29,200,8,Running,Toyota,22.8,22.8,0,0,0,0,0,17.26
2026,2026-02-15,February Daytona,Daytona International Speedway,Jimmie Johnson,84,29,31,200,0,Running,Chevrolet,26.6,20.67,0,0,0,0,0,30.04
2026,2026-02-15,February Daytona,Daytona International Speedway,Shane van Gisbergen,97,30,13,200,3,Running,Chevrolet,15.0,15.0,0,0,0,0,0,18.71
2026,2026-02-15,February Daytona,Daytona International Speedway,Denny Hamlin,11,31,22,200,3,Running,Toyota,15.0,15.0,0,0,0,0,0,11.74
2026,2026-02-15,February Daytona,Daytona International Speedway,Casey Mears,66,32,17,200,0,Running,Chevrolet,15.0,15.0,0,0,0,0,0,36.52
2026,2026-02-15,February Daytona,Daytona International Speedway,Connor Zilisch,88,33,32,200,0,Running,Chevrolet,23.67,23.67,0,0,0,0,0,28.7
2026,2026-02-15,February Daytona,Daytona International Speedway,Austin Cindric,2,34,36,200,5,Running,Ford,15.0,15.0,0,0,0,0,0,21.86
2026,2026-02-15,February Daytona,Daytona International Speedway,Christopher Bell,20,35,12,200,9,Running,Toyota,15.0,15.0,0,0,0,0,0,13.94
2026,2026-02-15,February Daytona,Daytona International Speedway,Chase Briscoe,19,36,2,200,23,Running,Toyota,15.0,15.0,0,0,0,0,0,24.35
2026,2026-02-15,February Daytona,Daytona International Speedway,Austin Dillon,3,37,7,200,0,Running,Chevrolet,15.0,15.0,0,0,0,0,0,27.96
2026,2026-02-15,February Daytona,Daytona International Speedway,Justin Allgaier,40,38,40,200,3,Running,Chevrolet,15.0,15.0,0,0,0,0,0,24.36
2026,2026-02-15,February Daytona,Daytona International Speedway,Todd Gilliland,34,39,18,200,1,Running,Ford,15.0,15.0,0,0,0,0,0,25.66
2026,2026-02-15,February Daytona,Daytona International Speedway,Alex Bowman,48,40,21,200,0,Running,Chevrolet,15.0,15.0,0,0,0,0,0,28.53
2026,2026-02-15,February Daytona,Daytona International Speedway,BJ McLeod,78,41,38,200,0,Running,Chevrolet,15.0,15.0,0,0,0,0,0,40.7
2022,2022-05-02,May Dover,Dover International Speedway,AJ Allmendinger,16,33,19,200,0,Running,Chevrolet,26.0,15.0,0,0,0,0,0,19
2022,2022-05-02,May Dover,Dover International Speedway,Alex Bowman,48,5,6,200,2,Running,Chevrolet,7.4,15.0,0,0,1,2,6,7
2022,2022-05-02,May Dover,Dover International Speedway,Aric Almirola,10,19,27,200,0,Running,Ford,16.8,15.0,0,0,0,1,4,17
2022,2022-05-02,May Dover,Dover International Speedway,Austin Cindric,2,36,12,200,0,Running,Ford,15.2,15.0,0,0,1,1,2,31
2022,2022-05-02,May Dover,Dover International Speedway,Austin Dillon,3,23,24,200,0,Running,Chevrolet,11.2,15.0,0,0,0,3,5,25
2022,2022-05-02,May Dover,Dover International Speedway,BJ McLeod,78,35,32,200,0,Running,Chevrolet,29.6,15.0,0,0,0,0,0,35
2022,2022-05-02,May Dover,Dover International Speedway,Brad Keselowski,6,20,20,200,0,Running,Ford,15.6,15.0,0,0,0,0,1,16
2022,2022-05-02,May Dover,Dover International Speedway,Bubba Wallace,23,16,9,200,0,Running,Toyota,25.0,15.0,0,0,0,1,1,15
2022,2022-05-02,May Dover,Dover International Speedway,Chase Briscoe,14,13,23,200,0,Running,Ford,21.8,15.0,0,0,1,2,3,22
2022,2022-05-02,May Dover,Dover International Speedway,Chase Elliott,9,1,4,200,73,Running,Chevrolet,8.6,15.0,0,0,0,1,7,4
2022,2022-05-02,May Dover,Dover International Speedway,Chris Buescher,17,8,1,200,18,Running,Ford,20.8,15.0,0,0,0,0,2,8
2022,2022-05-02,May Dover,Dover International Speedway,Christopher Bell,20,4,17,200,0,Running,Toyota,11.6,15.0,0,0,0,1,4,15
2022,2022-05-02,May Dover,Dover International Speedway,Cody Ware,51,34,28,200,0,Running,Ford,30.0,15.0,0,0,0,0,0,33
2022,2022-05-02,May Dover,Dover International Speedway,Cole Custer,41,15,30,200,0,Running,Ford,21.6,15.0,0,0,0,0,0,25
2022,2022-05-02,May Dover,Dover International Speedway,Corey LaJoie,7,18,21,200,0,Running,Chevrolet,26.4,15.0,0,0,0,1,1,20
2022,2022-05-02,May Dover,Dover International Speedway,Daniel Suarez,99,14,8,200,0,Running,Chevrolet,22.4,15.0,0,0,0,2,3,16
2022,2022-05-02,May Dover,Dover International Speedway,Denny Hamlin,11,21,2,200,67,Running,Toyota,20.0,15.0,0,0,1,1,1,14
2022,2022-05-02,May Dover,Dover International Speedway,Erik Jones,43,10,25,200,0,Running,Chevrolet,15.0,15.0,0,0,0,1,3,13
2022,2022-05-02,May Dover,Dover International Speedway,Harrison Burton,21,24,35,200,0,Running,Ford,23.0,15.0,0,0,0,0,0,27
2022,2022-05-02,May Dover,Dover International Speedway,Joey Logano,22,29,22,200,0,Running,Ford,17.0,15.0,0,0,0,3,5,26
2022,2022-05-02,May Dover,Dover International Speedway,Josh Bilicki,77,32,36,200,0,Running,Chevrolet,26.4,15.0,0,0,0,0,0,34
2022,2022-05-02,May Dover,Dover International Speedway,Justin Haley,31,11,14,200,19,Running,Chevrolet,20.2,15.0,0,0,0,0,0,13
2022,2022-05-02,May Dover,Dover International Speedway,Kevin Harvick,4,9,11,200,0,Running,Ford,14.2,15.0,0,0,0,1,4,11
2022,2022-05-02,May Dover,Dover International Speedway,Kurt Busch,45,31,16,200,0,Running,Toyota,24.2,15.0,0,0,0,2,4,26
2022,2022-05-02,May Dover,Dover International Speedway,Kyle Busch,18,7,10,200,103,Running,Toyota,9.6,15.0,0,0,1,3,7,6
2022,2022-05-02,May Dover,Dover International Speedway,Kyle Larson,5,6,3,200,19,Running,Chevrolet,12.2,15.0,0,0,1,5,5,10
2022,2022-05-02,May Dover,Dover International Speedway,Martin Truex Jr,19,12,18,200,5,Running,Toyota,11.8,15.0,0,0,0,2,5,6
2022,2022-05-02,May Dover,Dover International Speedway,Michael McDowell,34,17,29,200,0,Running,Ford,17.0,15.0,0,0,0,0,3,22
2022,2022-05-02,May Dover,Dover International Speedway,Ricky Stenhouse Jr,47,2,15,200,0,Running,Chevrolet,30.2,15.0,0,0,0,0,1,9
2022,2022-05-02,May Dover,Dover International Speedway,Ross Chastain,1,3,7,200,86,Running,Chevrolet,11.8,15.0,0,0,2,6,6,5
2022,2022-05-02,May Dover,Dover International Speedway,Ryan Blaney,12,26,5,200,8,Running,Ford,6.6,15.0,0,0,0,4,6,18
2022,2022-05-02,May Dover,Dover International Speedway,Ryan Preece,15,25,13,200,0,Running,Ford,15.0,15.0,0,0,0,0,0,20
2022,2022-05-02,May Dover,Dover International Speedway,Todd Gilliland,38,28,34,200,0,Running,Ford,23.0,15.0,0,0,0,0,0,32
2022,2022-05-02,May Dover,Dover International Speedway,Ty Dillon,42,27,31,200,0,Running,Chevrolet,22.0,15.0,0,0,0,0,1,29
2022,2022-05-02,May Dover,Dover International Speedway,Tyler Reddick,8,30,26,200,0,Running,Toyota,15.2,15.0,0,0,0,3,4,22
2022,2022-05-02,May Dover,Dover International Speedway,William Byron,24,22,33,200,0,Running,Chevrolet,9.8,15.0,0,0,2,4,4,15
2023,2023-05-01,May Dover,Dover International Speedway,AJ Allmendinger,16,18,29,200,0,Running,Chevrolet,26.6,33.0,0,0,0,0,1,18.66
2023,2023-05-01,May Dover,Dover International Speedway,Aric Almirola,10,24,19,200,0,Running,Ford,20.0,19.0,0,0,0,0,1,23.62
2023,2023-05-01,May Dover,Dover International Speedway,Austin Cindric,2,26,20,200,0,Running,Ford,22.4,36.0,0,0,0,0,2,23.48
2023,2023-05-01,May Dover,Dover International Speedway,Austin Dillon,3,27,36,200,0,Running,Chevrolet,22.2,23.0,0,0,0,1,2,26.0
2023,2023-05-01,May Dover,Dover International Speedway,BJ McLeod,78,29,22,200,0,Running,Chevrolet,29.8,35.0,0,0,0,0,0,30.78
2023,2023-05-01,May Dover,Dover International Speedway,Brad Keselowski,6,8,4,200,8,Running,Ford,18.2,20.0,0,0,0,2,4,9.89
2023,2023-05-01,May Dover,Dover International Speedway,Brennan Poole,15,33,34,200,0,Running,Chevrolet,15.0,15.0,0,0,0,0,0,32.71
2023,2023-05-01,May Dover,Dover International Speedway,Bubba Wallace,23,12,28,200,0,Running,Toyota,21.6,16.0,0,0,0,1,2,17.57
2023,2023-05-01,May Dover,Dover International Speedway,Chase Briscoe,14,30,6,200,0,Running,Ford,8.2,13.0,0,0,0,3,4,28.56
2023,2023-05-01,May Dover,Dover International Speedway,Chase Elliott,9,11,10,200,0,Running,Chevrolet,18.0,1.0,1,0,0,1,2,11.57
2023,2023-05-01,May Dover,Dover International Speedway,Chris Buescher,17,9,5,200,0,Running,Ford,14.6,8.0,0,1,0,2,3,7.78
2023,2023-05-01,May Dover,Dover International Speedway,Christopher Bell,20,6,2,200,1,Running,Toyota,12.0,4.0,0,0,1,5,7,8.15
2023,2023-05-01,May Dover,Dover International Speedway,Corey LaJoie,7,14,27,200,0,Running,Chevrolet,22.4,18.0,0,0,0,1,1,15.62
2023,2023-05-01,May Dover,Dover International Speedway,Daniel Suarez,99,35,15,200,0,Running,Chevrolet,20.2,14.0,0,0,0,1,4,33.0
2023,2023-05-01,May Dover,Dover International Speedway,Denny Hamlin,11,5,13,200,4,Running,Toyota,15.4,21.0,0,0,0,1,3,4.9
2023,2023-05-01,May Dover,Dover International Speedway,Erik Jones,43,16,11,200,0,Running,Chevrolet,21.0,10.0,0,0,0,0,2,16.02
2023,2023-05-01,May Dover,Dover International Speedway,Harrison Burton,21,20,31,200,0,Running,Ford,24.2,24.0,0,0,0,0,0,22.54
2023,2023-05-01,May Dover,Dover International Speedway,JJ Yeley,51,28,21,200,0,Running,Chevrolet,25.8,15.0,0,0,0,0,0,28.83
2023,2023-05-01,May Dover,Dover International Speedway,Joey Logano,22,31,26,200,0,Running,Ford,20.8,29.0,0,0,1,3,5,23.25
2023,2023-05-01,May Dover,Dover International Speedway,Josh Berry,48,10,23,200,3,Running,Chevrolet,17.2,15.0,0,0,0,1,2,11.82
2023,2023-05-01,May Dover,Dover International Speedway,Justin Haley,31,23,25,200,0,Running,Chevrolet,20.0,11.0,0,0,0,0,2,23.1
2023,2023-05-01,May Dover,Dover International Speedway,Kevin Harvick,4,19,12,200,0,Running,Ford,13.6,9.0,0,0,0,3,5,10.99
2023,2023-05-01,May Dover,Dover International Speedway,Kyle Busch,8,21,1,200,25,Running,Chevrolet,14.0,7.0,0,0,2,3,5,20.49
2023,2023-05-01,May Dover,Dover International Speedway,Kyle Larson,5,32,18,200,0,Running,Chevrolet,16.8,6.0,0,0,2,4,4,27.52
2023,2023-05-01,May Dover,Dover International Speedway,Martin Truex Jr,19,1,17,200,68,Running,Toyota,13.0,12.0,0,0,0,1,3,7.6
2023,2023-05-01,May Dover,Dover International Speedway,Michael McDowell,34,22,32,200,0,Running,Ford,16.6,17.0,0,0,0,0,1,18.96
2023,2023-05-01,May Dover,Dover International Speedway,Noah Gragson,42,34,33,200,0,Running,Chevrolet,30.4,15.0,0,0,0,0,0,34.02
2023,2023-05-01,May Dover,Dover International Speedway,Ricky Stenhouse Jr,47,15,9,200,0,Running,Chevrolet,14.0,2.0,0,0,1,2,4,14.0
2023,2023-05-01,May Dover,Dover International Speedway,Ross Chastain,1,2,14,200,98,Running,Chevrolet,14.0,3.0,0,0,0,3,4,3.43
2023,2023-05-01,May Dover,Dover International Speedway,Ryan Blaney,12,3,3,200,0,Running,Ford,15.8,26.0,0,0,0,2,5,3.39
2023,2023-05-01,May Dover,Dover International Speedway,Ryan Preece,41,17,30,200,0,Running,Ford,24.6,25.0,0,0,0,0,0,20.89
2023,2023-05-01,May Dover,Dover International Speedway,Todd Gilliland,38,25,35,200,0,Running,Ford,13.6,28.0,0,0,0,0,3,26.45
2023,2023-05-01,May Dover,Dover International Speedway,Ty Dillon,77,36,16,200,0,Running,Chevrolet,28.2,27.0,0,0,0,0,0,35.2
2023,2023-05-01,May Dover,Dover International Speedway,Ty Gibbs,54,13,24,200,0,Running,Toyota,15.4,15.0,0,0,0,0,4,11.01
2023,2023-05-01,May Dover,Dover International Speedway,Tyler Reddick,45,7,7,200,0,Running,Toyota,10.8,30.0,0,0,1,4,4,10.72
2023,2023-05-01,May Dover,Dover International Speedway,William Byron,24,4,8,200,193,Running,Chevrolet,14.4,22.0,0,0,2,3,4,3.34
2024,2024-04-28,April Dover,Dover International Speedway,AJ Allmendinger,16,13,10,200,0,Running,Chevrolet,19.0,25.5,0,0,0,0,2,12.28
2024,2024-04-28,April Dover,Dover International Speedway,Alex Bowman,48,8,9,200,0,Running,Chevrolet,14.2,5.0,0,0,0,4,5,6.98
2024,2024-04-28,April Dover,Dover International Speedway,Austin Cindric,2,15,11,200,0,Running,Ford,22.4,31.0,0,0,0,1,1,17.66
2024,2024-04-28,April Dover,Dover International Speedway,Austin Dillon,3,27,23,200,0,Running,Chevrolet,24.2,25.0,0,0,0,0,1,29.85
2024,2024-04-28,April Dover,Dover International Speedway,Brad Keselowski,6,30,24,200,0,Running,Ford,13.8,14.0,0,0,0,4,5,27.11
2024,2024-04-28,April Dover,Dover International Speedway,Bubba Wallace,23,32,16,200,1,Running,Toyota,15.0,14.0,0,0,0,3,4,15.51
2024,2024-04-28,April Dover,Dover International Speedway,Carson Hocevar,77,22,20,200,0,Running,Chevrolet,18.6,15.0,0,0,0,0,1,24.5
2024,2024-04-28,April Dover,Dover International Speedway,Chase Briscoe,14,19,7,200,0,Running,Ford,11.8,21.5,0,0,0,0,4,18.45
2024,2024-04-28,April Dover,Dover International Speedway,Chase Elliott,9,5,29,200,0,Running,Chevrolet,8.0,6.0,1,0,1,3,4,9.73
2024,2024-04-28,April Dover,Dover International Speedway,Chris Buescher,17,17,18,200,0,Running,Ford,14.4,8.5,0,1,0,1,5,15.49
2024,2024-04-28,April Dover,Dover International Speedway,Christopher Bell,20,34,33,200,0,Running,Toyota,19.6,5.0,0,0,1,3,5,21.79
2024,2024-04-28,April Dover,Dover International Speedway,Corey Heim,43,25,32,200,0,Running,Toyota,15.0,15.0,0,0,0,0,0,26.77
2024,2024-04-28,April Dover,Dover International Speedway,Corey LaJoie,7,21,25,200,33,Running,Chevrolet,26.4,16.0,0,0,0,1,1,21.62
2024,2024-04-28,April Dover,Dover International Speedway,Daniel Hemric,31,9,14,200,5,Running,Chevrolet,24.8,15.0,0,0,0,0,1,19.22
2024,2024-04-28,April Dover,Dover International Speedway,Daniel Suarez,99,18,31,200,0,Running,Chevrolet,21.2,24.5,0,0,1,2,2,24.89
2024,2024-04-28,April Dover,Dover International Speedway,Denny Hamlin,11,1,6,200,136,Running,Toyota,18.6,13.0,0,0,2,2,3,4.13
2024,2024-04-28,April Dover,Dover International Speedway,Harrison Burton,21,26,26,200,0,Running,Ford,27.0,22.0,0,0,0,0,1,28.43
2024,2024-04-28,April Dover,Dover International Speedway,Jimmie Johnson,84,28,27,200,0,Running,Chevrolet,32.6,15.0,0,0,0,0,0,31.2
2024,2024-04-28,April Dover,Dover International Speedway,Joey Logano,22,16,13,200,0,Running,Ford,9.8,30.0,0,0,0,1,3,18.57
2024,2024-04-28,April Dover,Dover International Speedway,John Hunter Nemechek,42,20,34,200,0,Running,Toyota,29.8,15.0,0,0,0,0,2,25.15
2024,2024-04-28,April Dover,Dover International Speedway,Josh Berry,4,14,12,200,0,Running,Ford,24.6,10.0,0,0,0,0,0,15.51
2024,2024-04-28,April Dover,Dover International Speedway,Justin Haley,51,23,36,200,0,Running,Chevrolet,31.8,17.0,0,0,0,0,0,28.84
2024,2024-04-28,April Dover,Dover International Speedway,Kaz Grala,15,29,35,200,0,Running,Chevrolet,26.0,15.0,0,0,0,0,0,33.83
2024,2024-04-28,April Dover,Dover International Speedway,Kyle Busch,8,4,1,200,34,Running,Chevrolet,16.2,14.0,0,1,0,1,3,5.12
2024,2024-04-28,April Dover,Dover International Speedway,Kyle Larson,5,2,21,200,39,Running,Chevrolet,12.8,19.0,0,0,1,4,4,5.0
2024,2024-04-28,April Dover,Dover International Speedway,Martin Truex Jr,19,3,15,200,69,Running,Toyota,11.4,6.5,1,0,0,2,5,4.4
2024,2024-04-28,April Dover,Dover International Speedway,Michael McDowell,34,36,8,200,0,Running,Ford,30.2,19.5,0,0,0,0,2,28.07
2024,2024-04-28,April Dover,Dover International Speedway,Noah Gragson,10,6,5,200,0,Running,Ford,17.4,34.0,0,0,0,1,3,12.82
2024,2024-04-28,April Dover,Dover International Speedway,Ricky Stenhouse Jr,47,35,17,200,0,Running,Chevrolet,23.4,8.5,0,0,0,1,2,15.43
2024,2024-04-28,April Dover,Dover International Speedway,Ross Chastain,1,12,22,200,0,Running,Chevrolet,16.2,2.5,0,0,0,1,4,15.79
2024,2024-04-28,April Dover,Dover International Speedway,Ryan Blaney,12,7,2,200,47,Running,Ford,17.8,14.5,0,0,0,4,4,5.26
2024,2024-04-28,April Dover,Dover International Speedway,Ryan Preece,41,37,28,200,0,Running,Ford,17.2,21.0,0,0,0,0,1,35.87
2024,2024-04-28,April Dover,Dover International Speedway,Todd Gilliland,38,31,30,200,0,Running,Ford,19.8,26.5,0,0,0,0,1,34.41
2024,2024-04-28,April Dover,Dover International Speedway,Ty Gibbs,54,10,19,200,0,Running,Toyota,14.6,13.0,0,0,0,3,5,13.19
2024,2024-04-28,April Dover,Dover International Speedway,Tyler Reddick,45,11,4,200,0,Running,Toyota,5.4,18.5,0,0,1,4,7,6.36
2024,2024-04-28,April Dover,Dover International Speedway,William Byron,24,33,3,200,36,Running,Chevrolet,3.8,13.0,0,0,3,4,7,13.31
2024,2024-04-28,April Dover,Dover International Speedway,Zane Smith,71,24,37,200,0,Running,Chevrolet,28.0,15.0,0,0,0,0,0,30.46
2025,2025-07-20,July Dover,Dover International Speedway,AJ Allmendinger,16,37,17,200,0,Running,Chevrolet,14.0,21.33,0,0,0,1,5,26.63
2025,2025-07-20,July Dover,Dover International Speedway,Alex Bowman,48,3,16,200,1,Running,Chevrolet,9.0,6.5,0,0,0,4,10,6.15
2025,2025-07-20,July Dover,Dover International Speedway,Austin Cindric,2,16,26,200,0,Running,Ford,24.6,25.67,0,0,1,1,4,18.7
2025,2025-07-20,July Dover,Dover International Speedway,Austin Dillon,3,15,23,200,0,Running,Chevrolet,25.8,25.67,0,0,0,0,3,20.12
2025,2025-07-20,July Dover,Dover International Speedway,Brad Keselowski,6,10,15,200,0,Running,Ford,16.8,19.33,0,0,0,2,4,18.09
2025,2025-07-20,July Dover,Dover International Speedway,Bubba Wallace,23,7,22,200,3,Running,Toyota,24.8,20.0,0,0,0,3,6,10.71
2025,2025-07-20,July Dover,Dover International Speedway,Carson Hocevar,77,35,33,200,8,Running,Chevrolet,25.8,22.0,0,0,0,2,4,28.55
2025,2025-07-20,July Dover,Dover International Speedway,Chase Briscoe,19,2,2,200,13,Running,Toyota,13.6,20.67,0,0,1,7,9,6.25
2025,2025-07-20,July Dover,Dover International Speedway,Chase Elliott,9,6,1,200,238,Running,Chevrolet,5.6,5.67,1,0,1,7,11,2.38
2025,2025-07-20,July Dover,Dover International Speedway,Chris Buescher,17,9,12,200,0,Running,Ford,11.4,11.33,0,1,0,3,10,17.34
2025,2025-07-20,July Dover,Dover International Speedway,Christopher Bell,20,18,3,200,67,Running,Toyota,15.6,14.67,0,0,3,8,12,5.53
2025,2025-07-20,July Dover,Dover International Speedway,Cody Ware,51,36,35,200,0,Running,Ford,26.6,34.0,0,0,0,0,0,35.91
2025,2025-07-20,July Dover,Dover International Speedway,Cole Custer,41,29,29,200,0,Running,Ford,21.0,15.0,0,0,0,0,1,31.76
2025,2025-07-20,July Dover,Dover International Speedway,Daniel Suarez,99,26,18,200,6,Running,Chevrolet,22.2,22.33,0,0,0,1,3,23.64
2025,2025-07-20,July Dover,Dover International Speedway,Denny Hamlin,11,1,13,200,67,Running,Toyota,11.6,9.0,1,0,3,9,10,3.69
2025,2025-07-20,July Dover,Dover International Speedway,Erik Jones,43,27,27,200,0,Running,Toyota,17.8,13.0,0,0,0,2,3,27.21
2025,2025-07-20,July Dover,Dover International Speedway,JJ Yeley,44,34,37,200,0,Running,Chevrolet,35.2,28.0,0,0,0,0,0,34.0
2025,2025-07-20,July Dover,Dover International Speedway,Joey Logano,22,14,8,200,0,Running,Ford,18.6,25.33,0,0,1,2,5,13.05
2025,2025-07-20,July Dover,Dover International Speedway,John Hunter Nemechek,42,21,28,200,0,Running,Toyota,16.2,20.0,0,0,0,1,6,25.73
2025,2025-07-20,July Dover,Dover International Speedway,Josh Berry,21,28,14,200,0,Running,Ford,23.4,12.0,0,0,1,2,3,23.19
2025,2025-07-20,July Dover,Dover International Speedway,Justin Haley,7,17,20,200,0,Running,Chevrolet,20.6,19.0,0,0,0,0,1,23.67
2025,2025-07-20,July Dover,Dover International Speedway,Kyle Busch,8,11,10,200,0,Running,Chevrolet,18.6,10.67,0,2,0,2,7,11.03
2025,2025-07-20,July Dover,Dover International Speedway,Kyle Larson,5,4,25,200,0,Running,Chevrolet,21.6,13.33,0,0,3,9,12,9.89
2025,2025-07-20,July Dover,Dover International Speedway,Michael McDowell,71,13,7,200,0,Running,Chevrolet,18.8,25.0,0,0,0,2,3,12.99
2025,2025-07-20,July Dover,Dover International Speedway,Noah Gragson,4,32,36,200,3,Running,Ford,29.0,20.0,0,0,0,1,3,22.42
2025,2025-07-20,July Dover,Dover International Speedway,Ricky Stenhouse Jr,47,23,34,200,0,Running,Chevrolet,25.4,17.33,0,0,0,1,3,29.34
2025,2025-07-20,July Dover,Dover International Speedway,Riley Herbst,35,24,32,200,0,Running,Toyota,27.2,15.0,0,0,0,0,0,29.93
2025,2025-07-20,July Dover,Dover International Speedway,Ross Chastain,1,33,19,200,0,Running,Chevrolet,21.8,5.67,0,0,1,3,9,15.46
2025,2025-07-20,July Dover,Dover International Speedway,Ryan Blaney,12,8,31,200,0,Running,Ford,21.0,12.0,0,0,1,7,8,14.14
2025,2025-07-20,July Dover,Dover International Speedway,Ryan Preece,60,19,11,200,0,Running,Ford,11.4,26.33,0,0,0,1,8,16.95
2025,2025-07-20,July Dover,Dover International Speedway,Shane van Gisbergen,88,30,6,200,0,Running,Chevrolet,11.6,15.0,0,0,3,3,4,34.87
2025,2025-07-20,July Dover,Dover International Speedway,Todd Gilliland,34,25,24,200,0,Running,Ford,27.4,28.0,0,0,0,0,2,31.62
2025,2025-07-20,July Dover,Dover International Speedway,Ty Dillon,10,20,21,200,0,Running,Chevrolet,22.2,31.5,0,0,0,0,1,25.13
2025,2025-07-20,July Dover,Dover International Speedway,Ty Gibbs,54,5,9,200,1,Running,Toyota,9.6,11.5,0,0,0,3,5,8.2
2025,2025-07-20,July Dover,Dover International Speedway,Tyler Reddick,45,12,4,200,0,Running,Toyota,13.0,16.0,0,0,0,5,8,11.03
2025,2025-07-20,July Dover,Dover International Speedway,William Byron,24,31,5,200,0,Running,Chevrolet,24.2,19.67,0,0,1,7,11,6.09
2025,2025-07-20,July Dover,Dover International Speedway,Zane Smith,38,22,30,200,0,Running,Chevrolet,21.6,24.0,0,0,0,0,3,21.6
2022,2022-03-20,March Atlanta,Echopark Speedway,Alex Bowman,48,10,11,200,0,Running,Chevrolet,16.0,25.0,0,0,1,1,1,17.0
2022,2022-03-20,March Atlanta,Echopark Speedway,Aric Almirola,10,22,10,200,6,Running,Ford,7.25,6.0,0,0,0,1,3,13.0
2022,2022-03-20,March Atlanta,Echopark Speedway,Austin Cindric,2,32,16,200,0,Running,Ford,14.0,12.0,0,1,1,1,1,21.0
2022,2022-03-20,March Atlanta,Echopark Speedway,Austin Dillon,3,35,17,200,0,Running,Chevrolet,14.75,2.0,0,0,0,1,1,28.0
2022,2022-03-20,March Atlanta,Echopark Speedway,BJ McLeod,78,19,34,200,2,Running,Chevrolet,27.5,22.0,0,0,0,0,0,25.0
2022,2022-03-20,March Atlanta,Echopark Speedway,Brad Keselowski,6,12,24,200,0,Running,Ford,20.75,27.0,0,0,0,0,1,18.0
2022,2022-03-20,March Atlanta,Echopark Speedway,Bubba Wallace,23,13,19,200,3,Running,Toyota,17.0,19.0,0,0,0,1,1,11.0
2022,2022-03-20,March Atlanta,Echopark Speedway,Chase Briscoe,14,15,1,200,5,Running,Ford,13.75,16.0,0,0,1,2,2,14.0
2022,2022-03-20,March Atlanta,Echopark Speedway,Chase Elliott,9,6,6,200,29,Running,Chevrolet,14.0,26.0,0,0,0,0,2,9.0
2022,2022-03-20,March Atlanta,Echopark Speedway,Chris Buescher,17,7,14,200,0,Running,Ford,19.75,35.0,0,0,0,0,1,15.0
2022,2022-03-20,March Atlanta,Echopark Speedway,Christopher Bell,20,23,27,200,16,Running,Toyota,26.5,36.0,0,0,0,0,1,11.0
2022,2022-03-20,March Atlanta,Echopark Speedway,Cody Ware,51,26,32,200,0,Running,Ford,26.5,32.0,0,0,0,0,0,26.0
2022,2022-03-20,March Atlanta,Echopark Speedway,Cole Custer,41,34,20,200,0,Running,Ford,20.0,11.0,0,0,0,0,0,31.0
2022,2022-03-20,March Atlanta,Echopark Speedway,Corey LaJoie,7,5,33,200,0,Running,Chevrolet,23.25,28.0,0,0,0,0,0,20.0
2022,2022-03-20,March Atlanta,Echopark Speedway,Daniel Suarez,99,4,13,200,13,Running,Chevrolet,17.0,4.0,0,0,0,1,2,9.0
2022,2022-03-20,March Atlanta,Echopark Speedway,David Ragan,15,18,35,200,0,Running,Ford,8.0,15.0,0,0,0,0,1,27.0
2022,2022-03-20,March Atlanta,Echopark Speedway,Denny Hamlin,11,29,15,200,1,Running,Toyota,24.25,15.0,0,0,0,0,0,16.0
2022,2022-03-20,March Atlanta,Echopark Speedway,Erik Jones,43,14,23,200,0,Running,Chevrolet,22.0,3.0,0,0,0,1,1,11.0
2022,2022-03-20,March Atlanta,Echopark Speedway,Greg Biffle,44,20,37,200,0,Running,Ford,35.0,15.0,0,0,0,0,0,24.0
2022,2022-03-20,March Atlanta,Echopark Speedway,Harrison Burton,21,25,31,200,0,Running,Ford,29.25,33.0,0,0,0,0,0,26.0
2022,2022-03-20,March Atlanta,Echopark Speedway,Joey Logano,22,9,3,200,12,Running,Ford,12.0,5.0,0,0,0,1,2,13.0
2022,2022-03-20,March Atlanta,Echopark Speedway,Josh Bilicki,77,16,36,200,0,Running,Chevrolet,29.5,30.0,0,0,0,0,0,22.0
2022,2022-03-20,March Atlanta,Echopark Speedway,Justin Haley,31,11,22,200,1,Running,Chevrolet,20.0,23.0,0,0,0,0,0,15.0
2022,2022-03-20,March Atlanta,Echopark Speedway,Kevin Harvick,4,21,8,200,11,Running,Ford,13.75,7.0,0,0,0,0,2,18.0
2022,2022-03-20,March Atlanta,Echopark Speedway,Kurt Busch,45,3,9,200,4,Running,Toyota,11.25,8.0,0,0,0,1,2,16.0
2022,2022-03-20,March Atlanta,Echopark Speedway,Kyle Busch,18,33,4,200,21,Running,Toyota,7.75,14.0,0,0,0,1,3,23.0
2022,2022-03-20,March Atlanta,Echopark Speedway,Kyle Larson,5,30,21,200,1,Running,Chevrolet,17.25,1.0,1,0,1,2,2,21.0
2022,2022-03-20,March Atlanta,Echopark Speedway,Martin Truex Jr,19,8,26,200,5,Running,Toyota,17.25,13.0,0,0,0,0,1,13.0
2022,2022-03-20,March Atlanta,Echopark Speedway,Michael McDowell,34,24,29,200,0,Running,Ford,23.0,31.0,0,0,0,0,1,26.0
2022,2022-03-20,March Atlanta,Echopark Speedway,Noah Gragson,16,37,30,200,0,Running,Chevrolet,31.0,15.0,0,0,0,0,0,36.0
2022,2022-03-20,March Atlanta,Echopark Speedway,Ricky Stenhouse Jr,47,31,28,200,22,Running,Chevrolet,21.75,10.0,0,0,0,0,1,18.0
2022,2022-03-20,March Atlanta,Echopark Speedway,Ross Chastain,1,2,7,200,42,Running,Chevrolet,18.5,29.0,0,0,0,2,2,14.0
2022,2022-03-20,March Atlanta,Echopark Speedway,Ryan Blaney,12,17,2,200,15,Running,Ford,15.5,18.0,0,0,0,2,2,8.0
2022,2022-03-20,March Atlanta,Echopark Speedway,Todd Gilliland,38,27,25,200,0,Running,Ford,23.75,20.0,0,0,0,0,0,28.0
2022,2022-03-20,March Atlanta,Echopark Speedway,Ty Dillon,42,36,18,200,0,Running,Chevrolet,15.75,17.0,0,0,0,0,0,33.0
2022,2022-03-20,March Atlanta,Echopark Speedway,Tyler Reddick,8,28,5,200,5,Running,Toyota,17.25,24.0,0,0,0,1,2,20.0
2022,2022-03-20,March Atlanta,Echopark Speedway,William Byron,24,1,12,200,111,Running,Chevrolet,23.75,34.0,0,0,0,1,1,5.0
2022,2022-07-10,July Atlanta,Echopark Speedway,Alex Bowman,48,32,8,200,0,Running,Chevrolet,17.4,16.33,0,0,1,3,9,18
2022,2022-07-10,July Atlanta,Echopark Speedway,Aric Almirola,10,8,22,200,0,Running,Ford,16.2,16.17,0,0,0,2,5,14.1
2022,2022-07-10,July Atlanta,Echopark Speedway,Austin Cindric,2,3,5,200,7,Running,Ford,12.8,12.83,0,1,1,2,5,19
2022,2022-07-10,July Atlanta,Echopark Speedway,Austin Dillon,3,35,26,200,0,Running,Chevrolet,18.6,17.83,0,0,0,3,6,29.6
2022,2022-07-10,July Atlanta,Echopark Speedway,BJ McLeod,78,36,35,200,0,Running,Chevrolet,29.8,25.75,0,0,0,0,0,34.3
2022,2022-07-10,July Atlanta,Echopark Speedway,Brad Keselowski,6,18,31,200,0,Running,Ford,24.4,22.5,0,0,0,0,2,19.4
2022,2022-07-10,July Atlanta,Echopark Speedway,Bubba Wallace,23,14,32,200,0,Running,Toyota,27.4,23.83,0,0,0,1,2,23.2
2022,2022-07-10,July Atlanta,Echopark Speedway,Chase Briscoe,14,16,14,200,0,Running,Ford,17.8,22.17,0,2,1,3,4,19
2022,2022-07-10,July Atlanta,Echopark Speedway,Chase Elliott,9,1,1,200,96,Running,Chevrolet,13.0,10.0,1,1,2,5,12,3.5
2022,2022-07-10,July Atlanta,Echopark Speedway,Chris Buescher,17,33,11,200,0,Running,Ford,18.2,19.8,0,0,0,1,5,29.1
2022,2022-07-10,July Atlanta,Echopark Speedway,Christopher Bell,20,19,15,200,0,Running,Toyota,13.4,16.17,0,0,0,4,10,8.8
2022,2022-07-10,July Atlanta,Echopark Speedway,Cody Ware,51,23,34,200,0,Running,Ford,28.8,29.83,0,0,0,0,0,27.3
2022,2022-07-10,July Atlanta,Echopark Speedway,Cole Custer,41,9,18,200,0,Running,Ford,22.4,23.0,0,0,0,0,0,21.3
2022,2022-07-10,July Atlanta,Echopark Speedway,Corey LaJoie,7,21,30,200,19,Running,Chevrolet,31.8,26.5,0,0,0,1,1,14.1
2022,2022-07-10,July Atlanta,Echopark Speedway,Daniel Suarez,99,6,7,200,0,Running,Chevrolet,13.8,12.5,0,0,1,4,6,15
2022,2022-07-10,July Atlanta,Echopark Speedway,Denny Hamlin,11,25,16,200,2,Running,Toyota,17.8,19.83,0,1,2,3,4,9.3
2022,2022-07-10,July Atlanta,Echopark Speedway,Erik Jones,43,4,25,200,10,Running,Chevrolet,16.0,11.67,0,0,0,1,5,14.7
2022,2022-07-10,July Atlanta,Echopark Speedway,Garrett Smithley,15,27,33,200,0,Running,Chevrolet,27.67,21.0,0,0,0,0,0,29.1
2022,2022-07-10,July Atlanta,Echopark Speedway,Harrison Burton,21,10,27,200,9,Running,Ford,22.2,24.5,0,0,0,0,0,14
2022,2022-07-10,July Atlanta,Echopark Speedway,Joey Logano,22,26,17,200,0,Running,Ford,14.8,13.67,1,0,2,5,8,19.8
2022,2022-07-10,July Atlanta,Echopark Speedway,Justin Haley,31,7,24,200,0,Running,Chevrolet,20.0,18.33,0,0,0,1,1,13.2
2022,2022-07-10,July Atlanta,Echopark Speedway,Kevin Harvick,4,12,10,200,0,Running,Ford,12.0,15.33,0,0,0,4,10,15.1
2022,2022-07-10,July Atlanta,Echopark Speedway,Kurt Busch,45,22,21,200,0,Running,Toyota,15.4,11.83,0,0,1,5,7,10.1
2022,2022-07-10,July Atlanta,Echopark Speedway,Kyle Busch,18,20,19,200,0,Running,Toyota,16.8,21.17,0,0,1,6,11,21.3
2022,2022-07-10,July Atlanta,Echopark Speedway,Kyle Larson,5,13,3,200,0,Running,Chevrolet,8.6,13.17,1,0,1,8,10,18.7
2022,2022-07-10,July Atlanta,Echopark Speedway,Landon Cassill,77,24,36,200,0,Running,Chevrolet,23.6,15.0,0,0,0,0,0,26.9
2022,2022-07-10,July Atlanta,Echopark Speedway,Martin Truex Jr,19,11,9,200,27,Running,Toyota,15.8,11.5,0,0,0,2,7,15.8
2022,2022-07-10,July Atlanta,Echopark Speedway,Michael McDowell,34,15,12,200,0,Running,Ford,10.0,17.83,0,0,0,1,7,21.1
2022,2022-07-10,July Atlanta,Echopark Speedway,Noah Gragson,16,34,29,200,0,Running,Chevrolet,25.2,37.0,0,0,0,0,0,30.6
2022,2022-07-10,July Atlanta,Echopark Speedway,Ricky Stenhouse Jr,47,31,20,200,2,Running,Chevrolet,19.8,24.17,0,0,0,1,5,25.5
2022,2022-07-10,July Atlanta,Echopark Speedway,Ross Chastain,1,2,2,200,32,Running,Chevrolet,7.8,8.17,1,0,2,9,12,7.9
2022,2022-07-10,July Atlanta,Echopark Speedway,Ryan Blaney,12,5,6,200,2,Running,Ford,10.6,9.83,0,1,0,6,9,5.5
2022,2022-07-10,July Atlanta,Echopark Speedway,Todd Gilliland,38,17,28,200,0,Running,Ford,22.2,22.33,0,0,0,0,0,16.6
2022,2022-07-10,July Atlanta,Echopark Speedway,Ty Dillon,42,28,23,200,0,Running,Chevrolet,22.8,25.17,0,0,0,0,1,26.3
2022,2022-07-10,July Atlanta,Echopark Speedway,Tyler Reddick,8,29,4,200,13,Running,Toyota,15.2,15.33,1,0,1,5,7,13.4
2022,2022-07-10,July Atlanta,Echopark Speedway,William Byron,24,30,13,200,41,Running,Chevrolet,22.2,19.5,1,0,2,4,5,15.2
2023,2023-03-19,March Atlanta,Echopark Speedway,AJ Allmendinger,16,16,30,200,0,Running,Chevrolet,18.4,18.17,0,0,0,0,1,21.5
2023,2023-03-19,March Atlanta,Echopark Speedway,Alex Bowman,48,14,15,200,0,Running,Chevrolet,11.8,16.89,0,0,0,2,4,11.05
2023,2023-03-19,March Atlanta,Echopark Speedway,Aric Almirola,10,30,5,200,17,Running,Ford,25.0,18.78,0,0,0,0,0,16.6
2023,2023-03-19,March Atlanta,Echopark Speedway,Austin Cindric,2,11,2,200,5,Running,Ford,18.6,13.44,0,1,0,0,1,7.54
2023,2023-03-19,March Atlanta,Echopark Speedway,Austin Dillon,3,20,13,200,0,Running,Chevrolet,19.6,18.67,0,0,0,0,1,20.3
2023,2023-03-19,March Atlanta,Echopark Speedway,BJ McLeod,78,36,36,200,0,Running,Chevrolet,30.6,27.17,0,0,0,0,0,33.25
2023,2023-03-19,March Atlanta,Echopark Speedway,Brad Keselowski,6,2,4,200,47,Running,Ford,19.8,19.89,0,0,0,0,1,5.15
2023,2023-03-19,March Atlanta,Echopark Speedway,Bubba Wallace,23,27,19,200,0,Running,Toyota,18.0,24.67,0,0,0,1,1,32.93
2023,2023-03-19,March Atlanta,Echopark Speedway,Chase Briscoe,14,24,8,200,0,Running,Ford,18.8,21.56,0,2,0,0,1,23.57
2023,2023-03-19,March Atlanta,Echopark Speedway,Chris Buescher,17,35,7,200,5,Running,Ford,14.8,19.25,0,0,0,1,1,15.23
2023,2023-03-19,March Atlanta,Echopark Speedway,Christopher Bell,20,3,10,200,6,Running,Toyota,11.2,17.33,0,1,0,2,3,10.84
2023,2023-03-19,March Atlanta,Echopark Speedway,Cody Ware,51,25,32,200,1,Running,Ford,28.0,29.22,0,0,0,0,0,30.97
2023,2023-03-19,March Atlanta,Echopark Speedway,Corey LaJoie,7,4,31,200,0,Running,Chevrolet,18.8,24.56,0,0,0,0,0,15.02
2023,2023-03-19,March Atlanta,Echopark Speedway,Daniel Suarez,99,29,25,200,0,Running,Chevrolet,13.4,10.0,0,0,0,1,3,17.07
2023,2023-03-19,March Atlanta,Echopark Speedway,Denny Hamlin,11,6,14,200,14,Running,Toyota,13.0,18.89,0,1,0,0,1,6.28
2023,2023-03-19,March Atlanta,Echopark Speedway,Erik Jones,43,8,28,200,0,Running,Chevrolet,22.0,11.44,0,0,0,0,0,22.0
2023,2023-03-19,March Atlanta,Echopark Speedway,Harrison Burton,21,34,33,200,0,Running,Ford,24.2,22.22,0,0,0,0,0,30.39
2023,2023-03-19,March Atlanta,Echopark Speedway,JJ Yeley,15,26,34,200,0,Running,Chevrolet,29.8,25.5,0,0,0,0,0,31.6
2023,2023-03-19,March Atlanta,Echopark Speedway,Joey Logano,22,1,1,200,140,Running,Ford,12.0,13.44,1,0,0,1,2,4.05
2023,2023-03-19,March Atlanta,Echopark Speedway,Josh Berry,9,18,21,200,0,Running,Chevrolet,19.5,15.0,0,0,0,0,1,20.12
2023,2023-03-19,March Atlanta,Echopark Speedway,Justin Haley,31,22,20,200,0,Running,Chevrolet,23.0,17.33,0,0,0,0,1,18.97
2023,2023-03-19,March Atlanta,Echopark Speedway,Kevin Harvick,4,33,6,200,1,Running,Ford,7.2,13.44,0,0,0,2,3,20.01
2023,2023-03-19,March Atlanta,Echopark Speedway,Kyle Busch,8,10,17,200,7,Running,Chevrolet,9.8,20.0,1,0,1,1,2,11.2
2023,2023-03-19,March Atlanta,Echopark Speedway,Kyle Larson,5,31,9,200,0,Running,Chevrolet,12.4,13.56,2,0,0,2,2,16.68
2023,2023-03-19,March Atlanta,Echopark Speedway,Martin Truex Jr,19,19,29,200,0,Running,Toyota,13.0,12.67,0,0,0,0,1,14.85
2023,2023-03-19,March Atlanta,Echopark Speedway,Michael McDowell,34,21,12,200,0,Running,Ford,21.8,16.22,0,0,0,0,0,19.78
2023,2023-03-19,March Atlanta,Echopark Speedway,Noah Gragson,42,12,22,200,0,Running,Chevrolet,26.0,31.0,0,0,0,0,0,16.3
2023,2023-03-19,March Atlanta,Echopark Speedway,Ricky Stenhouse Jr,47,17,27,200,7,Running,Chevrolet,17.6,22.56,0,0,1,1,1,16.49
2023,2023-03-19,March Atlanta,Echopark Speedway,Ross Chastain,1,13,18,200,5,Running,Chevrolet,10.2,8.33,1,0,0,1,2,16.92
2023,2023-03-19,March Atlanta,Echopark Speedway,Ryan Blaney,12,7,3,200,5,Running,Ford,10.2,12.67,0,1,0,1,2,11.34
2023,2023-03-19,March Atlanta,Echopark Speedway,Ryan Preece,41,28,24,200,0,Running,Ford,28.2,33.0,0,0,0,0,0,31.93
2023,2023-03-19,March Atlanta,Echopark Speedway,Todd Gilliland,38,15,23,200,0,Running,Ford,27.2,22.89,0,0,0,0,0,20.6
2023,2023-03-19,March Atlanta,Echopark Speedway,Ty Dillon,77,23,26,200,0,Running,Chevrolet,32.2,25.11,0,0,0,0,0,26.5
2023,2023-03-19,March Atlanta,Echopark Speedway,Ty Gibbs,54,9,35,200,0,Running,Toyota,22.0,21.0,0,0,0,0,0,18.35
2023,2023-03-19,March Atlanta,Echopark Speedway,Tyler Reddick,45,5,16,200,0,Running,Toyota,22.8,18.0,1,0,0,1,1,15.54
2023,2023-03-19,March Atlanta,Echopark Speedway,William Byron,24,32,11,200,0,Running,Chevrolet,13.4,21.56,1,0,2,2,2,15.12
2023,2023-07-09,July Atlanta,Echopark Speedway,AJ Allmendinger,16,3,19,200,6,Running,Chevrolet,12.2,18.18,0,0,0,0,3,9.8
2023,2023-07-09,July Atlanta,Echopark Speedway,Alex Bowman,48,26,36,200,0,Running,Chevrolet,21.4,17.79,0,0,0,3,6,15.7
2023,2023-07-09,July Atlanta,Echopark Speedway,Aric Almirola,10,18,1,200,46,Running,Ford,21.8,20.36,0,0,0,0,1,15.1
2023,2023-07-09,July Atlanta,Echopark Speedway,Austin Cindric,2,12,10,200,10,Running,Ford,20.4,13.14,0,1,0,0,3,7.3
2023,2023-07-09,July Atlanta,Echopark Speedway,Austin Dillon,3,21,33,200,0,Running,Chevrolet,21.6,21.5,0,0,0,1,4,26.2
2023,2023-07-09,July Atlanta,Echopark Speedway,Austin Hill,62,37,32,200,0,Running,Chevrolet,20.5,15.0,0,0,0,0,0,34.9
2023,2023-07-09,July Atlanta,Echopark Speedway,BJ McLeod,78,20,35,200,1,Running,Chevrolet,27.2,28.25,0,0,0,0,0,27.6
2023,2023-07-09,July Atlanta,Echopark Speedway,Brad Keselowski,6,6,11,200,19,Running,Ford,19.6,19.93,0,0,0,3,6,14.0
2023,2023-07-09,July Atlanta,Echopark Speedway,Bubba Wallace,23,25,37,200,5,Running,Toyota,19.4,25.86,0,0,0,4,5,16.6
2023,2023-07-09,July Atlanta,Echopark Speedway,Chase Briscoe,14,22,3,200,0,Running,Ford,26.8,22.71,0,2,0,3,4,21.5
2023,2023-07-09,July Atlanta,Echopark Speedway,Chase Elliott,9,13,23,200,0,Running,Chevrolet,9.8,6.73,2,3,0,5,7,18.1
2023,2023-07-09,July Atlanta,Echopark Speedway,Chris Buescher,17,15,15,200,39,Running,Ford,10.4,18.23,0,0,0,3,8,11.2
2023,2023-07-09,July Atlanta,Echopark Speedway,Christopher Bell,20,23,34,200,0,Running,Toyota,13.8,16.14,0,1,1,5,10,17.5
2023,2023-07-09,July Atlanta,Echopark Speedway,Cole Custer,51,32,21,200,0,Running,Ford,19.6,19.75,0,0,0,0,0,29.2
2023,2023-07-09,July Atlanta,Echopark Speedway,Corey LaJoie,7,31,28,200,0,Running,Chevrolet,18.4,20.79,0,0,0,1,1,26.4
2023,2023-07-09,July Atlanta,Echopark Speedway,Daniel Suarez,99,2,26,200,0,Running,Chevrolet,18.2,13.71,0,0,0,1,5,16.2
2023,2023-07-09,July Atlanta,Echopark Speedway,Denny Hamlin,11,14,14,200,0,Running,Toyota,17.4,14.86,0,2,1,5,7,15.9
2023,2023-07-09,July Atlanta,Echopark Speedway,Erik Jones,43,11,25,200,0,Running,Chevrolet,21.2,12.57,0,0,0,0,3,18.9
2023,2023-07-09,July Atlanta,Echopark Speedway,Harrison Burton,21,28,5,200,0,Running,Ford,23.8,23.57,0,0,0,0,1,32.2
2023,2023-07-09,July Atlanta,Echopark Speedway,JJ Yeley,15,7,24,200,0,Running,Chevrolet,24.0,26.0,0,0,0,0,0,23.7
2023,2023-07-09,July Atlanta,Echopark Speedway,Joey Logano,22,17,4,200,11,Running,Ford,10.8,12.86,2,1,1,5,9,6.5
2023,2023-07-09,July Atlanta,Echopark Speedway,Justin Haley,31,8,17,200,0,Running,Chevrolet,15.4,17.0,0,0,0,1,4,13.0
2023,2023-07-09,July Atlanta,Echopark Speedway,Kevin Harvick,4,30,6,200,0,Running,Ford,17.0,16.43,0,0,0,4,7,21.1
2023,2023-07-09,July Atlanta,Echopark Speedway,Kyle Busch,8,5,22,200,0,Running,Chevrolet,4.6,14.79,2,1,3,6,11,18.9
2023,2023-07-09,July Atlanta,Echopark Speedway,Kyle Larson,5,36,8,200,4,Running,Chevrolet,10.2,12.86,2,0,2,8,9,20.9
2023,2023-07-09,July Atlanta,Echopark Speedway,Martin Truex Jr,19,29,16,200,5,Running,Toyota,8.6,13.5,0,0,2,6,9,13.1
2023,2023-07-09,July Atlanta,Echopark Speedway,Michael McDowell,34,4,20,200,0,Running,Ford,15.8,15.93,0,0,0,0,4,17.4
2023,2023-07-09,July Atlanta,Echopark Speedway,Noah Gragson,42,33,31,200,0,Running,Chevrolet,29.2,26.12,0,0,0,0,0,28.2
2023,2023-07-09,July Atlanta,Echopark Speedway,Ricky Stenhouse Jr,47,10,29,200,0,Running,Chevrolet,21.4,22.5,0,0,1,2,5,22.8
2023,2023-07-09,July Atlanta,Echopark Speedway,Ross Chastain,1,35,30,200,0,Running,Chevrolet,15.4,9.79,2,1,1,6,8,27.0
2023,2023-07-09,July Atlanta,Echopark Speedway,Ryan Blaney,12,9,2,200,20,Running,Ford,21.4,15.5,0,1,1,4,9,4.8
2023,2023-07-09,July Atlanta,Echopark Speedway,Ryan Preece,41,24,13,200,0,Running,Ford,14.8,23.5,0,0,0,0,0,14.3
2023,2023-07-09,July Atlanta,Echopark Speedway,Todd Gilliland,38,16,9,200,0,Running,Ford,25.2,21.43,0,0,0,0,3,14.7
2023,2023-07-09,July Atlanta,Echopark Speedway,Ty Dillon,77,19,27,200,0,Running,Chevrolet,28.4,27.14,0,0,0,0,0,30.0
2023,2023-07-09,July Atlanta,Echopark Speedway,Ty Gibbs,54,34,7,200,0,Running,Toyota,17.4,14.71,0,0,0,0,5,20.3
2023,2023-07-09,July Atlanta,Echopark Speedway,Tyler Reddick,45,27,12,200,0,Running,Toyota,26.2,18.64,2,0,1,5,7,16.0
2023,2023-07-09,July Atlanta,Echopark Speedway,William Byron,24,1,18,200,20,Running,Chevrolet,8.6,18.43,1,1,3,7,10,16.1
2024,2024-02-25,February Atlanta,Echopark Speedway,Alex Bowman,48,27,17,200,0,Running,Chevrolet,21.0,18.62,0,0,0,1,1,32.07
2024,2024-02-25,February Atlanta,Echopark Speedway,Austin Cindric,2,4,8,200,32,Running,Ford,20.2,13.25,0,1,0,0,0,8.25
2024,2024-02-25,February Atlanta,Echopark Speedway,Austin Dillon,3,22,10,200,0,Running,Chevrolet,20.0,22.06,0,0,0,0,0,25.24
2024,2024-02-25,February Atlanta,Echopark Speedway,BJ McLeod,78,24,36,200,0,Running,Chevrolet,30.2,27.33,0,0,0,0,0,26.74
2024,2024-02-25,February Atlanta,Echopark Speedway,Brad Keselowski,6,33,24,200,2,Running,Ford,22.6,18.75,0,0,0,0,0,14.83
2024,2024-02-25,February Atlanta,Echopark Speedway,Bubba Wallace,23,5,18,200,3,Running,Toyota,9.0,24.94,0,0,0,1,1,16.55
2024,2024-02-25,February Atlanta,Echopark Speedway,Carson Hocevar,77,19,35,200,0,Running,Chevrolet,32.2,36.0,0,0,0,0,0,21.23
2024,2024-02-25,February Atlanta,Echopark Speedway,Chase Briscoe,14,31,9,200,0,Running,Ford,17.6,23.44,0,2,0,0,1,10.66
2024,2024-02-25,February Atlanta,Echopark Speedway,Chase Elliott,9,15,28,200,0,Running,Chevrolet,18.8,9.15,2,3,0,0,0,16.13
2024,2024-02-25,February Atlanta,Echopark Speedway,Chris Buescher,17,9,7,200,1,Running,Ford,12.6,17.27,0,0,0,0,0,13.13
2024,2024-02-25,February Atlanta,Echopark Speedway,Christopher Bell,20,34,22,200,0,Running,Toyota,9.8,15.75,0,1,0,1,1,34.68
2024,2024-02-25,February Atlanta,Echopark Speedway,Corey LaJoie,7,13,32,200,0,Running,Chevrolet,19.2,21.38,0,0,0,1,1,14.29
2024,2024-02-25,February Atlanta,Echopark Speedway,Daniel Hemric,31,18,26,200,0,Running,Chevrolet,23.2,9.0,0,0,0,0,0,22.48
2024,2024-02-25,February Atlanta,Echopark Speedway,Daniel Suarez,99,1,23,200,9,Running,Chevrolet,22.0,13.5,0,0,0,0,0,14.39
2024,2024-02-25,February Atlanta,Echopark Speedway,Denny Hamlin,11,23,13,200,15,Running,Toyota,14.0,14.0,0,3,0,0,0,9.1
2024,2024-02-25,February Atlanta,Echopark Speedway,Erik Jones,43,25,37,200,0,Running,Toyota,18.2,13.5,0,0,0,0,1,29.36
2024,2024-02-25,February Atlanta,Echopark Speedway,Harrison Burton,21,11,16,200,0,Running,Ford,27.2,24.44,0,0,0,0,0,12.68
2024,2024-02-25,February Atlanta,Echopark Speedway,Joey Logano,22,28,2,200,27,Running,Ford,15.0,12.94,2,1,0,0,0,17.18
2024,2024-02-25,February Atlanta,Echopark Speedway,John Hunter Nemechek,42,21,34,200,0,Running,Toyota,22.0,15.0,0,0,0,0,1,24.67
2024,2024-02-25,February Atlanta,Echopark Speedway,Josh Berry,4,29,14,200,0,Running,Ford,27.2,18.0,0,0,0,0,0,19.65
2024,2024-02-25,February Atlanta,Echopark Speedway,Josh Williams,16,37,30,200,0,Running,Chevrolet,27.0,15.0,0,0,0,0,0,36.89
2024,2024-02-25,February Atlanta,Echopark Speedway,Justin Haley,51,20,31,200,0,Running,Chevrolet,26.0,16.88,0,0,0,0,0,19.12
2024,2024-02-25,February Atlanta,Echopark Speedway,Kaz Grala,15,14,33,200,0,Running,Chevrolet,28.0,25.0,0,0,0,0,0,20.45
2024,2024-02-25,February Atlanta,Echopark Speedway,Kyle Busch,8,3,3,200,28,Running,Chevrolet,17.0,14.12,2,1,0,0,0,11.28
2024,2024-02-25,February Atlanta,Echopark Speedway,Kyle Larson,5,32,5,200,17,Running,Chevrolet,11.0,15.12,2,0,0,0,0,10.49
2024,2024-02-25,February Atlanta,Echopark Speedway,Martin Truex Jr,19,12,12,200,9,Running,Toyota,14.2,14.0,0,0,0,0,0,9.42
2024,2024-02-25,February Atlanta,Echopark Speedway,Michael McDowell,34,8,1,200,27,Running,Ford,21.8,16.44,0,0,0,0,0,10.7
2024,2024-02-25,February Atlanta,Echopark Speedway,Noah Gragson,10,36,15,200,0,Running,Ford,24.8,26.89,0,0,0,0,1,35.14
2024,2024-02-25,February Atlanta,Echopark Speedway,Ricky Stenhouse Jr,47,6,27,200,1,Running,Chevrolet,25.0,21.12,0,0,0,0,0,17.85
2024,2024-02-25,February Atlanta,Echopark Speedway,Ross Chastain,1,7,21,200,0,Running,Chevrolet,14.4,11.88,2,1,0,0,0,14.89
2024,2024-02-25,February Atlanta,Echopark Speedway,Ryan Blaney,12,2,6,200,31,Running,Ford,8.2,14.69,0,1,0,0,0,6.61
2024,2024-02-25,February Atlanta,Echopark Speedway,Ryan Preece,41,16,20,200,0,Running,Ford,19.2,22.75,0,0,0,0,0,23.25
2024,2024-02-25,February Atlanta,Echopark Speedway,Todd Gilliland,38,26,4,200,58,Running,Ford,25.4,20.44,0,0,0,0,0,8.53
2024,2024-02-25,February Atlanta,Echopark Speedway,Ty Gibbs,54,10,25,200,0,Running,Toyota,19.4,15.78,0,0,0,0,0,15.42
2024,2024-02-25,February Atlanta,Echopark Speedway,Tyler Reddick,45,30,19,200,0,Running,Toyota,17.6,18.5,2,0,0,0,0,33.04
2024,2024-02-25,February Atlanta,Echopark Speedway,William Byron,24,17,11,200,0,Running,Chevrolet,5.8,16.25,3,1,1,1,1,17.62
2024,2024-02-25,February Atlanta,Echopark Speedway,Zane Smith,71,35,29,200,0,Running,Chevrolet,22.2,17.0,0,0,0,0,0,29.0
2024,2024-09-08,September Atlanta,Echopark Speedway,Alex Bowman,48,5,11,200,5,Running,Chevrolet,24.2,17.27,1,0,1,6,12,5.0
2024,2024-09-08,September Atlanta,Echopark Speedway,Austin Cindric,2,10,5,200,92,Running,Ford,18.0,13.41,1,1,1,2,3,7.0
2024,2024-09-08,September Atlanta,Echopark Speedway,Austin Dillon,3,20,8,200,0,Running,Chevrolet,13.6,21.64,0,0,1,1,3,19.0
2024,2024-09-08,September Atlanta,Echopark Speedway,BJ McLeod,78,25,36,200,1,Running,Chevrolet,30.2,27.0,0,0,0,0,0,32.0
2024,2024-09-08,September Atlanta,Echopark Speedway,Brad Keselowski,6,19,19,200,0,Running,Ford,12.8,19.18,0,0,1,8,12,19.0
2024,2024-09-08,September Atlanta,Echopark Speedway,Bubba Wallace,23,29,24,200,8,Running,Toyota,11.4,21.68,0,0,0,5,10,19.0
2024,2024-09-08,September Atlanta,Echopark Speedway,Carson Hocevar,77,16,32,200,1,Running,Chevrolet,14.8,19.86,0,0,0,0,4,30.0
2024,2024-09-08,September Atlanta,Echopark Speedway,Chase Briscoe,14,38,10,200,0,Running,Ford,18.2,23.5,0,2,1,3,7,32.0
2024,2024-09-08,September Atlanta,Echopark Speedway,Chase Elliott,9,8,16,200,0,Running,Chevrolet,16.2,10.79,2,3,1,7,12,9.0
2024,2024-09-08,September Atlanta,Echopark Speedway,Chris Buescher,17,36,17,200,0,Running,Ford,12.4,15.86,0,0,0,5,12,25.0
2024,2024-09-08,September Atlanta,Echopark Speedway,Christopher Bell,20,4,26,200,0,Running,Toyota,10.2,16.91,0,1,3,9,15,17.0
2024,2024-09-08,September Atlanta,Echopark Speedway,Cody Ware,15,30,31,200,0,Running,Ford,20.4,28.83,0,0,0,1,1,31.0
2024,2024-09-08,September Atlanta,Echopark Speedway,Corey LaJoie,7,15,25,200,0,Running,Chevrolet,24.6,21.77,0,0,0,1,2,20.0
2024,2024-09-08,September Atlanta,Echopark Speedway,Daniel Hemric,31,11,14,200,0,Running,Chevrolet,24.2,18.86,0,0,0,0,4,20.0
2024,2024-09-08,September Atlanta,Echopark Speedway,Daniel Suarez,99,2,30,200,9,Running,Chevrolet,16.8,14.23,1,0,1,2,6,12.0
2024,2024-09-08,September Atlanta,Echopark Speedway,Denny Hamlin,11,24,38,200,0,Running,Toyota,17.6,14.95,0,4,3,9,12,31.0
2024,2024-09-08,September Atlanta,Echopark Speedway,Erik Jones,43,26,33,200,0,Running,Toyota,22.8,17.91,0,0,0,0,1,23.0
2024,2024-09-08,September Atlanta,Echopark Speedway,Harrison Burton,21,31,12,200,0,Running,Ford,20.8,24.36,0,0,1,1,2,16.0
2024,2024-09-08,September Atlanta,Echopark Speedway,JJ Yeley,44,23,37,200,0,Running,Chevrolet,34.2,22.83,0,0,0,0,0,33.0
2024,2024-09-08,September Atlanta,Echopark Speedway,Joey Logano,22,1,7,200,9,Running,Ford,25.0,12.77,3,1,1,4,8,9.0
2024,2024-09-08,September Atlanta,Echopark Speedway,John Hunter Nemechek,42,33,35,200,0,Running,Toyota,25.8,26.83,0,0,0,0,3,30.0
2024,2024-09-08,September Atlanta,Echopark Speedway,Josh Berry,4,28,4,200,0,Running,Ford,25.6,26.71,0,0,0,2,4,24.0
2024,2024-09-08,September Atlanta,Echopark Speedway,Justin Haley,51,12,29,200,0,Running,Chevrolet,25.2,17.27,0,0,0,0,2,17.0
2024,2024-09-08,September Atlanta,Echopark Speedway,Kyle Busch,8,7,15,200,24,Running,Chevrolet,9.0,15.64,2,1,0,5,9,12.0
2024,2024-09-08,September Atlanta,Echopark Speedway,Kyle Larson,5,37,6,200,0,Running,Chevrolet,13.4,17.36,2,2,4,10,13,30.0
2024,2024-09-08,September Atlanta,Echopark Speedway,Martin Truex Jr,19,35,22,200,0,Running,Toyota,29.6,16.0,0,0,0,4,9,20.0
2024,2024-09-08,September Atlanta,Echopark Speedway,Michael McDowell,34,22,1,200,30,Running,Ford,21.6,18.05,0,2,0,2,6,14.0
2024,2024-09-08,September Atlanta,Echopark Speedway,Noah Gragson,10,34,13,200,0,Running,Ford,22.0,24.93,0,0,0,1,7,23.0
2024,2024-09-08,September Atlanta,Echopark Speedway,Ricky Stenhouse Jr,47,14,27,200,0,Running,Chevrolet,23.0,19.68,0,0,0,2,5,14.0
2024,2024-09-08,September Atlanta,Echopark Speedway,Ross Chastain,1,13,18,200,13,Running,Chevrolet,12.4,12.82,2,1,0,4,9,7.0
2024,2024-09-08,September Atlanta,Echopark Speedway,Ryan Blaney,12,3,2,200,33,Running,Ford,19.6,13.18,1,1,2,7,11,6.0
2024,2024-09-08,September Atlanta,Echopark Speedway,Ryan Preece,41,18,21,200,2,Running,Ford,22.6,22.5,0,0,0,1,2,29.0
2024,2024-09-08,September Atlanta,Echopark Speedway,Shane van Gisbergen,16,32,28,200,0,Running,Chevrolet,31.4,20.33,1,0,0,0,0,31.0
2024,2024-09-08,September Atlanta,Echopark Speedway,Todd Gilliland,38,27,3,200,0,Running,Ford,19.8,19.59,0,0,0,0,4,13.0
2024,2024-09-08,September Atlanta,Echopark Speedway,Ty Gibbs,54,17,20,200,37,Running,Toyota,14.6,14.47,0,0,0,7,11,12.0
2024,2024-09-08,September Atlanta,Echopark Speedway,Tyler Reddick,45,6,23,200,0,Running,Toyota,8.8,16.45,2,0,2,11,18,18.0
2024,2024-09-08,September Atlanta,Echopark Speedway,William Byron,24,9,9,200,2,Running,Chevrolet,22.0,14.64,4,2,3,8,13,6.0
2024,2024-09-08,September Atlanta,Echopark Speedway,Zane Smith,71,21,34,200,0,Running,Chevrolet,16.6,20.0,0,0,0,1,2,26.0
2025,2025-02-23,February Atlanta,Echopark Speedway,AJ Allmendinger,16,14,12,200,0,Running,Chevrolet,21.2,18.56,0,0,0,0,0,22.6
2025,2025-02-23,February Atlanta,Echopark Speedway,Alex Bowman,48,26,13,200,6,Running,Chevrolet,9.0,16.79,1,0,0,0,1,14.49
2025,2025-02-23,February Atlanta,Echopark Speedway,Austin Cindric,2,28,2,200,47,Running,Ford,17.2,13.12,1,1,0,0,1,5.04
2025,2025-02-23,February Atlanta,Echopark Speedway,Austin Dillon,3,16,15,200,0,Running,Chevrolet,23.8,21.83,0,0,0,0,0,24.5
2025,2025-02-23,February Atlanta,Echopark Speedway,BJ McLeod,78,22,38,200,1,Running,Chevrolet,15.0,15.0,0,0,0,0,0,31.01
2025,2025-02-23,February Atlanta,Echopark Speedway,Brad Keselowski,6,39,9,200,0,Running,Ford,20.6,19.46,0,0,0,0,0,25.35
2025,2025-02-23,February Atlanta,Echopark Speedway,Bubba Wallace,23,9,14,200,0,Running,Toyota,16.8,21.79,0,0,0,0,0,9.46
2025,2025-02-23,February Atlanta,Echopark Speedway,Carson Hocevar,77,2,26,200,0,Running,Chevrolet,21.0,17.56,0,0,0,0,0,9.59
2025,2025-02-23,February Atlanta,Echopark Speedway,Chase Briscoe,19,21,25,200,5,Running,Toyota,17.2,23.38,0,2,0,1,1,18.15
2025,2025-02-23,February Atlanta,Echopark Speedway,Chase Elliott,9,20,19,200,0,Running,Chevrolet,12.6,11.05,2,3,0,0,0,19.15
2025,2025-02-23,February Atlanta,Echopark Speedway,Chris Buescher,17,30,8,200,0,Running,Ford,14.8,16.09,1,0,0,0,1,22.45
2025,2025-02-23,February Atlanta,Echopark Speedway,Christopher Bell,20,1,32,200,1,Running,Toyota,12.8,16.25,0,1,0,0,0,15.98
2025,2025-02-23,February Atlanta,Echopark Speedway,Cody Ware,51,35,31,200,1,Running,Ford,18.4,28.92,0,0,0,0,0,33.89
2025,2025-02-23,February Atlanta,Echopark Speedway,Cole Custer,41,36,23,200,0,Running,Ford,24.6,21.8,0,0,0,0,0,33.2
2025,2025-02-23,February Atlanta,Echopark Speedway,Corey LaJoie,1,38,35,200,0,Running,Chevrolet,27.6,20.92,0,0,0,0,0,32.31
2025,2025-02-23,February Atlanta,Echopark Speedway,Daniel Suarez,99,33,29,200,0,Running,Chevrolet,13.0,13.67,1,0,0,0,0,29.74
2025,2025-02-23,February Atlanta,Echopark Speedway,Denny Hamlin,11,6,37,200,0,Running,Toyota,10.2,15.67,0,4,0,0,0,18.2
2025,2025-02-23,February Atlanta,Echopark Speedway,Erik Jones,43,31,28,200,0,Running,Toyota,20.0,18.88,0,0,0,0,0,29.32
2025,2025-02-23,February Atlanta,Echopark Speedway,JJ Yeley,44,37,39,200,0,Running,Chevrolet,32.0,22.86,0,0,0,0,0,35.44
2025,2025-02-23,February Atlanta,Echopark Speedway,Joey Logano,22,12,4,200,83,Running,Ford,15.0,12.38,4,1,0,0,0,7.03
2025,2025-02-23,February Atlanta,Echopark Speedway,John Hunter Nemechek,42,10,22,200,0,Running,Toyota,20.2,26.88,0,0,0,1,1,17.15
2025,2025-02-23,February Atlanta,Echopark Speedway,Josh Berry,21,25,3,200,56,Running,Ford,22.4,26.67,0,0,0,0,0,5.56
2025,2025-02-23,February Atlanta,Echopark Speedway,Justin Haley,7,24,21,200,0,Running,Chevrolet,25.4,17.54,0,0,0,0,0,26.17
2025,2025-02-23,February Atlanta,Echopark Speedway,Kyle Busch,8,7,6,200,13,Running,Chevrolet,25.4,15.88,2,1,0,0,0,12.26
2025,2025-02-23,February Atlanta,Echopark Speedway,Kyle Larson,5,3,17,200,12,Running,Chevrolet,10.2,17.96,2,2,0,0,0,9.11
2025,2025-02-23,February Atlanta,Echopark Speedway,Michael McDowell,71,13,24,200,0,Running,Chevrolet,21.8,17.75,0,3,0,0,0,30.66
2025,2025-02-23,February Atlanta,Echopark Speedway,Noah Gragson,4,34,10,200,0,Running,Ford,17.6,24.65,0,0,0,0,0,25.72
2025,2025-02-23,February Atlanta,Echopark Speedway,Ricky Stenhouse Jr,47,5,34,200,0,Running,Chevrolet,23.8,20.17,0,0,0,0,0,18.36
2025,2025-02-23,February Atlanta,Echopark Speedway,Riley Herbst,35,17,27,200,0,Running,Toyota,29.2,37.0,0,0,0,0,0,22.45
2025,2025-02-23,February Atlanta,Echopark Speedway,Ross Chastain,1,8,33,200,25,Running,Chevrolet,21.4,12.46,2,2,0,0,0,15.26
2025,2025-02-23,February Atlanta,Echopark Speedway,Ryan Blaney,12,4,1,200,1,Running,Ford,8.8,13.79,1,1,0,0,1,9.81
2025,2025-02-23,February Atlanta,Echopark Speedway,Ryan Preece,60,18,11,200,0,Running,Ford,23.0,21.38,0,0,0,0,0,18.95
2025,2025-02-23,February Atlanta,Echopark Speedway,Shane van Gisbergen,88,23,30,200,2,Running,Chevrolet,19.2,19.0,1,0,0,0,0,19.2
2025,2025-02-23,February Atlanta,Echopark Speedway,Todd Gilliland,34,15,5,200,7,Running,Ford,24.8,19.75,0,0,0,0,0,12.94
2025,2025-02-23,February Atlanta,Echopark Speedway,Ty Dillon,10,29,20,200,0,Running,Chevrolet,20.0,27.06,0,0,0,0,0,33.49
2025,2025-02-23,February Atlanta,Echopark Speedway,Ty Gibbs,54,32,36,200,0,Running,Toyota,30.8,15.06,0,0,0,0,0,25.68
2025,2025-02-23,February Atlanta,Echopark Speedway,Tyler Reddick,45,19,18,200,0,Running,Toyota,15.6,16.46,2,0,0,1,1,10.4
2025,2025-02-23,February Atlanta,Echopark Speedway,William Byron,24,27,16,200,6,Running,Chevrolet,4.0,15.21,4,2,1,1,1,8.3
2025,2025-02-23,February Atlanta,Echopark Speedway,Zane Smith,38,11,7,200,0,Running,Chevrolet,28.4,18.44,0,0,0,0,0,21.62
2025,2025-06-28,June Atlanta,Echopark Speedway,AJ Allmendinger,16,12,21,200,0,Running,Chevrolet,15.0,18.68,0,0,0,1,4,16.77
2025,2025-06-28,June Atlanta,Echopark Speedway,Alex Bowman,48,3,9,200,32,Running,Chevrolet,23.2,17.07,1,0,0,3,8,8.24
2025,2025-06-28,June Atlanta,Echopark Speedway,Austin Cindric,2,38,4,200,12,Running,Ford,21.6,14.43,1,1,1,1,4,28.74
2025,2025-06-28,June Atlanta,Echopark Speedway,Austin Dillon,3,20,12,200,0,Running,Chevrolet,24.0,22.57,0,0,0,0,3,19.73
2025,2025-06-28,June Atlanta,Echopark Speedway,BJ McLeod,78,16,38,200,0,Running,Chevrolet,27.5,22.0,0,0,0,0,0,21.61
2025,2025-06-28,June Atlanta,Echopark Speedway,Brad Keselowski,6,2,6,200,46,Running,Ford,14.4,20.32,0,0,0,1,3,6.71
2025,2025-06-28,June Atlanta,Echopark Speedway,Bubba Wallace,23,22,24,200,0,Running,Toyota,18.6,20.36,0,0,0,3,6,21.55
2025,2025-06-28,June Atlanta,Echopark Speedway,Carson Hocevar,77,10,30,200,0,Running,Chevrolet,23.4,16.08,0,0,0,2,3,16.45
2025,2025-06-28,June Atlanta,Echopark Speedway,Chase Briscoe,19,35,10,200,0,Running,Toyota,10.2,22.14,0,3,1,6,8,33.12
2025,2025-06-28,June Atlanta,Echopark Speedway,Chase Elliott,9,1,15,200,41,Running,Chevrolet,8.8,10.96,2,3,0,5,9,6.06
2025,2025-06-28,June Atlanta,Echopark Speedway,Chris Buescher,17,9,13,200,15,Running,Ford,10.4,15.96,1,0,0,3,9,6.67
2025,2025-06-28,June Atlanta,Echopark Speedway,Christopher Bell,20,30,28,200,0,Running,Toyota,10.6,14.43,2,1,3,7,11,29.88
2025,2025-06-28,June Atlanta,Echopark Speedway,Cody Ware,51,13,39,200,0,Running,Ford,28.8,29.76,0,0,0,0,0,21.04
2025,2025-06-28,June Atlanta,Echopark Speedway,Cole Custer,41,19,7,200,0,Running,Ford,21.0,21.71,0,0,0,0,1,20.84
2025,2025-06-28,June Atlanta,Echopark Speedway,Connor Zilisch,87,11,36,200,0,Running,Chevrolet,30.0,37.0,0,0,0,0,0,18.82
2025,2025-06-28,June Atlanta,Echopark Speedway,Corey LaJoie,1,39,25,200,0,Running,Chevrolet,32.2,21.6,0,0,0,0,0,36.58
2025,2025-06-28,June Atlanta,Echopark Speedway,Daniel Suarez,99,34,31,200,0,Running,Chevrolet,20.0,15.43,1,0,0,1,3,30.47
2025,2025-06-28,June Atlanta,Echopark Speedway,David Starr,66,29,40,200,0,Running,Chevrolet,37.0,15.0,0,0,0,0,0,31.06
2025,2025-06-28,June Atlanta,Echopark Speedway,Denny Hamlin,11,31,33,200,0,Running,Toyota,11.6,15.04,0,4,3,8,9,33.12
2025,2025-06-28,June Atlanta,Echopark Speedway,Erik Jones,43,5,26,200,0,Running,Toyota,12.2,19.11,0,0,0,1,2,15.1
2025,2025-06-28,June Atlanta,Echopark Speedway,Joey Logano,22,36,1,200,51,Running,Ford,16.0,12.79,4,1,1,2,4,26.38
2025,2025-06-28,June Atlanta,Echopark Speedway,John Hunter Nemechek,42,26,19,200,0,Running,Toyota,20.0,23.33,0,0,0,1,6,17.48
2025,2025-06-28,June Atlanta,Echopark Speedway,Josh Berry,21,32,2,200,0,Running,Ford,18.4,26.69,0,0,1,2,3,23.85
2025,2025-06-28,June Atlanta,Echopark Speedway,Justin Haley,7,23,22,200,3,Running,Chevrolet,25.2,18.46,0,0,0,0,1,15.91
2025,2025-06-28,June Atlanta,Echopark Speedway,Kyle Busch,8,21,29,200,0,Running,Chevrolet,18.4,15.79,2,1,0,1,5,20.7
2025,2025-06-28,June Atlanta,Echopark Speedway,Kyle Larson,5,17,11,200,0,Running,Chevrolet,18.6,18.21,2,2,3,9,12,15.15
2025,2025-06-28,June Atlanta,Echopark Speedway,Michael McDowell,71,18,32,200,0,Running,Chevrolet,19.6,17.0,0,3,0,1,2,23.28
2025,2025-06-28,June Atlanta,Echopark Speedway,Noah Gragson,4,25,27,200,0,Running,Ford,25.6,25.19,0,0,0,1,3,26.0
2025,2025-06-28,June Atlanta,Echopark Speedway,Ricky Stenhouse Jr,47,6,37,200,1,Running,Chevrolet,25.4,20.46,0,0,0,1,2,19.95
2025,2025-06-28,June Atlanta,Echopark Speedway,Riley Herbst,35,28,20,200,1,Running,Toyota,28.6,24.8,0,0,0,0,0,23.35
2025,2025-06-28,June Atlanta,Echopark Speedway,Ross Chastain,1,33,34,200,0,Running,Chevrolet,12.0,12.36,2,2,1,3,8,29.92
2025,2025-06-28,June Atlanta,Echopark Speedway,Ryan Blaney,12,40,3,200,0,Running,Ford,17.6,13.18,2,2,1,7,8,32.92
2025,2025-06-28,June Atlanta,Echopark Speedway,Ryan Preece,60,15,5,200,3,Running,Ford,13.8,21.8,0,0,0,1,7,13.15
2025,2025-06-28,June Atlanta,Echopark Speedway,Shane van Gisbergen,88,24,35,200,0,Running,Chevrolet,17.8,16.67,2,1,1,1,2,17.72
2025,2025-06-28,June Atlanta,Echopark Speedway,Todd Gilliland,34,27,17,200,0,Running,Ford,24.6,19.39,0,0,0,0,2,22.35
2025,2025-06-28,June Atlanta,Echopark Speedway,Ty Dillon,10,8,14,200,0,Running,Chevrolet,27.0,27.45,0,0,0,0,0,12.55
2025,2025-06-28,June Atlanta,Echopark Speedway,Ty Gibbs,54,14,16,200,32,Running,Toyota,16.6,17.33,0,0,0,2,3,9.08
2025,2025-06-28,June Atlanta,Echopark Speedway,Tyler Reddick,45,4,23,200,18,Running,Toyota,20.0,15.93,2,1,0,3,5,9.31
2025,2025-06-28,June Atlanta,Echopark Speedway,William Byron,24,37,18,200,0,Running,Chevrolet,14.2,14.57,4,2,1,7,10,28.82
2025,2025-06-28,June Atlanta,Echopark Speedway,Zane Smith,38,7,8,200,5,Running,Chevrolet,23.8,19.54,0,0,0,0,2,9.58
2026,2026-02-22,February Atlanta,Echopark Speedway,Tyler Reddick,45,1,1,200,53,Running,Toyota,1.0,1.0,0,0,1,1,1,6.38
2026,2026-02-22,February Atlanta,Echopark Speedway,Chase Briscoe,19,2,34,200,27,Running,Toyota,36.0,36.0,0,0,0,0,0,11.28
2026,2026-02-22,February Atlanta,Echopark Speedway,Ross Chastain,1,3,21,200,0,Running,Chevrolet,20.0,20.0,0,0,0,0,0,11.01
2026,2026-02-22,February Atlanta,Echopark Speedway,Carson Hocevar,77,4,15,200,2,Running,Chevrolet,18.0,18.0,0,0,0,0,0,22.19
2026,2026-02-22,February Atlanta,Echopark Speedway,Daniel Suarez,7,5,12,200,0,Running,Chevrolet,13.0,13.0,0,0,0,0,0,17.83
2026,2026-02-22,February Atlanta,Echopark Speedway,Shane van Gisbergen,97,6,28,200,1,Running,Chevrolet,30.0,30.0,0,0,0,0,0,19.52
2026,2026-02-22,February Atlanta,Echopark Speedway,Zane Smith,38,7,6,200,1,Running,Chevrolet,6.0,6.0,0,0,0,0,1,17.05
2026,2026-02-22,February Atlanta,Echopark Speedway,Bubba Wallace,23,8,9,200,46,Running,Toyota,10.0,10.0,0,0,0,0,1,5.84
2026,2026-02-22,February Atlanta,Echopark Speedway,Ryan Preece,60,9,26,200,0,Running,Ford,25.0,25.0,0,0,0,0,0,19.39
2026,2026-02-22,February Atlanta,Echopark Speedway,Ryan Blaney,12,10,22,200,6,Running,Ford,27.0,27.0,0,0,0,0,0,12.11
2026,2026-02-22,February Atlanta,Echopark Speedway,Chase Elliott,9,11,4,200,11,Running,Chevrolet,4.0,4.0,0,0,0,1,1,9.72
2026,2026-02-22,February Atlanta,Echopark Speedway,AJ Allmendinger,16,12,19,200,0,Running,Chevrolet,19.0,19.0,0,0,0,0,0,18.33
2026,2026-02-22,February Atlanta,Echopark Speedway,Denny Hamlin,11,13,29,200,10,Running,Toyota,31.0,31.0,0,0,0,0,0,17.34
2026,2026-02-22,February Atlanta,Echopark Speedway,Noah Gragson,4,14,11,200,0,Running,Chevrolet,11.0,11.0,0,0,0,0,0,15.21
2026,2026-02-22,February Atlanta,Echopark Speedway,Chris Buescher,17,15,7,200,0,Running,Ford,7.0,7.0,0,0,0,0,1,18.8
2026,2026-02-22,February Atlanta,Echopark Speedway,Ty Dillon,10,16,17,200,0,Running,Chevrolet,14.0,14.0,0,0,0,0,0,22.34
2026,2026-02-22,February Atlanta,Echopark Speedway,Brad Keselowski,6,17,5,200,10,Running,Ford,5.0,5.0,0,0,0,1,1,13.63
2026,2026-02-22,February Atlanta,Echopark Speedway,Joey Logano,22,18,2,200,26,Running,Ford,3.0,3.0,0,0,0,1,1,9.41
2026,2026-02-22,February Atlanta,Echopark Speedway,John Hunter Nemechek,42,19,24,200,0,Running,Chevrolet,24.2,22.5,0,0,0,0,0,25.64
2026,2026-02-22,February Atlanta,Echopark Speedway,Michael McDowell,71,20,20,200,0,Running,Ford,22.0,22.0,0,0,0,0,0,19.96
2026,2026-02-22,February Atlanta,Echopark Speedway,Christopher Bell,20,21,32,200,9,Running,Toyota,35.0,35.0,0,0,0,0,0,15.82
2026,2026-02-22,February Atlanta,Echopark Speedway,Cole Custer,41,22,27,200,0,Running,Chevrolet,24.0,24.0,0,0,0,0,0,26.41
2026,2026-02-22,February Atlanta,Echopark Speedway,Alex Bowman,48,23,36,200,0,Running,Chevrolet,40.0,40.0,0,0,0,0,0,19.45
2026,2026-02-22,February Atlanta,Echopark Speedway,Erik Jones,43,24,23,200,0,Running,Toyota,21.0,21.0,0,0,0,0,0,24.41
2026,2026-02-22,February Atlanta,Echopark Speedway,Todd Gilliland,34,25,35,200,0,Running,Ford,39.0,39.0,0,0,0,0,0,28.45
2026,2026-02-22,February Atlanta,Echopark Speedway,Austin Cindric,2,26,30,200,21,Running,Ford,34.0,34.0,0,0,0,0,0,10.72
2026,2026-02-22,February Atlanta,Echopark Speedway,Cody Ware,51,27,18,200,0,Running,Ford,17.0,17.0,0,0,0,0,0,27.37
2026,2026-02-22,February Atlanta,Echopark Speedway,William Byron,24,28,13,200,0,Running,Chevrolet,12.0,12.0,0,0,0,0,0,7.11
2026,2026-02-22,February Atlanta,Echopark Speedway,Austin Dillon,3,29,33,200,0,Running,Chevrolet,37.0,37.0,0,0,0,0,0,26.62
2026,2026-02-22,February Atlanta,Echopark Speedway,Connor Zilisch,88,30,31,200,0,Running,Chevrolet,15.0,15.0,0,0,0,0,0,18.31
2026,2026-02-22,February Atlanta,Echopark Speedway,JJ Yeley,44,31,38,200,0,Running,Chevrolet,33.6,23.25,0,0,0,0,0,32.65
2026,2026-02-22,February Atlanta,Echopark Speedway,Kyle Larson,5,32,16,200,48,Running,Chevrolet,16.0,16.0,0,0,0,0,0,16.27
2026,2026-02-22,February Atlanta,Echopark Speedway,Riley Herbst,35,33,8,200,0,Running,Toyota,8.0,8.0,0,0,0,0,1,28.04
2026,2026-02-22,February Atlanta,Echopark Speedway,Kyle Busch,8,34,14,200,0,Running,Chevrolet,15.0,15.0,0,0,0,0,0,24.26
2026,2026-02-22,February Atlanta,Echopark Speedway,BJ McLeod,78,35,37,200,0,Running,Chevrolet,41.0,41.0,0,0,0,0,0,33.45
2026,2026-02-22,February Atlanta,Echopark Speedway,Ricky Stenhouse Jr,47,36,3,200,0,Running,Chevrolet,19.6,15.0,0,0,0,1,1,28.09
2026,2026-02-22,February Atlanta,Echopark Speedway,Ty Gibbs,54,37,25,200,0,Running,Toyota,23.0,23.0,0,0,0,0,0,31.78
2022,2022-10-23,October Homestead,Homestead-Miami Speedway,AJ Allmendinger,16,3,10,200,0,Running,Chevrolet,5.8,15.0,0,0,0,2,7,8.0
2022,2022-10-23,October Homestead,Homestead-Miami Speedway,Aric Almirola,10,21,28,200,0,Running,Ford,19.8,15.0,0,0,0,2,7,22.0
2022,2022-10-23,October Homestead,Homestead-Miami Speedway,Austin Cindric,2,19,26,200,0,Running,Ford,18.8,15.0,0,0,1,5,9,21.0
2022,2022-10-23,October Homestead,Homestead-Miami Speedway,Austin Dillon,3,4,32,200,0,Running,Chevrolet,16.2,15.0,0,0,1,4,10,12.0
2022,2022-10-23,October Homestead,Homestead-Miami Speedway,BJ McLeod,78,33,35,200,0,Running,Chevrolet,28.8,15.0,0,0,0,0,1,35.0
2022,2022-10-23,October Homestead,Homestead-Miami Speedway,Brad Keselowski,6,5,9,200,0,Running,Ford,15.2,15.0,0,0,0,0,5,7.0
2022,2022-10-23,October Homestead,Homestead-Miami Speedway,Chase Briscoe,14,36,19,200,0,Running,Ford,8.4,15.0,0,0,1,5,8,26.0
2022,2022-10-23,October Homestead,Homestead-Miami Speedway,Chase Elliott,9,14,3,200,0,Running,Chevrolet,15.2,15.0,0,0,5,12,19,7.0
2022,2022-10-23,October Homestead,Homestead-Miami Speedway,Chris Buescher,17,13,8,200,0,Running,Ford,15.4,15.0,0,0,1,3,10,16.0
2022,2022-10-23,October Homestead,Homestead-Miami Speedway,Christopher Bell,20,11,2,200,4,Running,Toyota,18.0,15.0,0,0,2,11,18,12.0
2022,2022-10-23,October Homestead,Homestead-Miami Speedway,Cody Ware,51,34,36,200,0,Running,Ford,27.2,15.0,0,0,0,0,1,35.0
2022,2022-10-23,October Homestead,Homestead-Miami Speedway,Cole Custer,41,24,25,200,0,Running,Ford,21.6,15.0,0,0,0,0,3,26.0
2022,2022-10-23,October Homestead,Homestead-Miami Speedway,Corey LaJoie,7,23,31,200,0,Running,Chevrolet,20.0,15.0,0,0,0,1,1,24.0
2022,2022-10-23,October Homestead,Homestead-Miami Speedway,Daniel Suarez,99,10,23,200,0,Running,Chevrolet,18.2,15.0,0,0,1,6,12,12.0
2022,2022-10-23,October Homestead,Homestead-Miami Speedway,Denny Hamlin,11,7,14,200,4,Running,Toyota,8.4,15.0,0,0,2,9,13,10.0
2022,2022-10-23,October Homestead,Homestead-Miami Speedway,Erik Jones,43,30,22,200,0,Running,Chevrolet,10.4,15.0,0,0,1,3,13,29.0
2022,2022-10-23,October Homestead,Homestead-Miami Speedway,Harrison Burton,21,20,21,200,0,Running,Ford,24.8,15.0,0,0,0,1,2,22.0
2022,2022-10-23,October Homestead,Homestead-Miami Speedway,JJ Yeley,15,32,34,200,0,Running,Chevrolet,29.0,15.0,0,0,0,0,0,33.0
2022,2022-10-23,October Homestead,Homestead-Miami Speedway,Joey Logano,22,18,17,200,0,Running,Ford,15.0,15.0,0,0,3,10,15,11.0
2022,2022-10-23,October Homestead,Homestead-Miami Speedway,John Hunter Nemechek,45,27,4,200,0,Running,Toyota,15.0,15.0,0,0,0,0,0,25.0
2022,2022-10-23,October Homestead,Homestead-Miami Speedway,Justin Haley,31,28,15,200,0,Running,Chevrolet,9.8,15.0,0,0,0,3,4,23.0
2022,2022-10-23,October Homestead,Homestead-Miami Speedway,Kevin Harvick,4,8,16,200,0,Running,Ford,14.4,15.0,0,0,2,8,15,11.0
2022,2022-10-23,October Homestead,Homestead-Miami Speedway,Kyle Busch,18,9,11,200,0,Running,Toyota,19.2,15.0,0,0,1,8,15,15.0
2022,2022-10-23,October Homestead,Homestead-Miami Speedway,Kyle Larson,5,1,5,200,199,Running,Chevrolet,20.4,15.0,0,0,2,11,16,1.0
2022,2022-10-23,October Homestead,Homestead-Miami Speedway,Landon Cassill,77,29,33,200,0,Running,Chevrolet,22.2,15.0,0,0,0,1,1,31.0
2022,2022-10-23,October Homestead,Homestead-Miami Speedway,Martin Truex Jr,19,6,12,200,28,Running,Toyota,23.4,15.0,0,0,0,4,14,6.0
2022,2022-10-23,October Homestead,Homestead-Miami Speedway,Michael McDowell,34,16,18,200,0,Running,Ford,14.2,15.0,0,0,0,2,12,22.0
2022,2022-10-23,October Homestead,Homestead-Miami Speedway,Noah Gragson,48,25,24,200,0,Running,Chevrolet,18.4,15.0,0,0,0,1,1,25.0
2022,2022-10-23,October Homestead,Homestead-Miami Speedway,Ricky Stenhouse Jr,47,15,27,200,0,Running,Chevrolet,24.8,15.0,0,0,0,1,5,17.0
2022,2022-10-23,October Homestead,Homestead-Miami Speedway,Ross Chastain,1,2,20,200,0,Running,Chevrolet,12.4,15.0,0,0,2,12,18,8.0
2022,2022-10-23,October Homestead,Homestead-Miami Speedway,Ryan Blaney,12,17,13,200,0,Running,Ford,18.0,15.0,0,0,0,10,15,8.0
2022,2022-10-23,October Homestead,Homestead-Miami Speedway,Todd Gilliland,38,31,29,200,0,Running,Ford,21.6,15.0,0,0,0,1,2,32.0
2022,2022-10-23,October Homestead,Homestead-Miami Speedway,Ty Dillon,42,26,30,200,0,Running,Chevrolet,24.6,15.0,0,0,0,0,1,28.0
2022,2022-10-23,October Homestead,Homestead-Miami Speedway,Ty Gibbs,23,22,6,200,0,Running,Toyota,27.2,15.0,0,0,0,0,1,21.0
2022,2022-10-23,October Homestead,Homestead-Miami Speedway,Tyler Reddick,8,35,7,200,0,Running,Toyota,13.6,15.0,0,0,3,10,15,17.0
2022,2022-10-23,October Homestead,Homestead-Miami Speedway,William Byron,24,12,1,200,32,Running,Chevrolet,10.2,15.0,0,0,2,5,9,6.0
2023,2023-10-22,October Homestead,Homestead-Miami Speedway,AJ Allmendinger,16,5,25,200,0,Running,Chevrolet,20.2,3.0,0,0,1,3,6,11.39
2023,2023-10-22,October Homestead,Homestead-Miami Speedway,Alex Bowman,48,19,12,200,0,Running,Chevrolet,19.2,15.0,0,0,0,4,10,25.14
2023,2023-10-22,October Homestead,Homestead-Miami Speedway,Aric Almirola,10,9,30,200,0,Running,Ford,17.6,21.0,0,0,0,1,3,18.36
2023,2023-10-22,October Homestead,Homestead-Miami Speedway,Austin Cindric,2,12,26,200,0,Running,Ford,22.4,19.0,0,0,0,1,4,17.18
2023,2023-10-22,October Homestead,Homestead-Miami Speedway,Austin Dillon,3,10,6,200,0,Running,Chevrolet,23.6,4.0,0,0,0,1,6,8.75
2023,2023-10-22,October Homestead,Homestead-Miami Speedway,Brad Keselowski,6,28,4,200,16,Running,Ford,13.8,5.0,0,0,0,7,16,7.97
2023,2023-10-22,October Homestead,Homestead-Miami Speedway,Bubba Wallace,23,6,2,200,9,Running,Toyota,13.8,15.0,0,0,0,5,8,12.74
2023,2023-10-22,October Homestead,Homestead-Miami Speedway,Chase Briscoe,14,17,21,200,0,Running,Ford,22.2,36.0,0,0,0,3,7,20.54
2023,2023-10-22,October Homestead,Homestead-Miami Speedway,Chase Elliott,9,15,16,200,0,Running,Chevrolet,13.2,14.0,0,0,0,7,15,19.08
2023,2023-10-22,October Homestead,Homestead-Miami Speedway,Chris Buescher,17,21,17,200,0,Running,Ford,11.0,13.0,0,0,3,8,15,25.61
2023,2023-10-22,October Homestead,Homestead-Miami Speedway,Christopher Bell,20,1,13,200,26,Running,Toyota,7.6,11.0,0,0,1,9,17,10.97
2023,2023-10-22,October Homestead,Homestead-Miami Speedway,Corey LaJoie,7,20,20,200,0,Running,Chevrolet,18.2,23.0,0,0,0,2,3,15.34
2023,2023-10-22,October Homestead,Homestead-Miami Speedway,Daniel Suarez,99,16,14,200,0,Running,Chevrolet,17.4,10.0,0,0,0,3,10,19.76
2023,2023-10-22,October Homestead,Homestead-Miami Speedway,Denny Hamlin,11,30,11,200,31,Running,Toyota,11.2,7.0,0,0,3,13,17,9.31
2023,2023-10-22,October Homestead,Homestead-Miami Speedway,Erik Jones,43,14,19,200,0,Running,Chevrolet,28.8,30.0,0,0,0,1,7,19.26
2023,2023-10-22,October Homestead,Homestead-Miami Speedway,Harrison Burton,21,36,28,200,0,Running,Ford,24.6,20.0,0,0,0,0,2,30.76
2023,2023-10-22,October Homestead,Homestead-Miami Speedway,JJ Yeley,15,33,31,200,0,Running,Chevrolet,31.4,32.0,0,0,0,0,1,33.36
2023,2023-10-22,October Homestead,Homestead-Miami Speedway,Joey Logano,22,8,36,200,0,Running,Ford,19.2,18.0,0,0,1,10,15,14.36
2023,2023-10-22,October Homestead,Homestead-Miami Speedway,John Hunter Nemechek,42,32,24,200,0,Running,Toyota,27.0,27.0,0,0,0,0,0,33.46
2023,2023-10-22,October Homestead,Homestead-Miami Speedway,Josh Bilicki,78,35,35,200,0,Running,Chevrolet,28.0,15.0,0,0,0,0,0,33.42
2023,2023-10-22,October Homestead,Homestead-Miami Speedway,Justin Haley,31,23,27,200,0,Running,Chevrolet,19.6,28.0,0,0,0,1,6,27.37
2023,2023-10-22,October Homestead,Homestead-Miami Speedway,Kevin Harvick,4,11,22,200,0,Running,Ford,21.6,8.0,0,0,0,6,13,14.96
2023,2023-10-22,October Homestead,Homestead-Miami Speedway,Kyle Busch,8,18,18,200,0,Running,Chevrolet,17.0,9.0,0,0,3,10,17,17.0
2023,2023-10-22,October Homestead,Homestead-Miami Speedway,Kyle Larson,5,34,5,200,96,Running,Chevrolet,12.4,1.0,1,0,4,14,16,9.04
2023,2023-10-22,October Homestead,Homestead-Miami Speedway,Martin Truex Jr,19,29,1,200,10,Running,Toyota,16.6,6.0,0,0,3,9,16,9.33
2023,2023-10-22,October Homestead,Homestead-Miami Speedway,Michael McDowell,34,22,15,200,0,Running,Ford,18.2,16.0,0,0,1,2,7,22.9
2023,2023-10-22,October Homestead,Homestead-Miami Speedway,Ricky Stenhouse Jr,47,27,23,200,0,Running,Chevrolet,20.0,15.0,0,0,1,2,9,30.39
2023,2023-10-22,October Homestead,Homestead-Miami Speedway,Ross Chastain,1,31,8,200,0,Running,Chevrolet,15.4,2.0,0,0,1,9,13,13.15
2023,2023-10-22,October Homestead,Homestead-Miami Speedway,Ryan Blaney,12,2,10,200,53,Running,Ford,13.8,17.0,0,0,2,5,15,3.86
2023,2023-10-22,October Homestead,Homestead-Miami Speedway,Ryan Newman,51,26,34,200,0,Running,Ford,30.0,15.0,0,0,0,0,0,31.0
2023,2023-10-22,October Homestead,Homestead-Miami Speedway,Ryan Preece,41,13,29,200,0,Running,Ford,16.0,15.0,0,0,0,1,2,19.66
2023,2023-10-22,October Homestead,Homestead-Miami Speedway,Todd Gilliland,38,25,32,200,0,Running,Ford,22.6,31.0,0,0,0,0,3,29.99
2023,2023-10-22,October Homestead,Homestead-Miami Speedway,Ty Dillon,77,24,33,200,0,Running,Chevrolet,26.8,26.0,0,0,0,0,0,28.37
2023,2023-10-22,October Homestead,Homestead-Miami Speedway,Ty Gibbs,54,7,9,200,0,Running,Toyota,22.0,22.0,0,0,0,4,9,11.71
2023,2023-10-22,October Homestead,Homestead-Miami Speedway,Tyler Reddick,45,3,3,200,1,Running,Toyota,14.0,35.0,0,0,2,9,15,6.88
2023,2023-10-22,October Homestead,Homestead-Miami Speedway,William Byron,24,4,7,200,25,Running,Chevrolet,4.2,12.0,0,1,6,13,19,3.59
2024,2024-10-27,October Homestead,Homestead-Miami Speedway,AJ Allmendinger,16,8,32,200,0,Running,Chevrolet,24.6,4.0,0,0,0,0,4,15.0
2024,2024-10-27,October Homestead,Homestead-Miami Speedway,Alex Bowman,48,7,11,200,0,Running,Chevrolet,14.8,19.0,0,0,1,8,16,9.0
2024,2024-10-27,October Homestead,Homestead-Miami Speedway,Austin Cindric,2,27,36,200,0,Running,Ford,23.4,15.5,0,0,1,3,6,26.0
2024,2024-10-27,October Homestead,Homestead-Miami Speedway,Austin Dillon,3,25,30,200,0,Running,Chevrolet,22.0,7.0,0,0,1,1,4,23.0
2024,2024-10-27,October Homestead,Homestead-Miami Speedway,Brad Keselowski,6,17,18,200,8,Running,Ford,21.8,16.5,0,0,1,9,13,20.0
2024,2024-10-27,October Homestead,Homestead-Miami Speedway,Bubba Wallace,23,18,8,200,2,Running,Toyota,10.0,6.0,0,0,0,6,13,12.0
2024,2024-10-27,October Homestead,Homestead-Miami Speedway,Carson Hocevar,77,9,15,200,0,Running,Chevrolet,19.8,15.0,0,0,0,1,5,10.0
2024,2024-10-27,October Homestead,Homestead-Miami Speedway,Chad Finchum,66,37,38,200,0,Running,Chevrolet,38.0,15.0,0,0,0,0,0,38.0
2024,2024-10-27,October Homestead,Homestead-Miami Speedway,Chase Briscoe,14,12,13,200,0,Running,Ford,24.8,26.5,0,0,1,3,9,14.0
2024,2024-10-27,October Homestead,Homestead-Miami Speedway,Chase Elliott,9,5,7,200,81,Running,Chevrolet,15.6,14.5,0,0,1,9,16,4.0
2024,2024-10-27,October Homestead,Homestead-Miami Speedway,Chris Buescher,17,15,21,200,0,Running,Ford,13.8,17.0,0,0,1,6,14,24.0
2024,2024-10-27,October Homestead,Homestead-Miami Speedway,Christopher Bell,20,4,3,200,3,Running,Toyota,4.4,6.0,1,0,3,13,21,5.0
2024,2024-10-27,October Homestead,Homestead-Miami Speedway,Corey LaJoie,51,35,33,200,0,Running,Chevrolet,24.0,21.5,0,0,0,1,3,32.0
2024,2024-10-27,October Homestead,Homestead-Miami Speedway,Daniel Hemric,31,29,9,200,0,Running,Chevrolet,24.0,15.0,0,0,0,0,4,27.0
2024,2024-10-27,October Homestead,Homestead-Miami Speedway,Daniel Suarez,99,16,23,200,0,Running,Chevrolet,20.6,13.0,0,0,1,4,8,19.0
2024,2024-10-27,October Homestead,Homestead-Miami Speedway,Denny Hamlin,11,3,4,200,21,Running,Toyota,8.8,18.5,0,0,3,10,16,5.0
2024,2024-10-27,October Homestead,Homestead-Miami Speedway,Erik Jones,43,22,28,200,0,Running,Toyota,25.6,22.0,0,0,0,1,2,31.0
2024,2024-10-27,October Homestead,Homestead-Miami Speedway,Harrison Burton,21,24,34,200,0,Running,Ford,25.4,28.0,0,0,1,1,2,27.0
2024,2024-10-27,October Homestead,Homestead-Miami Speedway,JJ Yeley,44,38,37,200,0,Running,Chevrolet,32.4,32.5,0,0,0,0,0,36.0
2024,2024-10-27,October Homestead,Homestead-Miami Speedway,Joey Logano,22,28,26,200,0,Running,Ford,16.8,13.0,0,0,3,6,11,20.0
2024,2024-10-27,October Homestead,Homestead-Miami Speedway,John Hunter Nemechek,42,26,29,200,0,Running,Toyota,27.4,29.5,0,0,0,0,4,26.0
2024,2024-10-27,October Homestead,Homestead-Miami Speedway,Josh Berry,4,11,12,200,0,Running,Ford,29.8,15.0,0,0,0,2,4,15.0
2024,2024-10-27,October Homestead,Homestead-Miami Speedway,Justin Haley,7,34,10,200,1,Running,Chevrolet,21.0,25.5,0,0,0,0,3,32.0
2024,2024-10-27,October Homestead,Homestead-Miami Speedway,Kaz Grala,15,32,27,200,0,Running,Chevrolet,32.8,15.0,0,0,0,0,0,34.0
2024,2024-10-27,October Homestead,Homestead-Miami Speedway,Kyle Busch,8,31,17,200,5,Running,Chevrolet,17.8,13.5,0,0,0,5,10,24.0
2024,2024-10-27,October Homestead,Homestead-Miami Speedway,Kyle Larson,5,13,2,200,1,Running,Chevrolet,8.6,17.5,1,0,6,13,16,14.0
2024,2024-10-27,October Homestead,Homestead-Miami Speedway,Martin Truex Jr,19,23,6,200,0,Running,Toyota,13.0,17.5,0,1,0,5,11,12.0
2024,2024-10-27,October Homestead,Homestead-Miami Speedway,Michael McDowell,34,14,24,200,0,Running,Ford,22.4,19.0,0,0,0,2,7,19.0
2024,2024-10-27,October Homestead,Homestead-Miami Speedway,Noah Gragson,10,19,16,200,0,Running,Ford,20.8,25.0,0,0,0,1,7,20.0
2024,2024-10-27,October Homestead,Homestead-Miami Speedway,Ricky Stenhouse Jr,47,21,5,200,0,Running,Chevrolet,19.8,21.0,0,0,1,3,6,19.0
2024,2024-10-27,October Homestead,Homestead-Miami Speedway,Ross Chastain,1,33,22,200,0,Running,Chevrolet,17.2,16.5,0,0,1,6,13,25.0
2024,2024-10-27,October Homestead,Homestead-Miami Speedway,Ryan Blaney,12,2,20,200,47,Running,Ford,18.2,9.5,0,0,2,9,15,5.0
2024,2024-10-27,October Homestead,Homestead-Miami Speedway,Ryan Preece,41,10,35,200,0,Running,Ford,21.0,13.0,0,0,0,1,4,15.0
2024,2024-10-27,October Homestead,Homestead-Miami Speedway,Todd Gilliland,38,20,31,200,1,Running,Ford,26.2,28.0,0,0,0,0,4,27.0
2024,2024-10-27,October Homestead,Homestead-Miami Speedway,Ty Gibbs,54,36,14,200,0,Running,Toyota,19.6,14.5,0,0,0,8,12,24.0
2024,2024-10-27,October Homestead,Homestead-Miami Speedway,Tyler Reddick,45,1,1,200,97,Running,Toyota,22.2,19.0,0,0,2,11,19,4.0
2024,2024-10-27,October Homestead,Homestead-Miami Speedway,William Byron,24,6,25,200,0,Running,Chevrolet,5.8,8.0,0,1,3,12,18,10.0
2024,2024-10-27,October Homestead,Homestead-Miami Speedway,Zane Smith,71,30,19,200,0,Running,Chevrolet,16.4,15.0,0,0,0,2,4,20.0
2025,2025-03-23,March Homestead,Homestead-Miami Speedway,AJ Allmendinger,16,7,10,200,0,Running,Chevrolet,23.0,5.33,0,0,0,0,1,9.8
2025,2025-03-23,March Homestead,Homestead-Miami Speedway,Alex Bowman,48,2,1,200,43,Running,Chevrolet,11.0,13.0,0,0,0,0,4,3.7
2025,2025-03-23,March Homestead,Homestead-Miami Speedway,Austin Cindric,2,19,8,200,0,Running,Ford,17.2,19.33,0,0,0,0,2,11.2
2025,2025-03-23,March Homestead,Homestead-Miami Speedway,Austin Dillon,3,13,30,200,0,Running,Chevrolet,23.6,13.0,0,0,0,0,0,16.1
2025,2025-03-23,March Homestead,Homestead-Miami Speedway,Brad Keselowski,6,26,32,200,0,Running,Ford,24.8,16.67,0,0,0,0,0,24.8
2025,2025-03-23,March Homestead,Homestead-Miami Speedway,Bubba Wallace,23,3,9,200,56,Running,Toyota,23.0,12.0,0,0,0,0,1,5.9
2025,2025-03-23,March Homestead,Homestead-Miami Speedway,Carson Hocevar,77,37,15,200,4,Running,Chevrolet,22.2,9.0,0,0,0,1,1,20.5
2025,2025-03-23,March Homestead,Homestead-Miami Speedway,Chase Briscoe,19,4,4,200,0,Running,Toyota,18.2,21.67,0,0,0,1,1,8.8
2025,2025-03-23,March Homestead,Homestead-Miami Speedway,Chase Elliott,9,18,18,200,0,Running,Chevrolet,11.8,11.33,0,0,0,1,3,15.2
2025,2025-03-23,March Homestead,Homestead-Miami Speedway,Chris Buescher,17,6,11,200,0,Running,Ford,13.0,16.33,0,0,0,1,3,11.6
2025,2025-03-23,March Homestead,Homestead-Miami Speedway,Christopher Bell,20,29,16,200,0,Running,Toyota,9.2,5.33,1,0,3,3,3,27
2025,2025-03-23,March Homestead,Homestead-Miami Speedway,Cody Ware,51,34,36,200,0,Running,Ford,30.2,34.0,0,0,0,0,0,35.2
2025,2025-03-23,March Homestead,Homestead-Miami Speedway,Cole Custer,41,28,24,200,0,Running,Ford,27.6,24.0,0,0,0,0,0,29
2025,2025-03-23,March Homestead,Homestead-Miami Speedway,Daniel Suarez,99,22,33,200,0,Running,Chevrolet,21.4,14.0,0,0,0,1,1,20.4
2025,2025-03-23,March Homestead,Homestead-Miami Speedway,Denny Hamlin,11,5,23,200,15,Running,Toyota,15.6,13.33,0,0,0,1,2,9.7
2025,2025-03-23,March Homestead,Homestead-Miami Speedway,Erik Jones,43,15,28,200,0,Running,Toyota,23.0,22.0,0,0,0,0,0,23.0
2025,2025-03-23,March Homestead,Homestead-Miami Speedway,JJ Yeley,44,35,37,200,0,Running,Chevrolet,34.8,34.33,0,0,0,0,0,36
2025,2025-03-23,March Homestead,Homestead-Miami Speedway,Joey Logano,22,14,12,200,0,Running,Ford,19.8,18.0,0,0,0,0,0,19.2
2025,2025-03-23,March Homestead,Homestead-Miami Speedway,John Hunter Nemechek,42,23,7,200,0,Running,Toyota,14.2,28.33,0,0,0,1,2,21.9
2025,2025-03-23,March Homestead,Homestead-Miami Speedway,Josh Berry,21,17,2,200,2,Running,Ford,18.6,11.0,0,0,1,2,2,14.7
2025,2025-03-23,March Homestead,Homestead-Miami Speedway,Justin Haley,7,10,21,200,0,Running,Chevrolet,21.4,28.33,0,0,0,0,0,17.7
2025,2025-03-23,March Homestead,Homestead-Miami Speedway,Kyle Busch,8,21,22,200,0,Running,Chevrolet,17.4,19.33,0,0,0,1,3,27.7
2025,2025-03-23,March Homestead,Homestead-Miami Speedway,Kyle Larson,5,1,14,200,19,Running,Chevrolet,13.4,16.0,1,0,0,2,3,7.3
2025,2025-03-23,March Homestead,Homestead-Miami Speedway,Michael McDowell,71,20,26,200,0,Running,Chevrolet,15.6,17.33,0,0,0,0,0,19.9
2025,2025-03-23,March Homestead,Homestead-Miami Speedway,Noah Gragson,4,16,3,200,0,Running,Ford,25.4,22.0,0,0,0,0,1,11.3
2025,2025-03-23,March Homestead,Homestead-Miami Speedway,Ricky Stenhouse Jr,47,24,27,200,0,Running,Chevrolet,16.0,21.0,0,0,0,1,1,25.8
2025,2025-03-23,March Homestead,Homestead-Miami Speedway,Riley Herbst,35,33,19,200,0,Running,Toyota,21.4,15.0,0,0,0,0,0,30.4
2025,2025-03-23,March Homestead,Homestead-Miami Speedway,Ross Chastain,1,31,25,200,0,Running,Chevrolet,15.2,22.0,0,0,0,1,2,25.2
2025,2025-03-23,March Homestead,Homestead-Miami Speedway,Ryan Blaney,12,36,6,200,124,Running,Ford,18.6,7.0,0,0,0,1,2,10.4
2025,2025-03-23,March Homestead,Homestead-Miami Speedway,Ryan Preece,60,9,31,200,0,Running,Ford,20.2,11.5,0,0,0,1,1,17
2025,2025-03-23,March Homestead,Homestead-Miami Speedway,Shane van Gisbergen,88,32,35,200,0,Running,Chevrolet,25.4,15.0,0,0,0,0,1,32
2025,2025-03-23,March Homestead,Homestead-Miami Speedway,Todd Gilliland,34,30,29,200,0,Running,Ford,19.6,25.33,0,0,0,0,1,29.4
2025,2025-03-23,March Homestead,Homestead-Miami Speedway,Ty Dillon,10,27,34,200,0,Running,Chevrolet,21.6,25.0,0,0,0,0,0,25.8
2025,2025-03-23,March Homestead,Homestead-Miami Speedway,Ty Gibbs,54,25,13,200,0,Running,Toyota,25.8,21.67,0,0,0,0,0,21.4
2025,2025-03-23,March Homestead,Homestead-Miami Speedway,Tyler Reddick,45,8,20,200,0,Running,Toyota,13.6,13.0,1,1,0,2,2,11.6
2025,2025-03-23,March Homestead,Homestead-Miami Speedway,William Byron,24,12,5,200,1,Running,Chevrolet,8.0,7.33,0,1,1,3,4,7.9
2025,2025-03-23,March Homestead,Homestead-Miami Speedway,Zane Smith,38,11,17,200,3,Running,Chevrolet,21.6,30.0,0,0,0,0,1,18.8
2022,2022-07-31,July Indianapolis,Indianapolis Motor Speedway,AJ Allmendinger,16,7,20,200,3,Running,Chevrolet,14.6,15.0,0,0,0,0,2,10.6
2022,2022-07-31,July Indianapolis,Indianapolis Motor Speedway,Alex Bowman,48,32,28,200,0,Running,Chevrolet,25.2,15.0,0,0,1,3,9,24.5
2022,2022-07-31,July Indianapolis,Indianapolis Motor Speedway,Aric Almirola,10,38,14,200,0,Running,Ford,19.4,15.0,0,0,0,2,6,35.3
2022,2022-07-31,July Indianapolis,Indianapolis Motor Speedway,Austin Cindric,2,2,2,200,0,Running,Ford,12.2,15.0,0,0,1,3,6,8.6
2022,2022-07-31,July Indianapolis,Indianapolis Motor Speedway,Austin Dillon,3,30,29,200,0,Running,Chevrolet,22.6,15.0,0,0,0,3,7,20.4
2022,2022-07-31,July Indianapolis,Indianapolis Motor Speedway,Brad Keselowski,6,20,12,200,0,Running,Ford,20.2,15.0,0,0,0,0,3,22.4
2022,2022-07-31,July Indianapolis,Indianapolis Motor Speedway,Bubba Wallace,23,5,19,200,0,Running,Toyota,14.4,15.0,0,0,0,2,4,13.5
2022,2022-07-31,July Indianapolis,Indianapolis Motor Speedway,Chase Briscoe,14,23,3,200,5,Running,Ford,18.8,15.0,0,0,1,3,4,13.4
2022,2022-07-31,July Indianapolis,Indianapolis Motor Speedway,Chase Elliott,9,16,8,200,0,Running,Chevrolet,1.4,15.0,0,0,4,8,15,11.0
2022,2022-07-31,July Indianapolis,Indianapolis Motor Speedway,Chris Buescher,17,10,16,200,0,Running,Ford,23.0,15.0,0,0,0,1,5,29.5
2022,2022-07-31,July Indianapolis,Indianapolis Motor Speedway,Christopher Bell,20,12,4,200,17,Running,Toyota,10.0,15.0,0,0,1,6,12,7.4
2022,2022-07-31,July Indianapolis,Indianapolis Motor Speedway,Cody Ware,51,24,33,200,0,Running,Ford,27.6,15.0,0,0,0,0,0,26.0
2022,2022-07-31,July Indianapolis,Indianapolis Motor Speedway,Cole Custer,41,9,24,200,0,Running,Ford,18.8,15.0,0,0,0,0,1,20.4
2022,2022-07-31,July Indianapolis,Indianapolis Motor Speedway,Corey LaJoie,7,18,31,200,0,Running,Chevrolet,25.2,15.0,0,0,0,1,1,23.1
2022,2022-07-31,July Indianapolis,Indianapolis Motor Speedway,Daniel Suarez,99,28,11,200,0,Running,Chevrolet,7.6,15.0,0,0,1,5,9,10.5
2022,2022-07-31,July Indianapolis,Indianapolis Motor Speedway,Daniil Kvyat,26,36,36,200,0,Running,Chevrolet,15.0,15.0,0,0,0,0,0,34.0
2022,2022-07-31,July Indianapolis,Indianapolis Motor Speedway,Denny Hamlin,11,14,15,200,0,Running,Toyota,17.8,15.0,0,0,2,3,5,17.8
2022,2022-07-31,July Indianapolis,Indianapolis Motor Speedway,Erik Jones,43,15,35,200,0,Running,Chevrolet,13.8,15.0,0,0,0,2,7,21.5
2022,2022-07-31,July Indianapolis,Indianapolis Motor Speedway,Harrison Burton,21,3,13,200,0,Running,Ford,21.2,15.0,0,0,0,0,1,20.7
2022,2022-07-31,July Indianapolis,Indianapolis Motor Speedway,Joey Hand,15,29,27,200,2,Running,Ford,25.33,15.0,0,0,0,0,0,26.6
2022,2022-07-31,July Indianapolis,Indianapolis Motor Speedway,Joey Logano,22,6,5,200,0,Running,Ford,21.2,15.0,0,0,2,5,8,14.8
2022,2022-07-31,July Indianapolis,Indianapolis Motor Speedway,Josh Bilicki,77,22,32,200,0,Running,Chevrolet,33.2,15.0,0,0,0,0,0,25.1
2022,2022-07-31,July Indianapolis,Indianapolis Motor Speedway,Josh Williams,78,25,37,200,0,Running,Chevrolet,25.0,15.0,0,0,0,0,0,29.5
2022,2022-07-31,July Indianapolis,Indianapolis Motor Speedway,Justin Haley,31,19,17,200,0,Running,Chevrolet,19.0,15.0,0,0,0,1,2,31.6
2022,2022-07-31,July Indianapolis,Indianapolis Motor Speedway,Kevin Harvick,4,33,18,200,0,Running,Ford,12.8,15.0,0,0,0,5,11,24.9
2022,2022-07-31,July Indianapolis,Indianapolis Motor Speedway,Kyle Busch,18,11,10,200,0,Running,Toyota,23.6,15.0,0,0,1,6,11,13.3
2022,2022-07-31,July Indianapolis,Indianapolis Motor Speedway,Kyle Larson,5,35,22,200,0,Running,Chevrolet,7.8,15.0,0,0,1,9,11,30.3
2022,2022-07-31,July Indianapolis,Indianapolis Motor Speedway,Loris Hezemans,27,37,34,200,0,Running,Chevrolet,35.5,15.0,0,0,0,0,0,35.1
2022,2022-07-31,July Indianapolis,Indianapolis Motor Speedway,Martin Truex Jr,19,21,25,200,0,Running,Toyota,11.4,15.0,0,0,0,3,9,14.0
2022,2022-07-31,July Indianapolis,Indianapolis Motor Speedway,Michael McDowell,34,8,7,200,0,Running,Ford,14.0,15.0,0,0,0,1,8,9.9
2022,2022-07-31,July Indianapolis,Indianapolis Motor Speedway,Ricky Stenhouse Jr,47,13,38,200,0,Running,Chevrolet,21.2,15.0,0,0,0,1,5,22.5
2022,2022-07-31,July Indianapolis,Indianapolis Motor Speedway,Ross Chastain,1,27,21,200,0,Running,Chevrolet,10.2,15.0,0,0,2,10,14,17.9
2022,2022-07-31,July Indianapolis,Indianapolis Motor Speedway,Ryan Blaney,12,26,6,200,17,Running,Ford,14.0,15.0,0,0,0,7,10,5.0
2022,2022-07-31,July Indianapolis,Indianapolis Motor Speedway,Todd Gilliland,38,4,9,200,4,Running,Ford,23.2,15.0,0,0,0,0,0,13.8
2022,2022-07-31,July Indianapolis,Indianapolis Motor Speedway,Ty Dillon,42,34,30,200,0,Running,Chevrolet,26.8,15.0,0,0,0,0,1,22.1
2022,2022-07-31,July Indianapolis,Indianapolis Motor Speedway,Ty Gibbs,45,17,26,200,0,Running,Toyota,16.0,15.0,0,0,0,0,0,20.5
2022,2022-07-31,July Indianapolis,Indianapolis Motor Speedway,Tyler Reddick,8,1,1,200,38,Running,Toyota,14.2,15.0,0,0,1,6,8,3.7
2022,2022-07-31,July Indianapolis,Indianapolis Motor Speedway,William Byron,24,31,23,200,0,Running,Chevrolet,20.8,15.0,0,0,2,4,5,10.0
2023,2023-08-13,August Indianapolis,Indianapolis Motor Speedway,AJ Allmendinger,16,26,26,200,0,Running,Chevrolet,18.4,7.0,0,0,0,1,4,26.79
2023,2023-08-13,August Indianapolis,Indianapolis Motor Speedway,Alex Bowman,48,5,9,200,0,Running,Chevrolet,23.0,32.0,0,0,0,3,6,7.89
2023,2023-08-13,August Indianapolis,Indianapolis Motor Speedway,Andy Lally,51,30,29,200,0,Running,Chevrolet,33.33,15.0,0,0,0,0,0,28.87
2023,2023-08-13,August Indianapolis,Indianapolis Motor Speedway,Aric Almirola,10,39,33,200,0,Running,Ford,17.6,38.0,0,0,0,0,2,25.72
2023,2023-08-13,August Indianapolis,Indianapolis Motor Speedway,Austin Cindric,2,15,20,200,0,Running,Ford,19.6,2.0,0,0,0,0,3,16.16
2023,2023-08-13,August Indianapolis,Indianapolis Motor Speedway,Austin Dillon,3,16,27,200,1,Running,Chevrolet,18.4,30.0,0,0,0,1,6,14.91
2023,2023-08-13,August Indianapolis,Indianapolis Motor Speedway,Brad Keselowski,6,20,22,200,0,Running,Ford,7.4,20.0,0,0,0,5,10,16.72
2023,2023-08-13,August Indianapolis,Indianapolis Motor Speedway,Brodie Kostecki,33,22,11,200,0,Running,Chevrolet,15.0,15.0,0,0,0,0,0,24.02
2023,2023-08-13,August Indianapolis,Indianapolis Motor Speedway,Bubba Wallace,23,18,19,200,0,Running,Toyota,14.8,5.0,0,0,0,4,6,15.61
2023,2023-08-13,August Indianapolis,Indianapolis Motor Speedway,Chase Briscoe,14,6,13,200,0,Running,Ford,20.6,23.0,0,0,0,3,5,9.96
2023,2023-08-13,August Indianapolis,Indianapolis Motor Speedway,Chase Elliott,9,2,3,200,1,Running,Chevrolet,16.8,16.0,0,0,0,5,8,3.73
2023,2023-08-13,August Indianapolis,Indianapolis Motor Speedway,Chris Buescher,17,11,17,200,0,Running,Ford,10.0,10.0,0,0,2,5,10,13.56
2023,2023-08-13,August Indianapolis,Indianapolis Motor Speedway,Christopher Bell,20,9,7,200,11,Running,Toyota,18.2,12.0,0,0,1,5,11,8.35
2023,2023-08-13,August Indianapolis,Indianapolis Motor Speedway,Corey LaJoie,7,29,14,200,0,Running,Chevrolet,27.6,18.0,0,0,0,1,1,28.49
2023,2023-08-13,August Indianapolis,Indianapolis Motor Speedway,Daniel Suarez,99,3,1,200,6,Running,Chevrolet,18.6,28.0,0,0,0,2,7,3.7
2023,2023-08-13,August Indianapolis,Indianapolis Motor Speedway,Denny Hamlin,11,19,25,200,8,Running,Toyota,5.4,14.0,0,0,2,8,11,14.93
2023,2023-08-13,August Indianapolis,Indianapolis Motor Speedway,Erik Jones,43,35,36,200,0,Running,Chevrolet,12.8,15.0,0,0,0,0,5,32.91
2023,2023-08-13,August Indianapolis,Indianapolis Motor Speedway,Harrison Burton,21,21,24,200,0,Running,Ford,20.8,3.0,0,0,0,0,2,20.95
2023,2023-08-13,August Indianapolis,Indianapolis Motor Speedway,Jenson Button,15,28,31,200,0,Running,Ford,19.5,15.0,0,0,0,0,0,29.83
2023,2023-08-13,August Indianapolis,Indianapolis Motor Speedway,Joey Logano,22,34,18,200,0,Running,Ford,14.4,6.0,0,0,1,7,11,33.63
2023,2023-08-13,August Indianapolis,Indianapolis Motor Speedway,Josh Bilicki,78,32,32,200,0,Running,Chevrolet,30.4,22.0,0,0,0,0,0,30.95
2023,2023-08-13,August Indianapolis,Indianapolis Motor Speedway,Justin Haley,31,38,15,200,0,Running,Chevrolet,22.2,19.0,0,0,0,1,5,38.71
2023,2023-08-13,August Indianapolis,Indianapolis Motor Speedway,Kamui Kobayashi,67,33,28,200,0,Running,Toyota,15.0,15.0,0,0,0,0,0,26.9
2023,2023-08-13,August Indianapolis,Indianapolis Motor Speedway,Kevin Harvick,4,23,38,200,0,Running,Ford,11.2,33.0,0,0,0,6,11,27.51
2023,2023-08-13,August Indianapolis,Indianapolis Motor Speedway,Kyle Busch,8,36,5,200,0,Running,Chevrolet,20.4,11.0,0,0,3,8,13,15.63
2023,2023-08-13,August Indianapolis,Indianapolis Motor Speedway,Kyle Larson,5,8,6,200,0,Running,Chevrolet,16.6,35.0,0,0,2,10,11,9.18
2023,2023-08-13,August Indianapolis,Indianapolis Motor Speedway,Martin Truex Jr,19,7,12,200,0,Running,Toyota,8.4,21.0,0,0,3,9,13,9.61
2023,2023-08-13,August Indianapolis,Indianapolis Motor Speedway,Michael McDowell,34,1,4,200,54,Running,Ford,16.4,8.0,0,0,0,1,5,2.9
2023,2023-08-13,August Indianapolis,Indianapolis Motor Speedway,Mike Rockenfeller,42,24,37,200,0,Running,Chevrolet,29.5,15.0,0,0,0,0,0,32.46
2023,2023-08-13,August Indianapolis,Indianapolis Motor Speedway,Ricky Stenhouse Jr,47,25,34,200,0,Running,Chevrolet,14.6,13.0,0,0,1,2,7,28.65
2023,2023-08-13,August Indianapolis,Indianapolis Motor Speedway,Ross Chastain,1,17,21,200,0,Running,Chevrolet,20.4,27.0,0,0,1,6,9,19.55
2023,2023-08-13,August Indianapolis,Indianapolis Motor Speedway,Ryan Blaney,12,13,16,200,0,Running,Ford,16.8,26.0,0,0,1,4,11,15.29
2023,2023-08-13,August Indianapolis,Indianapolis Motor Speedway,Ryan Preece,41,31,30,200,0,Running,Ford,22.0,15.0,0,0,0,1,1,32.9
2023,2023-08-13,August Indianapolis,Indianapolis Motor Speedway,Shane van Gisbergen,91,10,8,200,1,Running,Chevrolet,1.0,15.0,0,0,1,1,1,10.3
2023,2023-08-13,August Indianapolis,Indianapolis Motor Speedway,Todd Gilliland,38,37,23,200,0,Running,Ford,21.2,4.0,0,0,0,0,3,28.26
2023,2023-08-13,August Indianapolis,Indianapolis Motor Speedway,Ty Dillon,77,27,35,200,0,Running,Chevrolet,25.4,34.0,0,0,0,0,0,27.73
2023,2023-08-13,August Indianapolis,Indianapolis Motor Speedway,Ty Gibbs,54,12,10,200,0,Running,Toyota,18.4,17.0,0,0,0,1,6,18.04
2023,2023-08-13,August Indianapolis,Indianapolis Motor Speedway,Tyler Reddick,45,4,2,200,0,Running,Toyota,16.2,1.0,1,1,1,6,9,6.06
2023,2023-08-13,August Indianapolis,Indianapolis Motor Speedway,William Byron,24,14,39,200,0,Running,Chevrolet,19.0,31.0,0,0,4,8,11,22.61
2024,2024-07-21,July Indianapolis,Indianapolis Motor Speedway,AJ Allmendinger,16,37,15,200,0,Running,Chevrolet,22.4,16.5,0,0,0,0,3,31.8
2024,2024-07-21,July Indianapolis,Indianapolis Motor Speedway,Alex Bowman,48,31,13,200,0,Running,Chevrolet,12.4,18.5,0,0,1,6,12,17.8
2024,2024-07-21,July Indianapolis,Indianapolis Motor Speedway,Austin Cindric,2,7,38,200,0,Running,Ford,19.4,8.5,0,0,1,2,2,24.4
2024,2024-07-21,July Indianapolis,Indianapolis Motor Speedway,Austin Dillon,3,13,11,200,0,Running,Chevrolet,25.2,23.0,0,0,0,0,2,19.0
2024,2024-07-21,July Indianapolis,Indianapolis Motor Speedway,BJ McLeod,66,39,39,200,0,Running,Chevrolet,32.4,15.0,0,0,0,0,0,38.9
2024,2024-07-21,July Indianapolis,Indianapolis Motor Speedway,Brad Keselowski,6,21,26,200,35,Running,Ford,17.6,20.0,0,0,1,7,10,18.2
2024,2024-07-21,July Indianapolis,Indianapolis Motor Speedway,Bubba Wallace,23,5,17,200,26,Running,Toyota,16.2,11.5,0,0,0,3,7,9.7
2024,2024-07-21,July Indianapolis,Indianapolis Motor Speedway,Carson Hocevar,77,12,30,200,0,Running,Chevrolet,17.6,15.0,0,0,0,0,2,19.3
2024,2024-07-21,July Indianapolis,Indianapolis Motor Speedway,Chase Briscoe,14,24,20,200,0,Running,Ford,19.6,14.5,0,0,0,2,6,17.3
2024,2024-07-21,July Indianapolis,Indianapolis Motor Speedway,Chase Elliott,9,10,3,200,1,Running,Chevrolet,13.8,9.0,0,0,1,7,10,12.3
2024,2024-07-21,July Indianapolis,Indianapolis Motor Speedway,Chris Buescher,17,22,23,200,0,Running,Ford,11.8,10.5,0,0,0,5,9,30.8
2024,2024-07-21,July Indianapolis,Indianapolis Motor Speedway,Christopher Bell,20,4,18,200,2,Running,Toyota,18.0,10.5,0,0,3,6,11,11.2
2024,2024-07-21,July Indianapolis,Indianapolis Motor Speedway,Cody Ware,15,18,36,200,0,Running,Ford,28.4,24.0,0,0,0,0,0,30.5
2024,2024-07-21,July Indianapolis,Indianapolis Motor Speedway,Corey LaJoie,7,14,19,200,0,Running,Chevrolet,22.0,23.5,0,0,0,1,1,14.2
2024,2024-07-21,July Indianapolis,Indianapolis Motor Speedway,Daniel Hemric,31,30,32,200,0,Running,Chevrolet,21.2,15.0,0,0,0,0,3,23.6
2024,2024-07-21,July Indianapolis,Indianapolis Motor Speedway,Daniel Suarez,99,8,25,200,0,Running,Chevrolet,15.8,15.5,0,1,1,2,3,21.0
2024,2024-07-21,July Indianapolis,Indianapolis Motor Speedway,Denny Hamlin,11,32,2,200,21,Running,Toyota,18.4,16.5,0,0,3,8,9,7.7
2024,2024-07-21,July Indianapolis,Indianapolis Motor Speedway,Erik Jones,43,28,29,200,0,Running,Toyota,24.4,25.0,0,0,0,0,1,29.6
2024,2024-07-21,July Indianapolis,Indianapolis Motor Speedway,Harrison Burton,21,36,16,200,0,Running,Ford,23.6,12.0,0,0,0,0,1,27.8
2024,2024-07-21,July Indianapolis,Indianapolis Motor Speedway,Jimmie Johnson,84,33,33,200,0,Running,Chevrolet,30.4,15.0,0,0,0,0,0,27.5
2024,2024-07-21,July Indianapolis,Indianapolis Motor Speedway,Joey Logano,22,34,12,200,0,Running,Ford,13.4,20.0,0,0,1,4,7,18.3
2024,2024-07-21,July Indianapolis,Indianapolis Motor Speedway,John Hunter Nemechek,42,29,10,200,16,Running,Toyota,25.6,15.0,0,0,0,0,3,11.3
2024,2024-07-21,July Indianapolis,Indianapolis Motor Speedway,Josh Berry,4,35,37,200,0,Running,Ford,18.4,15.0,0,0,0,2,4,28.7
2024,2024-07-21,July Indianapolis,Indianapolis Motor Speedway,Justin Haley,51,20,35,200,0,Running,Chevrolet,18.6,28.5,0,0,0,0,2,25.7
2024,2024-07-21,July Indianapolis,Indianapolis Motor Speedway,Kyle Busch,8,25,34,200,5,Running,Chevrolet,27.6,23.5,0,0,0,2,6,18.3
2024,2024-07-21,July Indianapolis,Indianapolis Motor Speedway,Kyle Larson,5,1,5,200,8,Running,Chevrolet,19.6,21.5,0,0,3,8,10,11.2
2024,2024-07-21,July Indianapolis,Indianapolis Motor Speedway,Martin Truex Jr,19,27,14,200,0,Running,Toyota,17.8,14.0,0,0,0,4,9,27.5
2024,2024-07-21,July Indianapolis,Indianapolis Motor Speedway,Michael McDowell,34,16,8,200,1,Running,Ford,20.4,4.5,1,0,0,2,6,15.5
2024,2024-07-21,July Indianapolis,Indianapolis Motor Speedway,Noah Gragson,10,9,21,200,3,Running,Ford,20.8,15.0,0,0,0,1,6,16.4
2024,2024-07-21,July Indianapolis,Indianapolis Motor Speedway,Ricky Stenhouse Jr,47,11,9,200,0,Running,Chevrolet,16.2,19.0,0,0,0,2,5,13.3
2024,2024-07-21,July Indianapolis,Indianapolis Motor Speedway,Ross Chastain,1,15,28,200,8,Running,Chevrolet,22.4,22.0,0,0,0,2,7,20.9
2024,2024-07-21,July Indianapolis,Indianapolis Motor Speedway,Ryan Blaney,12,3,7,200,0,Running,Ford,8.6,19.5,0,0,2,6,10,7.4
2024,2024-07-21,July Indianapolis,Indianapolis Motor Speedway,Ryan Preece,41,26,31,200,0,Running,Ford,21.2,31.0,0,0,0,1,2,21.9
2024,2024-07-21,July Indianapolis,Indianapolis Motor Speedway,Todd Gilliland,38,6,24,200,1,Running,Ford,16.4,20.5,0,0,0,0,3,16.5
2024,2024-07-21,July Indianapolis,Indianapolis Motor Speedway,Ty Dillon,33,19,22,200,0,Running,Chevrolet,25.8,30.5,0,0,0,0,0,29.1
2024,2024-07-21,July Indianapolis,Indianapolis Motor Speedway,Ty Gibbs,54,23,6,200,0,Running,Toyota,18.8,14.5,0,0,0,5,9,15.3
2024,2024-07-21,July Indianapolis,Indianapolis Motor Speedway,Tyler Reddick,45,2,1,200,40,Running,Toyota,7.8,2.5,1,1,1,8,14,7.0
2024,2024-07-21,July Indianapolis,Indianapolis Motor Speedway,William Byron,24,38,4,200,0,Running,Chevrolet,11.8,22.5,0,0,3,7,12,26.0
2024,2024-07-21,July Indianapolis,Indianapolis Motor Speedway,Zane Smith,71,17,27,200,0,Running,Chevrolet,21.8,15.0,0,0,0,1,1,17.1
2025,2025-07-27,July Indianapolis,Indianapolis Motor Speedway,AJ Allmendinger,16,23,9,200,0,Running,Chevrolet,18.8,23.33,0,0,0,1,5,21.0
2025,2025-07-27,July Indianapolis,Indianapolis Motor Speedway,Alex Bowman,48,9,21,200,2,Running,Chevrolet,8.8,22.67,0,0,0,5,11,17.9
2025,2025-07-27,July Indianapolis,Indianapolis Motor Speedway,Austin Cindric,2,15,10,200,40,Running,Ford,24.2,8.0,0,0,1,1,4,14.7
2025,2025-07-27,July Indianapolis,Indianapolis Motor Speedway,Austin Dillon,3,38,20,200,0,Running,Chevrolet,23.2,19.67,0,0,0,0,3,30.0
2025,2025-07-27,July Indianapolis,Indianapolis Motor Speedway,Brad Keselowski,6,5,14,200,0,Running,Ford,13.8,20.33,0,0,0,2,5,13.6
2025,2025-07-27,July Indianapolis,Indianapolis Motor Speedway,Bubba Wallace,23,1,2,200,23,Running,Toyota,23.8,9.33,0,0,0,3,7,4.9
2025,2025-07-27,July Indianapolis,Indianapolis Motor Speedway,Carson Hocevar,77,10,8,200,0,Running,Chevrolet,26.0,12.0,0,0,0,2,4,9.3
2025,2025-07-27,July Indianapolis,Indianapolis Motor Speedway,Chase Briscoe,19,18,1,200,34,Running,Toyota,12.6,17.67,0,0,1,8,10,7.5
2025,2025-07-27,July Indianapolis,Indianapolis Motor Speedway,Chase Elliott,9,13,30,200,0,Running,Chevrolet,6.2,9.33,0,0,1,7,12,19.6
2025,2025-07-27,July Indianapolis,Indianapolis Motor Speedway,Chris Buescher,17,14,7,200,0,Running,Ford,11.2,14.33,0,0,0,3,11,9.6
2025,2025-07-27,July Indianapolis,Indianapolis Motor Speedway,Christopher Bell,20,8,16,200,0,Running,Toyota,18.8,8.33,0,0,3,8,12,14.2
2025,2025-07-27,July Indianapolis,Indianapolis Motor Speedway,Cody Ware,51,37,34,200,0,Running,Ford,27.6,21.0,0,0,0,0,0,35.5
2025,2025-07-27,July Indianapolis,Indianapolis Motor Speedway,Cole Custer,41,20,29,200,0,Running,Ford,25.2,9.0,0,0,0,0,1,24.1
2025,2025-07-27,July Indianapolis,Indianapolis Motor Speedway,Daniel Suarez,99,27,31,200,0,Running,Chevrolet,23.6,13.0,0,1,0,1,3,27.0
2025,2025-07-27,July Indianapolis,Indianapolis Motor Speedway,Denny Hamlin,11,3,39,200,1,Running,Toyota,11.6,21.67,0,0,4,10,11,13.7
2025,2025-07-27,July Indianapolis,Indianapolis Motor Speedway,Erik Jones,43,36,3,200,0,Running,Toyota,19.8,26.0,0,0,0,2,3,21.6
2025,2025-07-27,July Indianapolis,Indianapolis Motor Speedway,Jesse Love,62,24,35,200,0,Running,Chevrolet,30.33,15.0,0,0,0,0,0,27.9
2025,2025-07-27,July Indianapolis,Indianapolis Motor Speedway,Joey Logano,22,32,15,200,0,Running,Ford,17.2,24.67,0,0,1,2,5,13.8
2025,2025-07-27,July Indianapolis,Indianapolis Motor Speedway,John Hunter Nemechek,42,12,36,200,1,Running,Toyota,19.2,29.0,0,0,0,1,6,18.0
2025,2025-07-27,July Indianapolis,Indianapolis Motor Speedway,Josh Berry,21,22,17,200,0,Running,Ford,23.8,35.0,0,0,1,2,3,12.2
2025,2025-07-27,July Indianapolis,Indianapolis Motor Speedway,Josh Bilicki,66,34,37,200,0,Running,Chevrolet,31.8,27.0,0,0,0,0,0,33.9
2025,2025-07-27,July Indianapolis,Indianapolis Motor Speedway,Justin Haley,7,11,28,200,15,Running,Chevrolet,19.2,25.67,0,0,0,0,1,18.8
2025,2025-07-27,July Indianapolis,Indianapolis Motor Speedway,Katherine Legge,78,17,38,200,0,Running,Chevrolet,28.0,15.0,0,0,0,0,0,24.2
2025,2025-07-27,July Indianapolis,Indianapolis Motor Speedway,Kyle Busch,8,25,12,200,0,Running,Chevrolet,13.4,24.0,0,0,0,2,7,21.4
2025,2025-07-27,July Indianapolis,Indianapolis Motor Speedway,Kyle Larson,5,2,13,200,19,Running,Chevrolet,15.2,14.67,1,0,3,10,13,8.6
2025,2025-07-27,July Indianapolis,Indianapolis Motor Speedway,Michael McDowell,71,30,22,200,0,Running,Chevrolet,20.4,8.33,1,0,0,2,3,34.1
2025,2025-07-27,July Indianapolis,Indianapolis Motor Speedway,Noah Gragson,4,33,18,200,0,Running,Ford,29.4,9.0,0,0,0,1,3,32.5
2025,2025-07-27,July Indianapolis,Indianapolis Motor Speedway,Ricky Stenhouse Jr,47,35,32,200,0,Running,Chevrolet,24.6,16.33,0,0,0,1,3,34.5
2025,2025-07-27,July Indianapolis,Indianapolis Motor Speedway,Riley Herbst,35,26,25,200,0,Running,Toyota,26.2,15.0,0,0,0,0,0,27.8
2025,2025-07-27,July Indianapolis,Indianapolis Motor Speedway,Ross Chastain,1,39,33,200,0,Running,Chevrolet,25.2,19.67,0,0,1,3,9,38.5
2025,2025-07-27,July Indianapolis,Indianapolis Motor Speedway,Ryan Blaney,12,7,24,200,14,Running,Ford,19.8,14.0,0,0,1,7,9,14.8
2025,2025-07-27,July Indianapolis,Indianapolis Motor Speedway,Ryan Preece,60,4,23,200,12,Running,Ford,12.2,28.5,0,0,0,1,8,17.9
2025,2025-07-27,July Indianapolis,Indianapolis Motor Speedway,Shane van Gisbergen,88,19,11,200,0,Running,Chevrolet,17.4,10.0,0,0,3,3,4,19.1
2025,2025-07-27,July Indianapolis,Indianapolis Motor Speedway,Todd Gilliland,34,6,19,200,0,Running,Ford,28.0,15.67,0,0,0,0,2,18.9
2025,2025-07-27,July Indianapolis,Indianapolis Motor Speedway,Ty Dillon,10,28,26,200,0,Running,Chevrolet,19.6,26.67,0,0,0,0,1,28.8
2025,2025-07-27,July Indianapolis,Indianapolis Motor Speedway,Ty Gibbs,54,21,5,200,0,Running,Toyota,8.4,17.33,0,0,0,4,6,15.4
2025,2025-07-27,July Indianapolis,Indianapolis Motor Speedway,Tyler Reddick,45,29,4,200,0,Running,Toyota,11.4,2.33,1,2,0,5,8,8.5
2025,2025-07-27,July Indianapolis,Indianapolis Motor Speedway,William Byron,24,16,6,200,0,Running,Chevrolet,28.6,27.67,0,0,1,7,11,6.5
2025,2025-07-27,July Indianapolis,Indianapolis Motor Speedway,Zane Smith,38,31,27,200,0,Running,Chevrolet,19.0,17.0,0,0,0,0,3,20.0
2024,2024-06-16,June Iowa,Iowa Speedway,AJ Allmendinger,16,36,18,200,0,Running,Chevrolet,10.8,15.21,0,0,0,0,3,33.73
2024,2024-06-16,June Iowa,Iowa Speedway,Alex Bowman,48,8,33,200,0,Running,Chevrolet,13.4,18.79,0,0,0,4,9,11.94
2024,2024-06-16,June Iowa,Iowa Speedway,Austin Cindric,2,30,21,200,0,Running,Ford,20.0,12.37,1,1,1,2,2,24.84
2024,2024-06-16,June Iowa,Iowa Speedway,Austin Dillon,3,19,36,200,0,Running,Chevrolet,24.4,21.37,0,0,0,0,2,23.17
2024,2024-06-16,June Iowa,Iowa Speedway,Brad Keselowski,6,10,5,200,5,Running,Ford,6.0,19.42,0,0,1,7,8,11.21
2024,2024-06-16,June Iowa,Iowa Speedway,Bubba Wallace,23,17,16,200,0,Running,Toyota,15.2,23.16,0,0,0,3,5,14.23
2024,2024-06-16,June Iowa,Iowa Speedway,Carson Hocevar,77,14,20,200,0,Running,Chevrolet,19.2,21.25,0,0,0,0,2,18.41
2024,2024-06-16,June Iowa,Iowa Speedway,Chase Briscoe,14,28,6,200,0,Running,Ford,20.4,22.95,0,2,0,1,5,16.91
2024,2024-06-16,June Iowa,Iowa Speedway,Chase Elliott,9,3,9,200,1,Running,Chevrolet,7.8,10.19,2,3,1,6,8,5.52
2024,2024-06-16,June Iowa,Iowa Speedway,Chris Buescher,17,18,15,200,16,Running,Ford,14.4,16.11,0,0,0,3,7,19.02
2024,2024-06-16,June Iowa,Iowa Speedway,Christopher Bell,20,4,10,200,7,Running,Toyota,7.2,15.53,0,1,2,4,9,13.42
2024,2024-06-16,June Iowa,Iowa Speedway,Corey LaJoie,7,21,24,200,0,Running,Chevrolet,24.0,21.63,0,0,0,1,1,22.27
2024,2024-06-16,June Iowa,Iowa Speedway,Daniel Hemric,31,29,30,200,0,Running,Chevrolet,25.4,20.5,0,0,0,0,2,31.01
2024,2024-06-16,June Iowa,Iowa Speedway,Daniel Suarez,99,9,13,200,4,Running,Chevrolet,22.4,14.26,1,0,1,2,2,8.89
2024,2024-06-16,June Iowa,Iowa Speedway,Denny Hamlin,11,24,12,200,0,Running,Toyota,10.8,13.84,0,3,3,7,8,23.54
2024,2024-06-16,June Iowa,Iowa Speedway,Erik Jones,43,32,32,200,0,Running,Toyota,23.6,15.74,0,0,0,0,1,31.97
2024,2024-06-16,June Iowa,Iowa Speedway,Harrison Burton,21,20,25,200,0,Running,Ford,29.2,24.37,0,0,0,0,1,23.13
2024,2024-06-16,June Iowa,Iowa Speedway,Joey Logano,22,6,11,200,0,Running,Ford,19.0,13.21,2,1,0,2,4,7.48
2024,2024-06-16,June Iowa,Iowa Speedway,John Hunter Nemechek,42,26,34,200,0,Running,Toyota,26.0,23.0,0,0,0,0,2,26.0
2024,2024-06-16,June Iowa,Iowa Speedway,Josh Berry,4,7,3,200,32,Running,Ford,19.2,29.5,0,0,0,1,2,5.75
2024,2024-06-16,June Iowa,Iowa Speedway,Justin Haley,51,13,19,200,0,Running,Chevrolet,18.2,17.79,0,0,0,0,2,15.08
2024,2024-06-16,June Iowa,Iowa Speedway,Kaz Grala,15,33,28,200,0,Running,Chevrolet,26.2,22.0,0,0,0,0,0,33.1
2024,2024-06-16,June Iowa,Iowa Speedway,Kyle Busch,8,35,7,200,0,Running,Chevrolet,19.4,14.37,2,1,0,2,5,17.3
2024,2024-06-16,June Iowa,Iowa Speedway,Kyle Larson,5,34,1,200,80,Running,Chevrolet,9.6,15.84,2,0,3,7,8,16.08
2024,2024-06-16,June Iowa,Iowa Speedway,Martin Truex Jr,19,15,31,200,0,Running,Toyota,20.4,14.74,0,0,0,4,7,22.57
2024,2024-06-16,June Iowa,Iowa Speedway,Michael McDowell,34,23,22,200,0,Running,Ford,12.6,17.58,0,2,0,1,5,21.89
2024,2024-06-16,June Iowa,Iowa Speedway,Noah Gragson,10,16,23,200,0,Running,Ford,21.8,27.83,0,0,0,1,5,21.62
2024,2024-06-16,June Iowa,Iowa Speedway,Ricky Stenhouse Jr,47,5,35,200,4,Running,Chevrolet,22.8,20.63,0,0,0,1,2,16.09
2024,2024-06-16,June Iowa,Iowa Speedway,Ross Chastain,1,11,17,200,0,Running,Chevrolet,11.0,11.37,2,1,0,2,6,11.81
2024,2024-06-16,June Iowa,Iowa Speedway,Ryan Blaney,12,1,2,200,201,Running,Ford,23.6,14.37,0,1,0,4,6,2.62
2024,2024-06-16,June Iowa,Iowa Speedway,Ryan Preece,41,27,29,200,0,Running,Ford,23.6,22.73,0,0,0,0,1,23.03
2024,2024-06-16,June Iowa,Iowa Speedway,Todd Gilliland,38,12,14,200,0,Running,Ford,14.4,20.79,0,0,0,0,2,17.65
2024,2024-06-16,June Iowa,Iowa Speedway,Ty Gibbs,54,25,27,200,0,Running,Toyota,17.6,13.83,0,0,0,4,8,21.34
2024,2024-06-16,June Iowa,Iowa Speedway,Tyler Reddick,45,22,8,200,0,Running,Toyota,13.6,17.63,2,0,1,6,10,16.39
2024,2024-06-16,June Iowa,Iowa Speedway,William Byron,24,2,4,200,0,Running,Chevrolet,15.4,15.42,4,2,3,5,9,5.26
2024,2024-06-16,June Iowa,Iowa Speedway,Zane Smith,71,31,26,200,0,Running,Chevrolet,26.4,22.5,0,0,0,0,0,31.68
2025,2025-08-03,August Iowa,Iowa Speedway,AJ Allmendinger,16,18,9,200,0,Running,Chevrolet,19.2,17.88,0,0,0,1,5,15.1
2025,2025-08-03,August Iowa,Iowa Speedway,Alex Bowman,48,7,16,200,0,Running,Chevrolet,8.4,16.3,1,0,0,5,12,14.2
2025,2025-08-03,August Iowa,Iowa Speedway,Austin Cindric,2,12,4,200,20,Running,Ford,25.2,15.63,1,1,1,1,4,6.8
2025,2025-08-03,August Iowa,Iowa Speedway,Austin Dillon,3,10,18,200,0,Running,Chevrolet,26.0,22.93,0,0,0,0,3,13.4
2025,2025-08-03,August Iowa,Iowa Speedway,Brad Keselowski,6,3,5,200,68,Running,Ford,13.0,20.27,0,0,0,3,6,4.0
2025,2025-08-03,August Iowa,Iowa Speedway,Bubba Wallace,23,6,15,200,0,Running,Toyota,16.8,20.67,0,0,1,4,8,19.1
2025,2025-08-03,August Iowa,Iowa Speedway,Carson Hocevar,77,8,7,200,0,Running,Chevrolet,24.4,16.93,0,0,0,2,5,11.9
2025,2025-08-03,August Iowa,Iowa Speedway,Chase Briscoe,19,2,1,200,81,Running,Toyota,16.0,22.6,0,3,1,8,10,7.1
2025,2025-08-03,August Iowa,Iowa Speedway,Chase Elliott,9,14,8,200,11,Running,Chevrolet,7.8,10.78,3,3,1,7,12,10.8
2025,2025-08-03,August Iowa,Iowa Speedway,Chris Buescher,17,22,27,200,0,Running,Ford,13.2,15.79,1,0,0,3,11,23.8
2025,2025-08-03,August Iowa,Iowa Speedway,Christopher Bell,20,17,17,200,0,Running,Toyota,17.0,15.27,2,1,3,8,13,16.0
2025,2025-08-03,August Iowa,Iowa Speedway,Cody Ware,51,32,35,200,0,Running,Ford,29.2,28.68,0,0,0,0,0,33.5
2025,2025-08-03,August Iowa,Iowa Speedway,Cole Custer,41,26,19,200,0,Running,Ford,24.8,22.25,0,0,0,0,1,23.6
2025,2025-08-03,August Iowa,Iowa Speedway,Daniel Suarez,99,25,26,200,0,Running,Chevrolet,26.0,16.5,1,0,0,1,3,21.5
2025,2025-08-03,August Iowa,Iowa Speedway,Denny Hamlin,11,24,11,200,0,Running,Toyota,11.8,15.21,0,4,4,11,12,13.3
2025,2025-08-03,August Iowa,Iowa Speedway,Erik Jones,43,16,25,200,0,Running,Toyota,24.4,18.83,0,0,0,2,3,20.6
2025,2025-08-03,August Iowa,Iowa Speedway,Joey Gase,66,37,36,200,0,Running,Ford,20.0,15.0,0,0,0,0,0,37.0
2025,2025-08-03,August Iowa,Iowa Speedway,Joey Logano,22,9,14,200,0,Running,Ford,20.4,13.5,4,2,1,2,5,17.5
2025,2025-08-03,August Iowa,Iowa Speedway,John Hunter Nemechek,42,15,29,200,0,Running,Toyota,20.4,22.93,0,0,0,1,6,17.3
2025,2025-08-03,August Iowa,Iowa Speedway,Josh Berry,21,13,12,200,0,Running,Ford,25.8,27.53,0,0,1,2,3,12.5
2025,2025-08-03,August Iowa,Iowa Speedway,Justin Haley,7,23,10,200,0,Running,Chevrolet,17.6,18.73,0,0,0,0,1,14.1
2025,2025-08-03,August Iowa,Iowa Speedway,Kyle Busch,8,20,37,200,0,Running,Chevrolet,14.4,15.6,2,1,0,2,7,21.5
2025,2025-08-03,August Iowa,Iowa Speedway,Kyle Larson,5,28,3,200,0,Running,Chevrolet,14.2,18.0,2,2,3,11,14,13.7
2025,2025-08-03,August Iowa,Iowa Speedway,Michael McDowell,71,27,13,200,0,Running,Chevrolet,19.4,17.53,0,3,0,2,3,18.3
2025,2025-08-03,August Iowa,Iowa Speedway,Noah Gragson,4,29,31,200,0,Running,Ford,31.4,25.39,0,0,0,1,3,32.8
2025,2025-08-03,August Iowa,Iowa Speedway,Ricky Stenhouse Jr,47,33,30,200,0,Running,Chevrolet,25.6,20.33,0,0,0,1,3,34.3
2025,2025-08-03,August Iowa,Iowa Speedway,Riley Herbst,35,30,24,200,0,Running,Toyota,24.0,24.14,0,0,0,0,0,28.4
2025,2025-08-03,August Iowa,Iowa Speedway,Ross Chastain,1,11,28,200,0,Running,Chevrolet,27.8,12.97,2,2,1,3,9,19.3
2025,2025-08-03,August Iowa,Iowa Speedway,Ryan Blaney,12,4,6,200,29,Running,Ford,20.6,14.03,2,2,1,7,10,5.2
2025,2025-08-03,August Iowa,Iowa Speedway,Ryan Preece,60,5,33,200,0,Running,Ford,11.4,20.82,0,0,0,2,9,18.7
2025,2025-08-03,August Iowa,Iowa Speedway,Shane van Gisbergen,88,31,21,200,0,Running,Chevrolet,15.0,15.91,3,2,3,3,4,24.7
2025,2025-08-03,August Iowa,Iowa Speedway,Todd Gilliland,34,34,34,200,0,Running,Ford,23.6,20.27,0,0,0,0,3,30.7
2025,2025-08-03,August Iowa,Iowa Speedway,Ty Dillon,10,35,32,200,0,Running,Chevrolet,18.6,26.23,0,0,0,0,1,33.4
2025,2025-08-03,August Iowa,Iowa Speedway,Ty Gibbs,54,21,20,200,0,Running,Toyota,9.8,16.52,0,0,0,4,6,15.8
2025,2025-08-03,August Iowa,Iowa Speedway,Tyler Reddick,45,19,22,200,0,Running,Toyota,10.8,15.1,2,1,0,5,8,20.0
2025,2025-08-03,August Iowa,Iowa Speedway,William Byron,24,1,2,200,141,Running,Chevrolet,26.4,16.17,4,2,1,7,11,5.9
2025,2025-08-03,August Iowa,Iowa Speedway,Zane Smith,38,36,23,200,0,Running,Chevrolet,20.2,18.33,0,0,0,0,3,27.4
2022,2022-05-15,May Kansas,Kansas Speedway,Alex Bowman,48,9,8,200,0,Running,Chevrolet,12.2,15.0,0,0,1,3,7,10.0
2022,2022-05-15,May Kansas,Kansas Speedway,Aric Almirola,10,26,7,200,0,Running,Ford,14.8,15.0,0,0,0,1,4,23.5
2022,2022-05-15,May Kansas,Kansas Speedway,Austin Cindric,2,11,4,200,0,Running,Ford,20.4,15.0,0,0,1,1,2,12.0
2022,2022-05-15,May Kansas,Kansas Speedway,Austin Dillon,3,13,21,200,0,Running,Chevrolet,13.6,15.0,0,0,0,3,6,20.0
2022,2022-05-15,May Kansas,Kansas Speedway,BJ McLeod,78,36,32,200,0,Running,Chevrolet,32.6,15.0,0,0,0,0,0,36.0
2022,2022-05-15,May Kansas,Kansas Speedway,Brad Keselowski,6,14,30,200,0,Running,Ford,21.0,15.0,0,0,0,0,1,17.0
2022,2022-05-15,May Kansas,Kansas Speedway,Bubba Wallace,23,10,24,200,0,Running,Toyota,20.8,15.0,0,0,0,1,1,13.0
2022,2022-05-15,May Kansas,Kansas Speedway,Chase Briscoe,14,24,12,200,0,Running,Ford,20.2,15.0,0,0,1,2,3,23.0
2022,2022-05-15,May Kansas,Kansas Speedway,Chase Elliott,9,29,14,200,10,Running,Chevrolet,6.2,15.0,0,0,1,3,9,15.2
2022,2022-05-15,May Kansas,Kansas Speedway,Chris Buescher,17,27,35,200,0,Running,Ford,18.4,15.0,0,0,0,0,3,26.2
2022,2022-05-15,May Kansas,Kansas Speedway,Christopher Bell,20,5,1,200,37,Running,Toyota,11.8,15.0,0,0,0,2,6,8.1
2022,2022-05-15,May Kansas,Kansas Speedway,Cody Ware,51,34,29,200,0,Running,Ford,28.0,15.0,0,0,0,0,0,33.7
2022,2022-05-15,May Kansas,Kansas Speedway,Cole Custer,41,22,16,200,0,Running,Ford,20.8,15.0,0,0,0,0,0,20.0
2022,2022-05-15,May Kansas,Kansas Speedway,Corey LaJoie,7,19,20,200,0,Running,Chevrolet,23.6,15.0,0,0,0,1,1,24.0
2022,2022-05-15,May Kansas,Kansas Speedway,Daniel Suarez,99,33,19,200,0,Running,Chevrolet,19.2,15.0,0,0,0,2,4,27.3
2022,2022-05-15,May Kansas,Kansas Speedway,Denny Hamlin,11,4,18,200,0,Running,Toyota,24.6,15.0,0,0,1,1,1,12.0
2022,2022-05-15,May Kansas,Kansas Speedway,Erik Jones,43,32,22,200,0,Running,Chevrolet,15.6,15.0,0,0,0,1,4,26.1
2022,2022-05-15,May Kansas,Kansas Speedway,Harrison Burton,21,21,26,200,0,Running,Ford,23.6,15.0,0,0,0,0,0,19.6
2022,2022-05-15,May Kansas,Kansas Speedway,JJ Yeley,15,31,27,200,0,Running,Chevrolet,29.0,15.0,0,0,0,0,0,30.9
2022,2022-05-15,May Kansas,Kansas Speedway,Joey Logano,22,17,34,200,0,Running,Ford,13.4,15.0,0,0,1,4,6,16.0
2022,2022-05-15,May Kansas,Kansas Speedway,Josh Bilicki,77,28,33,200,0,Running,Chevrolet,26.8,15.0,0,0,0,0,0,28.2
2022,2022-05-15,May Kansas,Kansas Speedway,Justin Haley,31,35,15,200,0,Running,Chevrolet,14.2,15.0,0,0,0,1,1,32.8
2022,2022-05-15,May Kansas,Kansas Speedway,Kevin Harvick,4,15,23,200,0,Running,Ford,14.2,15.0,0,0,0,2,6,18.0
2022,2022-05-15,May Kansas,Kansas Speedway,Kurt Busch,45,1,5,200,116,Running,Toyota,22.6,15.0,0,0,0,2,4,5.0
2022,2022-05-15,May Kansas,Kansas Speedway,Kyle Busch,18,3,6,200,18,Running,Toyota,10.2,15.0,0,0,1,3,8,5.0
2022,2022-05-15,May Kansas,Kansas Speedway,Kyle Larson,5,2,3,200,29,Running,Chevrolet,13.8,15.0,0,0,1,5,6,6.3
2022,2022-05-15,May Kansas,Kansas Speedway,Martin Truex Jr,19,6,9,200,0,Running,Toyota,16.8,15.0,0,0,0,2,5,11.0
2022,2022-05-15,May Kansas,Kansas Speedway,Michael McDowell,34,23,25,200,0,Running,Ford,13.2,15.0,0,0,0,0,4,18.0
2022,2022-05-15,May Kansas,Kansas Speedway,Noah Gragson,16,18,28,200,0,Running,Chevrolet,28.75,15.0,0,0,0,0,0,21.1
2022,2022-05-15,May Kansas,Kansas Speedway,Ricky Stenhouse Jr,47,8,36,200,3,Running,Chevrolet,19.2,15.0,0,0,0,1,3,13.0
2022,2022-05-15,May Kansas,Kansas Speedway,Ross Chastain,1,7,11,200,4,Running,Chevrolet,14.4,15.0,0,0,2,7,7,7.1
2022,2022-05-15,May Kansas,Kansas Speedway,Ryan Blaney,12,12,10,200,1,Running,Ford,12.6,15.0,0,0,0,4,6,8.0
2022,2022-05-15,May Kansas,Kansas Speedway,Todd Gilliland,38,25,31,200,0,Running,Ford,23.4,15.0,0,0,0,0,0,25.8
2022,2022-05-15,May Kansas,Kansas Speedway,Ty Dillon,42,20,17,200,0,Running,Chevrolet,21.0,15.0,0,0,0,0,1,21.0
2022,2022-05-15,May Kansas,Kansas Speedway,Tyler Reddick,8,30,2,200,24,Running,Toyota,18.2,15.0,0,0,0,4,5,18.1
2022,2022-05-15,May Kansas,Kansas Speedway,William Byron,24,16,13,200,25,Running,Chevrolet,13.8,15.0,0,0,2,4,4,14.0
2022,2022-09-11,September Kansas,Kansas Speedway,Alex Bowman,48,4,3,200,107,Running,Chevrolet,13.4,9.0,0,0,1,3,11,3.9
2022,2022-09-11,September Kansas,Kansas Speedway,Aric Almirola,10,21,36,200,3,Running,Ford,20.6,26.0,0,0,0,2,7,22.6
2022,2022-09-11,September Kansas,Kansas Speedway,Austin Cindric,2,12,8,200,0,Running,Ford,16.2,11.0,0,0,1,5,8,11.1
2022,2022-09-11,September Kansas,Kansas Speedway,Austin Dillon,3,14,11,200,3,Running,Chevrolet,12.8,13.0,0,0,1,4,8,16.7
2022,2022-09-11,September Kansas,Kansas Speedway,BJ McLeod,78,31,34,200,0,Running,Chevrolet,24.4,36.0,0,0,0,0,1,30.8
2022,2022-09-11,September Kansas,Kansas Speedway,Brad Keselowski,6,25,26,200,0,Running,Ford,18.2,14.0,0,0,0,0,4,22.2
2022,2022-09-11,September Kansas,Kansas Speedway,Bubba Wallace,45,1,6,200,58,Running,Toyota,14.0,10.0,0,0,0,4,7,6.3
2022,2022-09-11,September Kansas,Kansas Speedway,Chase Briscoe,14,13,13,200,0,Running,Ford,25.2,24.0,0,0,1,3,4,16.2
2022,2022-09-11,September Kansas,Kansas Speedway,Chase Elliott,9,11,22,200,0,Running,Chevrolet,17.0,29.0,0,0,4,10,17,11.6
2022,2022-09-11,September Kansas,Kansas Speedway,Chris Buescher,17,15,10,200,0,Running,Ford,16.2,27.0,0,0,0,2,8,19.3
2022,2022-09-11,September Kansas,Kansas Speedway,Christopher Bell,20,3,4,200,12,Running,Toyota,15.4,5.0,0,1,1,8,15,4.0
2022,2022-09-11,September Kansas,Kansas Speedway,Cody Ware,51,27,30,200,0,Running,Ford,25.6,34.0,0,0,0,0,1,27.4
2022,2022-09-11,September Kansas,Kansas Speedway,Cole Custer,41,22,29,200,0,Running,Ford,19.6,22.0,0,0,0,0,2,21.5
2022,2022-09-11,September Kansas,Kansas Speedway,Corey LaJoie,7,33,19,200,0,Running,Chevrolet,25.6,19.0,0,0,0,1,1,29.1
2022,2022-09-11,September Kansas,Kansas Speedway,Daniel Suarez,99,10,15,200,8,Running,Chevrolet,18.2,33.0,0,0,1,6,10,13.8
2022,2022-09-11,September Kansas,Kansas Speedway,Denny Hamlin,11,2,25,200,0,Running,Toyota,10.8,4.0,0,0,2,6,8,11.6
2022,2022-09-11,September Kansas,Kansas Speedway,Erik Jones,43,29,24,200,0,Running,Chevrolet,14.2,32.0,0,0,1,3,10,22.9
2022,2022-09-11,September Kansas,Kansas Speedway,Harrison Burton,21,32,18,200,0,Running,Ford,25.0,21.0,0,0,0,1,2,29.3
2022,2022-09-11,September Kansas,Kansas Speedway,JJ Yeley,15,28,33,200,0,Running,Chevrolet,31.6,31.0,0,0,0,0,0,29.1
2022,2022-09-11,September Kansas,Kansas Speedway,Joey Logano,22,17,2,200,2,Running,Ford,5.8,17.0,0,0,2,8,13,8.2
2022,2022-09-11,September Kansas,Kansas Speedway,Justin Haley,31,19,27,200,0,Running,Chevrolet,20.6,35.0,0,0,0,1,2,17.4
2022,2022-09-11,September Kansas,Kansas Speedway,Kevin Harvick,4,36,14,200,0,Running,Ford,13.4,15.0,0,0,2,7,13,32.6
2022,2022-09-11,September Kansas,Kansas Speedway,Kyle Busch,18,26,20,200,0,Running,Toyota,23.4,3.0,0,0,1,6,13,19.4
2022,2022-09-11,September Kansas,Kansas Speedway,Kyle Larson,5,8,7,200,0,Running,Chevrolet,14.2,2.0,0,0,2,10,13,8.9
2022,2022-09-11,September Kansas,Kansas Speedway,Landon Cassill,77,24,31,200,0,Running,Chevrolet,21.0,15.0,0,0,0,1,1,26.3
2022,2022-09-11,September Kansas,Kansas Speedway,Martin Truex Jr,19,5,12,200,24,Running,Toyota,15.0,6.0,0,0,0,3,12,11.2
2022,2022-09-11,September Kansas,Kansas Speedway,Michael McDowell,34,16,23,200,1,Running,Ford,20.2,23.0,0,0,0,1,11,16.9
2022,2022-09-11,September Kansas,Kansas Speedway,Noah Gragson,16,18,28,200,0,Running,Chevrolet,23.4,18.0,0,0,0,1,1,23.2
2022,2022-09-11,September Kansas,Kansas Speedway,Ricky Stenhouse Jr,47,30,35,200,0,Running,Chevrolet,25.4,8.0,0,0,0,1,5,23.1
2022,2022-09-11,September Kansas,Kansas Speedway,Ross Chastain,1,7,5,200,0,Running,Chevrolet,23.2,7.0,0,0,2,10,14,8.4
2022,2022-09-11,September Kansas,Kansas Speedway,Ryan Blaney,12,9,17,200,2,Running,Ford,13.4,12.0,0,0,0,8,12,9.6
2022,2022-09-11,September Kansas,Kansas Speedway,Todd Gilliland,38,23,32,200,0,Running,Ford,28.6,25.0,0,0,0,1,1,26.2
2022,2022-09-11,September Kansas,Kansas Speedway,Ty Dillon,42,20,21,200,0,Running,Chevrolet,17.4,20.0,0,0,0,0,1,22.6
2022,2022-09-11,September Kansas,Kansas Speedway,Ty Gibbs,23,34,16,200,0,Running,Toyota,20.0,15.0,0,0,0,0,1,29.0
2022,2022-09-11,September Kansas,Kansas Speedway,Tyler Reddick,8,35,1,200,38,Running,Toyota,14.4,30.0,0,0,2,9,12,26.7
2022,2022-09-11,September Kansas,Kansas Speedway,William Byron,24,6,9,200,9,Running,Chevrolet,17.4,16.0,0,0,2,4,6,7.0
2023,2023-05-07,May Kansas,Kansas Speedway,AJ Allmendinger,16,14,27,200,0,Running,Chevrolet,23.4,15.0,0,0,0,0,1,18.95
2023,2023-05-07,May Kansas,Kansas Speedway,Aric Almirola,10,13,18,200,0,Running,Ford,18.8,23.5,0,0,0,0,1,19.14
2023,2023-05-07,May Kansas,Kansas Speedway,Austin Cindric,2,31,15,200,0,Running,Ford,26.4,11.5,0,0,0,0,2,26.71
2023,2023-05-07,May Kansas,Kansas Speedway,Austin Dillon,3,10,11,200,0,Running,Chevrolet,21.0,13.5,0,0,0,1,2,15.78
2023,2023-05-07,May Kansas,Kansas Speedway,Brad Keselowski,6,19,20,200,0,Running,Ford,12.8,19.5,0,0,0,2,5,20.48
2023,2023-05-07,May Kansas,Kansas Speedway,Brennan Poole,15,28,34,200,0,Running,Chevrolet,33.0,15.0,0,0,0,0,0,28.6
2023,2023-05-07,May Kansas,Kansas Speedway,Bubba Wallace,23,4,17,200,9,Running,Toyota,16.6,5.5,1,0,0,1,2,6.41
2023,2023-05-07,May Kansas,Kansas Speedway,Chase Briscoe,14,32,31,200,0,Running,Ford,11.2,18.5,0,0,0,3,4,33.06
2023,2023-05-07,May Kansas,Kansas Speedway,Chase Elliott,9,7,21,200,5,Running,Chevrolet,14.6,20.0,0,0,0,1,2,12.21
2023,2023-05-07,May Kansas,Kansas Speedway,Chris Buescher,17,17,14,200,0,Running,Ford,14.8,21.0,0,0,0,2,4,16.9
2023,2023-05-07,May Kansas,Kansas Speedway,Christopher Bell,20,36,12,200,3,Running,Toyota,7.0,4.0,0,1,1,5,8,19.55
2023,2023-05-07,May Kansas,Kansas Speedway,Corey LaJoie,7,20,24,200,7,Running,Chevrolet,23.0,26.0,0,0,0,1,1,22.15
2023,2023-05-07,May Kansas,Kansas Speedway,Daniel Suarez,99,15,9,200,0,Running,Chevrolet,21.8,21.5,0,0,0,1,4,13.0
2023,2023-05-07,May Kansas,Kansas Speedway,Denny Hamlin,11,1,8,200,34,Running,Toyota,13.2,3.0,0,0,0,2,4,3.56
2023,2023-05-07,May Kansas,Kansas Speedway,Erik Jones,43,21,19,200,0,Running,Chevrolet,19.6,30.5,0,0,0,0,2,21.55
2023,2023-05-07,May Kansas,Kansas Speedway,Harrison Burton,21,30,25,200,0,Running,Ford,23.8,26.5,0,0,0,0,0,25.16
2023,2023-05-07,May Kansas,Kansas Speedway,JJ Yeley,51,23,35,200,0,Running,Chevrolet,26.2,29.5,0,0,0,0,0,28.18
2023,2023-05-07,May Kansas,Kansas Speedway,Joey Logano,22,6,6,200,8,Running,Ford,21.4,17.0,0,0,1,3,5,12.82
2023,2023-05-07,May Kansas,Kansas Speedway,Josh Berry,48,25,29,200,0,Running,Chevrolet,13.4,15.0,0,0,0,1,3,18.96
2023,2023-05-07,May Kansas,Kansas Speedway,Josh Bilicki,78,33,36,200,0,Running,Chevrolet,27.4,28.0,0,0,0,0,0,34.0
2023,2023-05-07,May Kansas,Kansas Speedway,Justin Haley,31,18,30,200,0,Running,Chevrolet,20.8,27.0,0,0,0,0,2,28.28
2023,2023-05-07,May Kansas,Kansas Speedway,Kevin Harvick,4,11,13,200,0,Running,Ford,14.8,25.5,0,0,0,3,5,11.78
2023,2023-05-07,May Kansas,Kansas Speedway,Kyle Busch,8,35,16,200,0,Running,Chevrolet,17.8,14.5,0,0,2,3,5,21.59
2023,2023-05-07,May Kansas,Kansas Speedway,Kyle Larson,5,2,2,200,85,Running,Chevrolet,20.4,5.0,0,0,2,4,4,7.38
2023,2023-05-07,May Kansas,Kansas Speedway,Martin Truex Jr,19,8,4,200,79,Running,Toyota,9.8,5.5,0,0,1,2,4,4.07
2023,2023-05-07,May Kansas,Kansas Speedway,Michael McDowell,34,26,23,200,1,Running,Ford,18.6,19.5,0,0,0,0,1,19.47
2023,2023-05-07,May Kansas,Kansas Speedway,Noah Gragson,42,29,22,200,0,Running,Chevrolet,33.2,18.0,0,0,0,0,0,19.22
2023,2023-05-07,May Kansas,Kansas Speedway,Ricky Stenhouse Jr,47,12,33,200,0,Running,Chevrolet,15.6,19.0,0,0,1,2,4,21.47
2023,2023-05-07,May Kansas,Kansas Speedway,Ross Chastain,1,5,3,200,3,Running,Chevrolet,13.6,7.0,0,0,0,4,5,7.38
2023,2023-05-07,May Kansas,Kansas Speedway,Ryan Blaney,12,16,10,200,0,Running,Ford,12.2,10.5,0,0,0,3,6,10.59
2023,2023-05-07,May Kansas,Kansas Speedway,Ryan Preece,41,27,28,200,0,Running,Ford,21.6,15.0,0,0,0,0,0,25.77
2023,2023-05-07,May Kansas,Kansas Speedway,Todd Gilliland,38,24,32,200,0,Running,Ford,16.6,24.0,0,0,0,0,3,23.62
2023,2023-05-07,May Kansas,Kansas Speedway,Ty Dillon,77,22,26,200,0,Running,Chevrolet,27.6,20.0,0,0,0,0,0,25.12
2023,2023-05-07,May Kansas,Kansas Speedway,Ty Gibbs,54,34,7,200,0,Running,Toyota,16.2,34.0,0,0,0,0,4,16.78
2023,2023-05-07,May Kansas,Kansas Speedway,Tyler Reddick,45,9,5,200,23,Running,Toyota,12.0,32.5,0,1,1,4,5,8.28
2023,2023-05-07,May Kansas,Kansas Speedway,William Byron,24,3,1,200,10,Running,Chevrolet,14.2,11.0,0,0,2,4,5,17.89
2023,2023-09-10,September Kansas,Kansas Speedway,AJ Allmendinger,16,30,22,200,0,Running,Chevrolet,19.6,14.0,0,0,0,2,5,22.5
2023,2023-09-10,September Kansas,Kansas Speedway,Alex Bowman,48,10,23,200,0,Running,Chevrolet,20.0,6.5,0,0,0,4,8,16.59
2023,2023-09-10,September Kansas,Kansas Speedway,Aric Almirola,10,17,25,200,3,Running,Ford,20.4,20.0,0,0,0,1,3,19.9
2023,2023-09-10,September Kansas,Kansas Speedway,Austin Cindric,2,31,18,200,0,Running,Ford,22.2,18.0,0,0,0,0,3,25.4
2023,2023-09-10,September Kansas,Kansas Speedway,Austin Dillon,3,33,8,200,0,Running,Chevrolet,23.8,12.33,0,0,0,1,6,28.91
2023,2023-09-10,September Kansas,Kansas Speedway,Brad Keselowski,6,9,12,200,23,Running,Ford,9.4,19.33,0,0,0,6,12,6.68
2023,2023-09-10,September Kansas,Kansas Speedway,Bubba Wallace,23,32,10,200,3,Running,Toyota,13.4,5.0,1,0,0,4,7,20.9
2023,2023-09-10,September Kansas,Kansas Speedway,Carson Hocevar,42,20,21,200,0,Running,Chevrolet,26.5,15.0,0,0,0,0,0,22.06
2023,2023-09-10,September Kansas,Kansas Speedway,Chase Briscoe,14,19,26,200,0,Running,Ford,23.4,23.0,0,0,0,3,6,24.85
2023,2023-09-10,September Kansas,Kansas Speedway,Chase Elliott,9,6,4,200,47,Running,Chevrolet,16.4,15.67,0,0,0,7,11,5.19
2023,2023-09-10,September Kansas,Kansas Speedway,Chris Buescher,17,27,13,200,0,Running,Ford,4.6,19.67,0,0,3,7,13,12.5
2023,2023-09-10,September Kansas,Kansas Speedway,Christopher Bell,20,8,1,200,15,Running,Toyota,12.8,14.67,0,1,1,6,13,7.62
2023,2023-09-10,September Kansas,Kansas Speedway,Cole Custer,51,24,27,200,0,Running,Ford,29.0,22.0,0,0,0,0,0,27.21
2023,2023-09-10,September Kansas,Kansas Speedway,Corey LaJoie,7,22,24,200,0,Running,Chevrolet,19.2,24.0,0,0,0,1,2,22.53
2023,2023-09-10,September Kansas,Kansas Speedway,Daniel Suarez,99,16,15,200,12,Running,Chevrolet,17.0,19.33,0,0,0,3,8,18.28
2023,2023-09-10,September Kansas,Kansas Speedway,Denny Hamlin,11,2,14,200,63,Running,Toyota,15.0,2.33,1,0,2,9,12,5.25
2023,2023-09-10,September Kansas,Kansas Speedway,Erik Jones,43,3,19,200,0,Running,Chevrolet,20.4,27.33,0,0,0,0,6,9.44
2023,2023-09-10,September Kansas,Kansas Speedway,Harrison Burton,21,35,29,200,0,Running,Ford,26.8,27.67,0,0,0,0,2,29.19
2023,2023-09-10,September Kansas,Kansas Speedway,JJ Yeley,15,34,31,200,1,Running,Chevrolet,27.4,27.33,0,0,0,0,1,29.61
2023,2023-09-10,September Kansas,Kansas Speedway,Joey Logano,22,5,11,200,0,Running,Ford,15.0,13.33,0,0,1,8,13,13.26
2023,2023-09-10,September Kansas,Kansas Speedway,Justin Haley,31,21,30,200,0,Running,Chevrolet,26.0,24.0,0,0,0,1,5,21.47
2023,2023-09-10,September Kansas,Kansas Speedway,Kevin Harvick,4,11,20,200,0,Running,Ford,16.0,20.67,0,0,0,6,12,10.57
2023,2023-09-10,September Kansas,Kansas Speedway,Kyle Busch,8,7,35,200,0,Running,Chevrolet,21.0,21.33,0,0,3,8,14,13.92
2023,2023-09-10,September Kansas,Kansas Speedway,Kyle Larson,5,4,2,200,99,Running,Chevrolet,13.4,4.0,0,0,3,11,13,6.78
2023,2023-09-10,September Kansas,Kansas Speedway,Martin Truex Jr,19,36,3,200,0,Running,Toyota,11.4,6.33,0,0,3,9,15,35.66
2023,2023-09-10,September Kansas,Kansas Speedway,Michael McDowell,34,26,7,200,0,Running,Ford,21.2,21.67,0,0,1,2,6,19.6
2023,2023-09-10,September Kansas,Kansas Speedway,Ricky Stenhouse Jr,47,23,16,200,0,Running,Chevrolet,21.8,16.67,0,0,1,2,7,23.41
2023,2023-09-10,September Kansas,Kansas Speedway,Ross Chastain,1,13,6,200,0,Running,Chevrolet,12.8,6.33,0,0,1,7,10,12.8
2023,2023-09-10,September Kansas,Kansas Speedway,Ryan Blaney,12,12,17,200,0,Running,Ford,15.2,12.33,0,0,1,4,13,9.18
2023,2023-09-10,September Kansas,Kansas Speedway,Ryan Preece,41,18,28,200,0,Running,Ford,25.8,27.0,0,0,0,1,1,23.67
2023,2023-09-10,September Kansas,Kansas Speedway,Sheldon Creed,78,29,34,200,0,Running,Chevrolet,15.0,15.0,0,0,0,0,0,30.2
2023,2023-09-10,September Kansas,Kansas Speedway,Todd Gilliland,38,25,32,200,0,Running,Ford,27.0,24.0,0,0,0,0,3,26.32
2023,2023-09-10,September Kansas,Kansas Speedway,Ty Dillon,77,28,33,200,0,Running,Chevrolet,24.2,20.67,0,0,0,0,0,27.49
2023,2023-09-10,September Kansas,Kansas Speedway,Ty Gibbs,54,14,36,200,0,Running,Toyota,16.8,34.0,0,0,0,2,7,18.4
2023,2023-09-10,September Kansas,Kansas Speedway,Tyler Reddick,45,1,5,200,2,Running,Toyota,13.8,24.67,0,1,1,8,12,4.96
2023,2023-09-10,September Kansas,Kansas Speedway,William Byron,24,15,9,200,0,Running,Chevrolet,12.4,8.33,0,1,5,10,14,13.65
2024,2024-05-05,May Kansas,Kansas Speedway,Alex Bowman,48,7,18,200,0,Running,Chevrolet,15.0,7.67,0,0,0,4,6,12.7
2024,2024-05-05,May Kansas,Kansas Speedway,Austin Cindric,2,37,7,200,0,Running,Ford,21.8,21.25,0,0,0,1,1,21.0
2024,2024-05-05,May Kansas,Kansas Speedway,Austin Dillon,3,25,16,200,0,Running,Chevrolet,24.6,17.5,0,0,0,0,1,22.5
2024,2024-05-05,May Kansas,Kansas Speedway,Austin Hill,33,33,34,200,0,Running,Chevrolet,28.8,15.0,0,0,0,0,0,32.2
2024,2024-05-05,May Kansas,Kansas Speedway,Brad Keselowski,6,11,30,200,1,Running,Ford,13.2,16.75,0,0,0,4,5,16.3
2024,2024-05-05,May Kansas,Kansas Speedway,Bubba Wallace,23,17,23,200,0,Running,Toyota,18.4,11.75,1,0,0,3,4,17.4
2024,2024-05-05,May Kansas,Kansas Speedway,Carson Hocevar,77,24,22,200,0,Running,Chevrolet,18.6,20.0,0,0,0,0,1,18.1
2024,2024-05-05,May Kansas,Kansas Speedway,Chase Briscoe,14,21,10,200,0,Running,Ford,13.0,22.0,0,0,0,0,4,26.9
2024,2024-05-05,May Kansas,Kansas Speedway,Chase Elliott,9,3,9,200,0,Running,Chevrolet,5.8,13.25,0,0,1,4,5,11.5
2024,2024-05-05,May Kansas,Kansas Speedway,Chris Buescher,17,2,12,200,53,Running,Ford,16.2,21.5,0,0,0,1,5,5.7
2024,2024-05-05,May Kansas,Kansas Speedway,Christopher Bell,20,6,1,200,5,Running,Toyota,26.0,13.0,0,2,1,3,5,7.6
2024,2024-05-05,May Kansas,Kansas Speedway,Corey Heim,43,22,20,200,0,Running,Toyota,25.0,15.0,0,0,0,0,0,30.9
2024,2024-05-05,May Kansas,Kansas Speedway,Corey LaJoie,7,26,28,200,0,Running,Chevrolet,25.8,23.5,0,0,0,1,1,25.5
2024,2024-05-05,May Kansas,Kansas Speedway,Daniel Hemric,31,30,33,200,0,Running,Chevrolet,19.2,15.0,0,0,0,0,2,31.4
2024,2024-05-05,May Kansas,Kansas Speedway,Daniel Suarez,99,27,27,200,0,Running,Chevrolet,18.6,18.5,0,0,1,2,2,28.9
2024,2024-05-05,May Kansas,Kansas Speedway,Denny Hamlin,11,5,14,200,71,Running,Toyota,16.0,2.25,1,0,3,3,4,6.3
2024,2024-05-05,May Kansas,Kansas Speedway,Derek Kraus,16,31,38,200,6,Running,Chevrolet,31.5,15.0,0,0,0,0,0,32.6
2024,2024-05-05,May Kansas,Kansas Speedway,Harrison Burton,21,36,31,200,0,Running,Ford,26.2,29.5,0,0,0,0,1,35.3
2024,2024-05-05,May Kansas,Kansas Speedway,Jimmie Johnson,84,38,19,200,0,Running,Chevrolet,32.0,15.0,0,0,0,0,0,31.1
2024,2024-05-05,May Kansas,Kansas Speedway,Joey Logano,22,34,11,200,0,Running,Ford,10.8,11.25,0,0,0,1,3,22.8
2024,2024-05-05,May Kansas,Kansas Speedway,John Hunter Nemechek,42,13,29,200,0,Running,Toyota,29.6,15.0,0,0,0,0,2,24.1
2024,2024-05-05,May Kansas,Kansas Speedway,Josh Berry,4,15,17,200,0,Running,Ford,20.4,25.0,0,0,0,0,0,25.0
2024,2024-05-05,May Kansas,Kansas Speedway,Justin Haley,51,18,35,200,0,Running,Chevrolet,28.6,23.25,0,0,0,0,0,22.7
2024,2024-05-05,May Kansas,Kansas Speedway,Kyle Busch,8,8,5,200,14,Running,Chevrolet,15.2,17.75,0,0,0,2,4,5.3
2024,2024-05-05,May Kansas,Kansas Speedway,Kyle Larson,5,1,4,200,64,Running,Chevrolet,9.8,4.0,0,0,1,5,5,2.8
2024,2024-05-05,May Kansas,Kansas Speedway,Martin Truex Jr,19,4,13,200,0,Running,Toyota,10.0,13.75,0,0,0,3,6,6.9
2024,2024-05-05,May Kansas,Kansas Speedway,Michael McDowell,34,10,8,200,0,Running,Ford,29.8,22.75,0,0,0,0,2,13.2
2024,2024-05-05,May Kansas,Kansas Speedway,Noah Gragson,10,9,3,200,0,Running,Ford,11.8,21.67,0,0,0,1,4,9.8
2024,2024-05-05,May Kansas,Kansas Speedway,Ricky Stenhouse Jr,47,16,21,200,0,Running,Chevrolet,24.8,18.25,0,0,0,1,2,19.1
2024,2024-05-05,May Kansas,Kansas Speedway,Riley Herbst,15,35,37,200,0,Running,Toyota,21.2,15.0,0,0,0,0,0,36.4
2024,2024-05-05,May Kansas,Kansas Speedway,Ross Chastain,1,19,2,200,43,Running,Chevrolet,17.2,8.0,0,0,0,1,4,9.5
2024,2024-05-05,May Kansas,Kansas Speedway,Ryan Blaney,12,12,26,200,0,Running,Ford,16.8,12.25,0,0,0,4,5,16.5
2024,2024-05-05,May Kansas,Kansas Speedway,Ryan Preece,41,28,32,200,0,Running,Ford,20.0,22.5,0,0,0,0,1,30.2
2024,2024-05-05,May Kansas,Kansas Speedway,Todd Gilliland,38,14,25,200,4,Running,Ford,20.8,24.25,0,0,0,0,1,20.2
2024,2024-05-05,May Kansas,Kansas Speedway,Ty Gibbs,54,32,6,200,0,Running,Toyota,16.0,27.33,0,0,0,3,6,9.0
2024,2024-05-05,May Kansas,Kansas Speedway,Tyler Reddick,45,20,15,200,7,Running,Toyota,6.6,18.75,1,1,1,4,7,12.5
2024,2024-05-05,May Kansas,Kansas Speedway,William Byron,24,23,36,200,0,Running,Chevrolet,10.2,10.0,0,1,3,4,7,16.3
2024,2024-05-05,May Kansas,Kansas Speedway,Zane Smith,71,29,24,200,0,Running,Chevrolet,29.0,15.0,0,0,0,0,0,25.0
2024,2024-09-29,September Kansas,Kansas Speedway,Alex Bowman,48,6,12,200,6,Running,Chevrolet,13.4,7.5,0,0,1,7,14,7.0
2024,2024-09-29,September Kansas,Kansas Speedway,Austin Cindric,2,34,17,200,0,Running,Ford,12.8,24.4,0,0,1,2,5,23.0
2024,2024-09-29,September Kansas,Kansas Speedway,Austin Dillon,3,12,22,200,0,Running,Chevrolet,21.2,19.0,0,0,1,1,3,24.0
2024,2024-09-29,September Kansas,Kansas Speedway,Brad Keselowski,6,22,26,200,4,Running,Ford,18.6,15.6,0,0,1,8,12,16.0
2024,2024-09-29,September Kansas,Kansas Speedway,Bubba Wallace,23,17,13,200,0,Running,Toyota,14.2,12.8,1,0,0,6,11,19.0
2024,2024-09-29,September Kansas,Kansas Speedway,Carson Hocevar,77,32,14,200,5,Running,Chevrolet,16.2,22.0,0,0,0,1,5,14.0
2024,2024-09-29,September Kansas,Kansas Speedway,Chase Briscoe,14,24,9,200,0,Running,Ford,13.4,21.8,0,0,1,3,9,23.0
2024,2024-09-29,September Kansas,Kansas Speedway,Chase Elliott,9,9,38,200,0,Running,Chevrolet,15.2,11.2,0,0,1,8,14,17.0
2024,2024-09-29,September Kansas,Kansas Speedway,Chris Buescher,17,11,25,200,0,Running,Ford,13.4,17.6,0,0,1,6,13,17.0
2024,2024-09-29,September Kansas,Kansas Speedway,Christopher Bell,20,7,1,200,122,Running,Toyota,5.8,11.6,0,3,3,11,17,6.0
2024,2024-09-29,September Kansas,Kansas Speedway,Corey LaJoie,51,15,27,200,0,Running,Chevrolet,20.4,24.0,0,0,0,1,3,25.0
2024,2024-09-29,September Kansas,Kansas Speedway,Daniel Hemric,31,20,30,200,0,Running,Chevrolet,19.8,30.0,0,0,0,0,4,25.0
2024,2024-09-29,September Kansas,Kansas Speedway,Daniel Suarez,99,13,10,200,0,Running,Chevrolet,20.8,20.2,0,0,1,3,7,17.0
2024,2024-09-29,September Kansas,Kansas Speedway,Denny Hamlin,11,8,8,200,1,Running,Toyota,19.2,2.8,1,0,3,10,13,9.0
2024,2024-09-29,September Kansas,Kansas Speedway,Erik Jones,43,35,16,200,0,Running,Toyota,26.0,21.25,0,0,0,0,1,33.0
2024,2024-09-29,September Kansas,Kansas Speedway,Harrison Burton,21,23,28,200,0,Running,Ford,22.4,30.8,0,0,1,1,2,30.0
2024,2024-09-29,September Kansas,Kansas Speedway,Jimmie Johnson,84,36,35,200,0,Running,Chevrolet,31.4,38.0,0,0,0,0,0,36.0
2024,2024-09-29,September Kansas,Kansas Speedway,JJ Yeley,44,37,36,200,1,Running,Chevrolet,31.8,29.0,0,0,0,0,0,35.0
2024,2024-09-29,September Kansas,Kansas Speedway,Joey Logano,22,14,5,200,3,Running,Ford,16.6,15.8,0,0,2,5,9,10.0
2024,2024-09-29,September Kansas,Kansas Speedway,John Hunter Nemechek,42,30,31,200,0,Running,Toyota,25.4,13.0,0,0,0,0,3,28.0
2024,2024-09-29,September Kansas,Kansas Speedway,Josh Berry,4,38,29,200,0,Running,Ford,27.8,20.0,0,0,0,2,4,38.0
2024,2024-09-29,September Kansas,Kansas Speedway,Justin Haley,7,33,23,200,0,Running,Chevrolet,24.4,22.2,0,0,0,0,2,22.0
2024,2024-09-29,September Kansas,Kansas Speedway,Kaz Grala,15,31,34,200,0,Running,Chevrolet,30.8,15.0,0,0,0,0,0,31.0
2024,2024-09-29,September Kansas,Kansas Speedway,Kyle Busch,8,19,3,200,26,Running,Chevrolet,13.2,15.8,0,0,0,5,10,10.0
2024,2024-09-29,September Kansas,Kansas Speedway,Kyle Larson,5,26,11,200,0,Running,Chevrolet,15.0,3.4,1,0,5,11,14,27.0
2024,2024-09-29,September Kansas,Kansas Speedway,Martin Truex Jr,19,3,19,200,5,Running,Toyota,27.8,11.8,0,0,0,4,9,8.0
2024,2024-09-29,September Kansas,Kansas Speedway,Michael McDowell,34,29,21,200,0,Running,Ford,19.6,20.2,0,0,0,2,7,27.0
2024,2024-09-29,September Kansas,Kansas Speedway,Noah Gragson,10,18,24,200,0,Running,Ford,25.2,18.5,0,0,0,1,7,20.0
2024,2024-09-29,September Kansas,Kansas Speedway,Ricky Stenhouse Jr,47,28,18,200,0,Running,Chevrolet,26.6,17.8,0,0,0,2,5,22.0
2024,2024-09-29,September Kansas,Kansas Speedway,Ross Chastain,1,1,20,200,52,Running,Chevrolet,8.8,10.2,0,0,0,5,11,8.0
2024,2024-09-29,September Kansas,Kansas Speedway,Ryan Blaney,12,4,7,200,3,Running,Ford,22.6,12.2,0,0,2,8,13,9.0
2024,2024-09-29,September Kansas,Kansas Speedway,Ryan Preece,41,16,37,200,0,Running,Ford,17.0,24.33,0,0,0,1,4,20.0
2024,2024-09-29,September Kansas,Kansas Speedway,Todd Gilliland,38,27,33,200,0,Running,Ford,23.0,22.2,0,0,0,0,4,21.0
2024,2024-09-29,September Kansas,Kansas Speedway,Ty Dillon,16,21,32,200,0,Running,Chevrolet,23.4,22.5,0,0,0,0,0,29.0
2024,2024-09-29,September Kansas,Kansas Speedway,Ty Gibbs,54,5,2,200,5,Running,Toyota,15.8,28.5,0,0,0,7,11,5.0
2024,2024-09-29,September Kansas,Kansas Speedway,Tyler Reddick,45,25,4,200,7,Running,Toyota,18.2,19.0,1,1,2,11,19,12.0
2024,2024-09-29,September Kansas,Kansas Speedway,William Byron,24,2,6,200,24,Running,Chevrolet,23.4,12.6,0,1,3,8,14,5.0
2024,2024-09-29,September Kansas,Kansas Speedway,Zane Smith,71,10,15,200,3,Running,Chevrolet,15.6,29.0,0,0,0,2,3,15.0
2025,2025-05-11,May Kansas,Kansas Speedway,AJ Allmendinger,16,38,33,200,0,Running,Chevrolet,22.0,22.0,0,0,0,0,3,37.8
2025,2025-05-11,May Kansas,Kansas Speedway,Alex Bowman,48,5,21,200,2,Running,Chevrolet,28.2,7.2,0,0,0,1,6,6.6
2025,2025-05-11,May Kansas,Kansas Speedway,Austin Cindric,2,11,13,200,0,Running,Ford,18.2,26.0,0,0,1,1,3,15.2
2025,2025-05-11,May Kansas,Kansas Speedway,Austin Dillon,3,22,20,200,0,Running,Chevrolet,13.6,17.83,0,0,0,0,3,21.2
2025,2025-05-11,May Kansas,Kansas Speedway,Brad Keselowski,6,37,36,200,0,Running,Ford,27.8,16.67,0,0,0,0,0,18.8
2025,2025-05-11,May Kansas,Kansas Speedway,Bubba Wallace,23,33,15,200,0,Running,Toyota,16.8,13.5,1,0,0,2,4,24.9
2025,2025-05-11,May Kansas,Kansas Speedway,Carson Hocevar,77,26,22,200,4,Running,Chevrolet,18.4,25.33,0,0,0,1,2,14.1
2025,2025-05-11,May Kansas,Kansas Speedway,Chase Briscoe,19,4,19,200,0,Running,Toyota,16.6,22.17,0,0,0,3,4,16.3
2025,2025-05-11,May Kansas,Kansas Speedway,Chase Elliott,9,15,9,200,29,Running,Chevrolet,9.6,10.83,0,0,0,3,6,6.4
2025,2025-05-11,May Kansas,Kansas Speedway,Chris Buescher,17,8,2,200,0,Running,Ford,21.4,16.5,0,0,0,1,5,9.7
2025,2025-05-11,May Kansas,Kansas Speedway,Christopher Bell,20,2,3,200,3,Running,Toyota,11.4,10.83,0,4,3,5,7,3.1
2025,2025-05-11,May Kansas,Kansas Speedway,Cody Ware,51,30,37,200,0,Running,Ford,30.8,30.5,0,0,0,0,0,35
2025,2025-05-11,May Kansas,Kansas Speedway,Cole Custer,41,25,31,200,0,Running,Ford,23.2,22.67,0,0,0,0,0,28.1
2025,2025-05-11,May Kansas,Kansas Speedway,Corey Heim,67,13,28,200,0,Running,Toyota,25.33,22.0,0,0,0,0,0,25.33
2025,2025-05-11,May Kansas,Kansas Speedway,Daniel Suarez,99,34,8,200,0,Running,Chevrolet,17.6,19.0,0,0,0,1,3,26.5
2025,2025-05-11,May Kansas,Kansas Speedway,Denny Hamlin,11,36,14,200,2,Running,Toyota,12.6,3.67,1,0,2,5,6,18.6
2025,2025-05-11,May Kansas,Kansas Speedway,Erik Jones,43,32,16,200,0,Running,Toyota,20.8,24.0,0,0,0,1,1,26
2025,2025-05-11,May Kansas,Kansas Speedway,Jesse Love,33,29,32,200,0,Running,Chevrolet,31.0,15.0,0,0,0,0,0,32.8
2025,2025-05-11,May Kansas,Kansas Speedway,Joey Logano,22,9,5,200,1,Running,Ford,17.0,15.5,0,0,1,1,2,10.2
2025,2025-05-11,May Kansas,Kansas Speedway,John Hunter Nemechek,42,10,17,200,0,Running,Toyota,22.8,21.5,0,0,0,1,3,24.1
2025,2025-05-11,May Kansas,Kansas Speedway,Josh Berry,21,6,38,200,0,Running,Ford,27.6,26.0,0,0,1,2,2,11.6
2025,2025-05-11,May Kansas,Kansas Speedway,Justin Haley,7,31,12,200,0,Running,Chevrolet,21.0,24.0,0,0,0,0,1,19
2025,2025-05-11,May Kansas,Kansas Speedway,Kyle Busch,8,21,35,200,1,Running,Chevrolet,17.6,16.33,0,0,0,1,4,16.8
2025,2025-05-11,May Kansas,Kansas Speedway,Kyle Larson,5,1,1,200,221,Running,Chevrolet,9.8,7.17,1,0,2,7,8,1.4
2025,2025-05-11,May Kansas,Kansas Speedway,Michael McDowell,71,23,11,200,0,Running,Chevrolet,21.6,21.67,0,0,0,0,0,24.7
2025,2025-05-11,May Kansas,Kansas Speedway,Noah Gragson,4,14,24,200,0,Running,Ford,21.8,18.4,0,0,0,1,2,18.8
2025,2025-05-11,May Kansas,Kansas Speedway,Ricky Stenhouse Jr,47,19,27,200,0,Running,Chevrolet,17.0,19.5,0,0,0,1,2,27.8
2025,2025-05-11,May Kansas,Kansas Speedway,Riley Herbst,35,27,25,200,0,Running,Toyota,25.8,35.0,0,0,0,0,0,29.5
2025,2025-05-11,May Kansas,Kansas Speedway,Ross Chastain,1,18,26,200,0,Running,Chevrolet,8.4,8.67,1,0,0,2,6,18.9
2025,2025-05-11,May Kansas,Kansas Speedway,Ryan Blaney,12,3,10,200,0,Running,Ford,12.2,10.83,0,0,0,4,5,4.9
2025,2025-05-11,May Kansas,Kansas Speedway,Ryan Preece,60,7,30,200,0,Running,Ford,24.0,22.25,0,0,0,1,3,9.4
2025,2025-05-11,May Kansas,Kansas Speedway,Shane van Gisbergen,88,20,34,200,0,Running,Chevrolet,28.6,15.0,0,0,0,0,1,28.5
2025,2025-05-11,May Kansas,Kansas Speedway,Todd Gilliland,34,12,23,200,0,Running,Ford,17.2,23.0,0,0,0,0,2,21.4
2025,2025-05-11,May Kansas,Kansas Speedway,Ty Dillon,10,35,29,200,4,Running,Chevrolet,19.6,22.2,0,0,0,0,0,31.1
2025,2025-05-11,May Kansas,Kansas Speedway,Ty Gibbs,54,28,6,200,0,Running,Toyota,13.0,23.8,0,0,0,1,2,28.2
2025,2025-05-11,May Kansas,Kansas Speedway,Tyler Reddick,45,17,4,200,0,Running,Toyota,14.2,20.0,1,1,0,3,4,14.4
2025,2025-05-11,May Kansas,Kansas Speedway,William Byron,24,24,7,200,0,Running,Chevrolet,9.2,10.83,0,1,1,5,7,21.7
2025,2025-05-11,May Kansas,Kansas Speedway,Zane Smith,38,16,18,200,0,Running,Chevrolet,18.2,19.5,0,0,0,0,1,12.4
2025,2025-09-28,September Kansas,Kansas Speedway,AJ Allmendinger,16,36,20,200,0,Running,Chevrolet,22.0,27.33,0,0,0,2,6,21.4
2025,2025-09-28,September Kansas,Kansas Speedway,Alex Bowman,48,28,17,200,0,Running,Chevrolet,23.2,6.83,0,0,0,6,15,16.1
2025,2025-09-28,September Kansas,Kansas Speedway,Austin Cindric,2,30,26,200,0,Running,Ford,23.4,23.86,0,0,1,2,5,22.8
2025,2025-09-28,September Kansas,Kansas Speedway,Austin Dillon,3,27,16,200,0,Running,Chevrolet,21.2,18.43,0,0,1,1,5,29.8
2025,2025-09-28,September Kansas,Kansas Speedway,Brad Keselowski,6,8,31,200,5,Running,Ford,15.0,19.57,0,0,0,5,9,24.9
2025,2025-09-28,September Kansas,Kansas Speedway,Bubba Wallace,23,5,7,200,13,Running,Toyota,22.2,16.29,1,0,1,4,12,8.0
2025,2025-09-28,September Kansas,Kansas Speedway,Carson Hocevar,77,29,6,200,0,Running,Chevrolet,15.2,25.5,0,0,0,2,8,12.1
2025,2025-09-28,September Kansas,Kansas Speedway,Chase Briscoe,19,4,1,200,19,Running,Toyota,9.0,19.57,0,0,2,12,16,5.2
2025,2025-09-28,September Kansas,Kansas Speedway,Chase Elliott,9,1,4,200,24,Running,Chevrolet,14.6,11.43,0,0,1,9,15,4.2
2025,2025-09-28,September Kansas,Kansas Speedway,Chris Buescher,17,15,15,200,0,Running,Ford,11.0,15.29,0,0,0,4,15,10.1
2025,2025-09-28,September Kansas,Kansas Speedway,Christopher Bell,20,3,5,200,43,Running,Toyota,11.2,9.57,0,4,4,10,17,3.3
2025,2025-09-28,September Kansas,Kansas Speedway,Cody Ware,51,37,34,200,0,Running,Ford,29.2,30.33,0,0,0,0,0,35.1
2025,2025-09-28,September Kansas,Kansas Speedway,Cole Custer,41,20,27,200,0,Running,Ford,22.4,23.25,0,0,0,1,2,28.4
2025,2025-09-28,September Kansas,Kansas Speedway,Daniel Suarez,99,17,30,200,6,Running,Chevrolet,27.0,21.14,0,0,0,2,6,27.3
2025,2025-09-28,September Kansas,Kansas Speedway,Denny Hamlin,11,2,2,200,159,Running,Toyota,15.2,8.29,1,0,5,12,15,1.9
2025,2025-09-28,September Kansas,Kansas Speedway,Erik Jones,43,16,10,200,0,Running,Toyota,15.4,25.33,0,0,0,4,5,26.4
2025,2025-09-28,September Kansas,Kansas Speedway,JJ Yeley,44,34,36,200,0,Running,Chevrolet,35.2,30.6,0,0,0,0,0,34.6
2025,2025-09-28,September Kansas,Kansas Speedway,Joey Logano,22,21,35,200,0,Running,Ford,12.2,14.57,0,0,1,6,10,14.5
2025,2025-09-28,September Kansas,Kansas Speedway,John Hunter Nemechek,42,32,25,200,1,Running,Toyota,15.0,17.67,0,0,0,2,8,22.5
2025,2025-09-28,September Kansas,Kansas Speedway,Josh Berry,21,33,13,200,1,Running,Ford,24.8,21.0,0,0,1,3,6,20.8
2025,2025-09-28,September Kansas,Kansas Speedway,Justin Haley,7,18,22,200,0,Running,Chevrolet,20.8,25.0,0,0,0,1,2,19.8
2025,2025-09-28,September Kansas,Kansas Speedway,Kyle Busch,8,19,29,200,0,Running,Chevrolet,21.8,17.0,0,0,0,2,8,24.7
2025,2025-09-28,September Kansas,Kansas Speedway,Kyle Larson,5,6,3,200,1,Running,Chevrolet,15.2,6.29,2,1,3,11,17,4.5
2025,2025-09-28,September Kansas,Kansas Speedway,Michael McDowell,71,14,21,200,0,Running,Chevrolet,16.8,21.86,0,0,0,2,4,27.3
2025,2025-09-28,September Kansas,Kansas Speedway,Noah Gragson,4,23,14,200,0,Running,Ford,24.2,17.67,0,0,0,1,3,20.3
2025,2025-09-28,September Kansas,Kansas Speedway,Ricky Stenhouse Jr,47,35,18,200,0,Running,Chevrolet,26.4,19.43,0,0,0,1,3,20.6
2025,2025-09-28,September Kansas,Kansas Speedway,Riley Herbst,35,22,32,200,0,Running,Toyota,27.8,31.0,0,0,0,0,0,29.1
2025,2025-09-28,September Kansas,Kansas Speedway,Ross Chastain,1,11,9,200,0,Running,Chevrolet,15.6,10.0,1,0,1,3,11,8.8
2025,2025-09-28,September Kansas,Kansas Speedway,Ryan Blaney,12,24,37,200,1,Running,Ford,5.6,9.71,0,0,3,13,17,14.9
2025,2025-09-28,September Kansas,Kansas Speedway,Ryan Preece,60,26,19,200,0,Running,Ford,15.6,19.2,0,0,0,3,10,27.7
2025,2025-09-28,September Kansas,Kansas Speedway,Shane van Gisbergen,88,10,24,200,0,Running,Chevrolet,26.2,20.0,0,0,4,4,5,24.0
2025,2025-09-28,September Kansas,Kansas Speedway,Todd Gilliland,34,12,23,200,0,Running,Ford,22.4,21.43,0,0,0,0,3,27.8
2025,2025-09-28,September Kansas,Kansas Speedway,Ty Dillon,10,13,33,200,0,Running,Chevrolet,29.2,24.33,0,0,0,0,1,24.8
2025,2025-09-28,September Kansas,Kansas Speedway,Ty Gibbs,54,25,8,200,0,Running,Toyota,17.0,24.5,0,0,0,4,9,15.3
2025,2025-09-28,September Kansas,Kansas Speedway,Tyler Reddick,45,7,12,200,0,Running,Toyota,15.0,19.57,1,1,0,6,10,12.0
2025,2025-09-28,September Kansas,Kansas Speedway,William Byron,24,9,11,200,0,Running,Chevrolet,13.2,12.71,0,1,2,10,14,17.2
2025,2025-09-28,September Kansas,Kansas Speedway,Zane Smith,38,31,28,200,0,Running,Chevrolet,21.4,18.33,0,0,0,1,4,14.8
2022,2022-03-06,March Las Vegas,Las Vegas Motor Speedway,Alex Bowman,48,1,13,200,16,Running,Chevrolet,24.5,15.0,0,0,0,0,0,6.6
2022,2022-03-06,March Las Vegas,Las Vegas Motor Speedway,Aric Almirola,10,6,20,200,0,Running,Ford,5.5,15.0,0,0,0,1,2,16.4
2022,2022-03-06,March Las Vegas,Las Vegas Motor Speedway,Austin Cindric,2,19,3,200,0,Running,Ford,6.5,15.0,0,0,1,1,1,19.7
2022,2022-03-06,March Las Vegas,Las Vegas Motor Speedway,Austin Dillon,3,11,10,200,0,Running,Chevrolet,13.5,15.0,0,0,0,1,1,19.6
2022,2022-03-06,March Las Vegas,Las Vegas Motor Speedway,BJ McLeod,78,28,35,200,0,Running,Chevrolet,24.5,15.0,0,0,0,0,0,31.9
2022,2022-03-06,March Las Vegas,Las Vegas Motor Speedway,Brad Keselowski,6,24,15,200,3,Running,Ford,18.0,15.0,0,0,0,0,1,24.7
2022,2022-03-06,March Las Vegas,Las Vegas Motor Speedway,Bubba Wallace,23,25,17,200,0,Running,Toyota,10.5,15.0,0,0,0,1,1,17.3
2022,2022-03-06,March Las Vegas,Las Vegas Motor Speedway,Chase Briscoe,14,35,4,200,0,Running,Ford,9.5,15.0,0,0,0,1,1,24.1
2022,2022-03-06,March Las Vegas,Las Vegas Motor Speedway,Chase Elliott,9,9,5,200,0,Running,Chevrolet,18.0,15.0,0,0,0,0,1,8.4
2022,2022-03-06,March Las Vegas,Las Vegas Motor Speedway,Chris Buescher,17,18,27,200,0,Running,Ford,25.5,15.0,0,0,0,0,0,20.4
2022,2022-03-06,March Las Vegas,Las Vegas Motor Speedway,Christopher Bell,20,10,1,200,32,Running,Toyota,35.0,15.0,0,0,0,0,0,13.7
2022,2022-03-06,March Las Vegas,Las Vegas Motor Speedway,Cody Ware,51,26,33,200,0,Running,Ford,24.5,15.0,0,0,0,0,0,28.2
2022,2022-03-06,March Las Vegas,Las Vegas Motor Speedway,Cole Custer,41,33,24,200,0,Running,Ford,15.5,15.0,0,0,0,0,0,27.8
2022,2022-03-06,March Las Vegas,Las Vegas Motor Speedway,Corey LaJoie,7,15,29,200,0,Running,Chevrolet,21.0,15.0,0,0,0,0,0,22.5
2022,2022-03-06,March Las Vegas,Las Vegas Motor Speedway,Daniel Hemric,16,22,16,200,0,Running,Chevrolet,10.5,15.0,0,0,0,0,1,27.3
2022,2022-03-06,March Las Vegas,Las Vegas Motor Speedway,Daniel Suarez,99,37,21,200,0,Running,Chevrolet,11.0,15.0,0,0,0,1,1,31.3
2022,2022-03-06,March Las Vegas,Las Vegas Motor Speedway,Denny Hamlin,11,32,8,200,31,Running,Toyota,26.0,15.0,0,0,0,0,0,10.7
2022,2022-03-06,March Las Vegas,Las Vegas Motor Speedway,Erik Jones,43,31,23,200,0,Running,Chevrolet,16.0,15.0,0,0,0,1,1,16.9
2022,2022-03-06,March Las Vegas,Las Vegas Motor Speedway,Garrett Smithley,15,30,36,200,0,Running,Chevrolet,21.0,15.0,0,0,0,0,0,33.8
2022,2022-03-06,March Las Vegas,Las Vegas Motor Speedway,Greg Biffle,44,34,26,200,1,Running,Ford,36.0,15.0,0,0,0,0,0,31.9
2022,2022-03-06,March Las Vegas,Las Vegas Motor Speedway,Harrison Burton,21,16,19,200,0,Running,Ford,36.0,15.0,0,0,0,0,0,22.5
2022,2022-03-06,March Las Vegas,Las Vegas Motor Speedway,Joey Logano,22,14,6,200,0,Running,Ford,13.0,15.0,0,0,0,1,1,10.7
2022,2022-03-06,March Las Vegas,Las Vegas Motor Speedway,Josh Bilicki,77,29,34,200,0,Running,Chevrolet,30.0,15.0,0,0,0,0,0,31.1
2022,2022-03-06,March Las Vegas,Las Vegas Motor Speedway,Justin Haley,31,17,28,200,0,Running,Chevrolet,23.0,15.0,0,0,0,0,0,22.3
2022,2022-03-06,March Las Vegas,Las Vegas Motor Speedway,Kevin Harvick,4,12,25,200,0,Running,Ford,18.5,15.0,0,0,0,0,1,11.7
2022,2022-03-06,March Las Vegas,Las Vegas Motor Speedway,Kurt Busch,45,13,31,200,4,Running,Toyota,13.5,15.0,0,0,0,0,1,16.0
2022,2022-03-06,March Las Vegas,Las Vegas Motor Speedway,Kyle Busch,18,4,37,200,49,Running,Toyota,10.0,15.0,0,0,0,0,1,9.7
2022,2022-03-06,March Las Vegas,Las Vegas Motor Speedway,Kyle Larson,5,2,2,200,27,Running,Chevrolet,16.5,15.0,0,0,1,1,1,7.3
2022,2022-03-06,March Las Vegas,Las Vegas Motor Speedway,Martin Truex Jr,19,8,12,200,1,Running,Toyota,13.0,15.0,0,0,0,0,0,7.0
2022,2022-03-06,March Las Vegas,Las Vegas Motor Speedway,Michael McDowell,34,27,22,200,4,Running,Ford,19.0,15.0,0,0,0,0,1,21.2
2022,2022-03-06,March Las Vegas,Las Vegas Motor Speedway,Ricky Stenhouse Jr,47,21,9,200,4,Running,Chevrolet,19.0,15.0,0,0,0,0,1,14.2
2022,2022-03-06,March Las Vegas,Las Vegas Motor Speedway,Ross Chastain,1,3,18,200,83,Running,Chevrolet,34.5,15.0,0,0,0,0,0,3.8
2022,2022-03-06,March Las Vegas,Las Vegas Motor Speedway,Ryan Blaney,12,36,11,200,10,Running,Ford,11.0,15.0,0,0,0,1,1,24.2
2022,2022-03-06,March Las Vegas,Las Vegas Motor Speedway,Todd Gilliland,38,23,30,200,0,Running,Ford,26.5,15.0,0,0,0,0,0,24.0
2022,2022-03-06,March Las Vegas,Las Vegas Motor Speedway,Ty Dillon,42,20,32,200,1,Running,Chevrolet,14.0,15.0,0,0,0,0,0,23.8
2022,2022-03-06,March Las Vegas,Las Vegas Motor Speedway,Tyler Reddick,8,7,7,200,0,Running,Toyota,29.5,15.0,0,0,0,0,0,14.2
2022,2022-03-06,March Las Vegas,Las Vegas Motor Speedway,William Byron,24,5,14,200,8,Running,Chevrolet,36.0,15.0,0,0,0,0,0,6.5
2022,2022-10-16,October Las Vegas,Las Vegas Motor Speedway,AJ Allmendinger,16,9,21,200,0,Running,Chevrolet,7.2,15.0,0,0,0,2,6,15.6
2022,2022-10-16,October Las Vegas,Las Vegas Motor Speedway,Aric Almirola,10,18,23,200,0,Running,Ford,20.4,6.0,0,0,0,2,7,12.0
2022,2022-10-16,October Las Vegas,Las Vegas Motor Speedway,Austin Cindric,2,29,2,200,8,Running,Ford,15.4,19.0,0,0,1,5,9,12.7
2022,2022-10-16,October Las Vegas,Las Vegas Motor Speedway,Austin Dillon,3,10,10,200,0,Running,Chevrolet,17.0,11.0,0,0,1,4,9,16.1
2022,2022-10-16,October Las Vegas,Las Vegas Motor Speedway,BJ McLeod,78,30,36,200,0,Running,Chevrolet,28.6,28.0,0,0,0,0,1,33.0
2022,2022-10-16,October Las Vegas,Las Vegas Motor Speedway,Brad Keselowski,6,17,25,200,0,Running,Ford,16.8,24.0,0,0,0,0,5,23.7
2022,2022-10-16,October Las Vegas,Las Vegas Motor Speedway,Bubba Wallace,45,36,9,200,29,Running,Toyota,15.6,25.0,0,0,1,5,9,24.8
2022,2022-10-16,October Las Vegas,Las Vegas Motor Speedway,Chase Briscoe,14,4,16,200,6,Running,Ford,10.2,35.0,0,0,1,4,7,17.3
2022,2022-10-16,October Las Vegas,Las Vegas Motor Speedway,Chase Elliott,9,21,20,200,0,Running,Chevrolet,13.2,9.0,0,0,5,12,19,18.6
2022,2022-10-16,October Las Vegas,Las Vegas Motor Speedway,Chris Buescher,17,15,12,200,0,Running,Ford,15.4,18.0,0,0,1,3,10,25.5
2022,2022-10-16,October Las Vegas,Las Vegas Motor Speedway,Christopher Bell,20,34,7,200,0,Running,Toyota,11.8,10.0,0,1,2,11,18,24.2
2022,2022-10-16,October Las Vegas,Las Vegas Motor Speedway,Cody Ware,51,27,34,200,0,Running,Ford,28.2,26.0,0,0,0,0,1,31.6
2022,2022-10-16,October Las Vegas,Las Vegas Motor Speedway,Cole Custer,41,20,24,200,0,Running,Ford,22.0,33.0,0,0,0,0,3,26.6
2022,2022-10-16,October Las Vegas,Las Vegas Motor Speedway,Corey LaJoie,7,24,30,200,0,Running,Chevrolet,21.8,15.0,0,0,0,1,1,24.4
2022,2022-10-16,October Las Vegas,Las Vegas Motor Speedway,Daniel Suarez,99,16,6,200,31,Running,Chevrolet,17.0,37.0,0,0,1,6,12,8.9
2022,2022-10-16,October Las Vegas,Las Vegas Motor Speedway,Denny Hamlin,11,5,31,200,5,Running,Toyota,7.8,32.0,0,0,2,8,12,10.4
2022,2022-10-16,October Las Vegas,Las Vegas Motor Speedway,Erik Jones,43,8,22,200,0,Running,Chevrolet,14.6,31.0,0,0,1,3,12,14.1
2022,2022-10-16,October Las Vegas,Las Vegas Motor Speedway,Harrison Burton,21,26,8,200,0,Running,Ford,26.0,16.0,0,0,0,1,2,22.0
2022,2022-10-16,October Las Vegas,Las Vegas Motor Speedway,JJ Yeley,15,31,26,200,0,Running,Chevrolet,29.6,15.0,0,0,0,0,0,33.5
2022,2022-10-16,October Las Vegas,Las Vegas Motor Speedway,Joey Logano,22,1,5,200,32,Running,Ford,18.2,14.0,0,0,2,9,14,3.9
2022,2022-10-16,October Las Vegas,Las Vegas Motor Speedway,Justin Haley,31,14,28,200,16,Running,Chevrolet,10.8,17.0,0,0,0,3,4,15.1
2022,2022-10-16,October Las Vegas,Las Vegas Motor Speedway,Kevin Harvick,4,12,13,200,0,Running,Ford,19.2,12.0,0,0,2,8,15,10.8
2022,2022-10-16,October Las Vegas,Las Vegas Motor Speedway,Kyle Busch,18,3,18,200,0,Running,Toyota,23.8,4.0,0,0,1,7,14,12.1
2022,2022-10-16,October Las Vegas,Las Vegas Motor Speedway,Kyle Larson,5,35,14,200,0,Running,Chevrolet,15.0,2.0,0,0,2,11,16,26.1
2022,2022-10-16,October Las Vegas,Las Vegas Motor Speedway,Landon Cassill,77,32,32,200,0,Running,Chevrolet,20.8,15.0,0,0,0,1,1,27.5
2022,2022-10-16,October Las Vegas,Las Vegas Motor Speedway,Martin Truex Jr,19,7,27,200,0,Running,Toyota,23.0,8.0,0,0,0,4,13,13.0
2022,2022-10-16,October Las Vegas,Las Vegas Motor Speedway,Michael McDowell,34,19,15,200,0,Running,Ford,13.6,27.0,0,0,0,2,12,18.1
2022,2022-10-16,October Las Vegas,Las Vegas Motor Speedway,Noah Gragson,48,11,17,200,0,Running,Chevrolet,17.2,15.0,0,0,0,1,1,15.4
2022,2022-10-16,October Las Vegas,Las Vegas Motor Speedway,Ricky Stenhouse Jr,47,23,29,200,1,Running,Chevrolet,26.2,21.0,0,0,0,1,5,26.5
2022,2022-10-16,October Las Vegas,Las Vegas Motor Speedway,Ross Chastain,1,2,11,200,68,Running,Chevrolet,13.4,3.0,0,0,2,11,17,5.7
2022,2022-10-16,October Las Vegas,Las Vegas Motor Speedway,Ryan Blaney,12,28,4,200,39,Running,Ford,14.2,36.0,0,0,0,10,15,7.4
2022,2022-10-16,October Las Vegas,Las Vegas Motor Speedway,Todd Gilliland,38,25,35,200,0,Running,Ford,21.2,23.0,0,0,0,1,2,28.0
2022,2022-10-16,October Las Vegas,Las Vegas Motor Speedway,Ty Dillon,42,33,33,200,0,Running,Chevrolet,22.0,20.0,0,0,0,0,1,24.5
2022,2022-10-16,October Las Vegas,Las Vegas Motor Speedway,Ty Gibbs,23,22,19,200,0,Running,Toyota,29.6,15.0,0,0,0,0,1,21.7
2022,2022-10-16,October Las Vegas,Las Vegas Motor Speedway,Tyler Reddick,8,6,1,200,32,Running,Toyota,19.4,7.0,0,0,3,10,14,7.8
2022,2022-10-16,October Las Vegas,Las Vegas Motor Speedway,William Byron,24,13,3,200,0,Running,Chevrolet,8.8,5.0,0,0,2,5,9,7.7
2023,2023-03-05,March Las Vegas,Las Vegas Motor Speedway,AJ Allmendinger,16,18,23,200,0,Running,Chevrolet,16.0,9.0,0,0,0,0,1,18.97
2023,2023-03-05,March Las Vegas,Las Vegas Motor Speedway,Alex Bowman,48,3,11,200,2,Running,Chevrolet,21.6,1.0,1,0,0,1,2,6.23
2023,2023-03-05,March Las Vegas,Las Vegas Motor Speedway,Aric Almirola,10,16,21,200,0,Running,Ford,22.4,12.0,0,0,0,0,0,17.55
2023,2023-03-05,March Las Vegas,Las Vegas Motor Speedway,Austin Cindric,2,6,9,200,0,Running,Ford,21.4,24.0,0,0,0,0,0,18.3
2023,2023-03-05,March Las Vegas,Las Vegas Motor Speedway,Austin Dillon,3,27,26,200,0,Running,Chevrolet,18.4,10.5,0,0,0,0,1,26.83
2023,2023-03-05,March Las Vegas,Las Vegas Motor Speedway,BJ McLeod,78,32,36,200,0,Running,Chevrolet,30.4,29.0,0,0,0,0,0,33.03
2023,2023-03-05,March Las Vegas,Las Vegas Motor Speedway,Brad Keselowski,6,17,7,200,5,Running,Ford,21.0,20.5,0,0,0,0,1,10.68
2023,2023-03-05,March Las Vegas,Las Vegas Motor Speedway,Bubba Wallace,23,4,13,200,0,Running,Toyota,23.2,30.5,0,0,0,0,0,7.82
2023,2023-03-05,March Las Vegas,Las Vegas Motor Speedway,Chase Briscoe,14,28,20,200,0,Running,Ford,20.8,19.5,0,0,0,0,0,26.38
2023,2023-03-05,March Las Vegas,Las Vegas Motor Speedway,Chris Buescher,17,21,18,200,0,Running,Ford,15.0,16.5,0,0,0,1,1,19.79
2023,2023-03-05,March Las Vegas,Las Vegas Motor Speedway,Christopher Bell,20,5,10,200,0,Running,Toyota,11.4,22.0,0,1,0,1,1,8.11
2023,2023-03-05,March Las Vegas,Las Vegas Motor Speedway,Cody Ware,51,35,30,200,0,Running,Ford,26.6,26.5,0,0,0,0,0,35.55
2023,2023-03-05,March Las Vegas,Las Vegas Motor Speedway,Corey LaJoie,7,20,19,200,0,Running,Chevrolet,18.4,19.5,0,0,0,0,0,19.97
2023,2023-03-05,March Las Vegas,Las Vegas Motor Speedway,Daniel Suarez,99,10,24,200,0,Running,Chevrolet,11.4,26.5,0,0,0,1,2,13.55
2023,2023-03-05,March Las Vegas,Las Vegas Motor Speedway,Denny Hamlin,11,11,12,200,10,Running,Toyota,8.6,18.5,0,0,0,0,1,6.15
2023,2023-03-05,March Las Vegas,Las Vegas Motor Speedway,Erik Jones,43,19,22,200,0,Running,Chevrolet,23.6,19.5,0,0,0,0,0,14.71
2023,2023-03-05,March Las Vegas,Las Vegas Motor Speedway,Harrison Burton,21,26,35,200,0,Running,Ford,18.2,21.0,0,0,0,0,0,28.78
2023,2023-03-05,March Las Vegas,Las Vegas Motor Speedway,JJ Yeley,15,33,29,200,0,Running,Chevrolet,29.6,31.0,0,0,0,0,0,32.99
2023,2023-03-05,March Las Vegas,Las Vegas Motor Speedway,Joey Logano,22,36,1,200,9,Running,Ford,7.4,7.5,1,0,0,1,2,19.5
2023,2023-03-05,March Las Vegas,Las Vegas Motor Speedway,Josh Berry,9,29,32,200,0,Running,Chevrolet,15.0,15.0,0,0,0,0,0,27.32
2023,2023-03-05,March Las Vegas,Las Vegas Motor Speedway,Justin Haley,31,8,27,200,0,Running,Chevrolet,27.0,15.5,0,0,0,0,0,19.02
2023,2023-03-05,March Las Vegas,Las Vegas Motor Speedway,Kevin Harvick,4,9,14,200,0,Running,Ford,9.2,12.0,0,0,0,1,1,10.93
2023,2023-03-05,March Las Vegas,Las Vegas Motor Speedway,Kyle Busch,8,14,5,200,0,Running,Chevrolet,13.0,3.5,0,0,1,1,1,10.79
2023,2023-03-05,March Las Vegas,Las Vegas Motor Speedway,Kyle Larson,5,2,6,200,63,Running,Chevrolet,11.8,18.5,0,0,0,0,0,2.24
2023,2023-03-05,March Las Vegas,Las Vegas Motor Speedway,Martin Truex Jr,19,7,15,200,3,Running,Toyota,13.4,7.5,0,0,0,0,0,6.71
2023,2023-03-05,March Las Vegas,Las Vegas Motor Speedway,Michael McDowell,34,25,17,200,0,Running,Ford,20.8,23.0,0,0,0,0,0,24.36
2023,2023-03-05,March Las Vegas,Las Vegas Motor Speedway,Noah Gragson,42,30,25,200,0,Running,Chevrolet,21.4,11.0,0,0,0,0,0,30.24
2023,2023-03-05,March Las Vegas,Las Vegas Motor Speedway,Ricky Stenhouse Jr,47,24,16,200,0,Running,Chevrolet,16.4,22.0,0,0,1,1,1,25.08
2023,2023-03-05,March Las Vegas,Las Vegas Motor Speedway,Ross Chastain,1,12,8,200,0,Running,Chevrolet,4.2,2.5,0,0,0,1,2,5.37
2023,2023-03-05,March Las Vegas,Las Vegas Motor Speedway,Ryan Blaney,12,13,3,200,0,Running,Ford,11.2,32.0,0,0,0,0,1,12.68
2023,2023-03-05,March Las Vegas,Las Vegas Motor Speedway,Ryan Preece,41,23,31,200,0,Running,Ford,32.75,15.0,0,0,0,0,0,23.35
2023,2023-03-05,March Las Vegas,Las Vegas Motor Speedway,Todd Gilliland,38,31,28,200,0,Running,Ford,23.4,24.0,0,0,0,0,0,30.97
2023,2023-03-05,March Las Vegas,Las Vegas Motor Speedway,Ty Dillon,77,34,33,200,0,Running,Chevrolet,30.8,26.5,0,0,0,0,0,33.01
2023,2023-03-05,March Las Vegas,Las Vegas Motor Speedway,Ty Gibbs,54,22,4,200,0,Running,Toyota,20.8,22.0,0,0,0,0,0,23.97
2023,2023-03-05,March Las Vegas,Las Vegas Motor Speedway,Tyler Reddick,45,15,34,200,3,Running,Toyota,33.2,6.5,0,1,0,0,0,13.37
2023,2023-03-05,March Las Vegas,Las Vegas Motor Speedway,William Byron,24,1,2,200,176,Running,Chevrolet,16.8,9.0,0,0,0,0,0,1.68
2023,2023-10-15,October Las Vegas,Las Vegas Motor Speedway,AJ Allmendinger,16,21,22,200,0,Running,Chevrolet,22.0,13.5,0,0,1,3,6,24.01
2023,2023-10-15,October Las Vegas,Las Vegas Motor Speedway,Alex Bowman,48,35,14,200,0,Running,Chevrolet,14.2,2.0,1,0,0,4,10,21.6
2023,2023-10-15,October Las Vegas,Las Vegas Motor Speedway,Aric Almirola,10,14,13,200,0,Running,Ford,18.2,13.33,0,0,0,1,3,13.89
2023,2023-10-15,October Las Vegas,Las Vegas Motor Speedway,Austin Cindric,2,23,19,200,0,Running,Ford,24.0,18.0,0,0,0,1,4,23.55
2023,2023-10-15,October Las Vegas,Las Vegas Motor Speedway,Austin Dillon,3,18,16,200,0,Running,Chevrolet,26.6,16.0,0,0,0,1,6,21.42
2023,2023-10-15,October Las Vegas,Las Vegas Motor Speedway,BJ McLeod,78,31,31,200,0,Running,Chevrolet,28.2,30.0,0,0,0,0,0,33.9
2023,2023-10-15,October Las Vegas,Las Vegas Motor Speedway,Brad Keselowski,6,4,21,200,38,Running,Ford,14.8,19.33,0,0,0,6,15,6.79
2023,2023-10-15,October Las Vegas,Las Vegas Motor Speedway,Brennan Poole,15,30,34,200,0,Running,Chevrolet,33.2,15.0,0,0,0,0,0,31.96
2023,2023-10-15,October Las Vegas,Las Vegas Motor Speedway,Bubba Wallace,23,13,7,200,0,Running,Toyota,17.6,21.67,0,0,0,5,8,14.15
2023,2023-10-15,October Las Vegas,Las Vegas Motor Speedway,Carson Hocevar,42,36,25,200,0,Running,Chevrolet,19.8,15.0,0,0,0,0,0,29.1
2023,2023-10-15,October Las Vegas,Las Vegas Motor Speedway,Chase Briscoe,14,33,17,200,0,Running,Ford,19.4,22.33,0,0,0,3,7,27.63
2023,2023-10-15,October Las Vegas,Las Vegas Motor Speedway,Chase Elliott,9,32,35,200,0,Running,Chevrolet,8.0,15.0,0,0,0,7,15,27.0
2023,2023-10-15,October Las Vegas,Las Vegas Motor Speedway,Chris Buescher,17,11,5,200,0,Running,Ford,14.2,18.0,0,0,3,8,15,11.0
2023,2023-10-15,October Las Vegas,Las Vegas Motor Speedway,Christopher Bell,20,2,1,200,61,Running,Toyota,8.8,16.33,0,1,1,8,16,2.61
2023,2023-10-15,October Las Vegas,Las Vegas Motor Speedway,Corey LaJoie,7,19,28,200,0,Running,Chevrolet,18.8,19.67,0,0,0,2,3,23.91
2023,2023-10-15,October Las Vegas,Las Vegas Motor Speedway,Daniel Suarez,99,15,36,200,0,Running,Chevrolet,17.6,21.0,0,0,0,3,10,22.24
2023,2023-10-15,October Las Vegas,Las Vegas Motor Speedway,Denny Hamlin,11,10,15,200,23,Running,Toyota,9.6,16.0,0,0,3,13,16,6.84
2023,2023-10-15,October Las Vegas,Las Vegas Motor Speedway,Erik Jones,43,28,23,200,0,Running,Chevrolet,23.8,19.33,0,0,0,1,7,25.27
2023,2023-10-15,October Las Vegas,Las Vegas Motor Speedway,Harrison Burton,21,20,33,200,0,Running,Ford,27.6,22.67,0,0,0,0,2,26.29
2023,2023-10-15,October Las Vegas,Las Vegas Motor Speedway,JJ Yeley,51,29,26,200,2,Running,Chevrolet,31.6,32.0,0,0,0,0,1,30.02
2023,2023-10-15,October Las Vegas,Las Vegas Motor Speedway,Joey Logano,22,12,9,200,0,Running,Ford,17.8,17.0,1,1,1,10,15,11.81
2023,2023-10-15,October Las Vegas,Las Vegas Motor Speedway,Justin Haley,31,22,20,200,0,Running,Chevrolet,19.4,13.0,0,0,0,1,6,24.04
2023,2023-10-15,October Las Vegas,Las Vegas Motor Speedway,Kevin Harvick,4,16,24,200,0,Running,Ford,20.6,11.0,0,0,0,6,13,13.54
2023,2023-10-15,October Las Vegas,Las Vegas Motor Speedway,Kyle Busch,8,3,6,200,0,Running,Chevrolet,17.8,7.0,0,0,3,9,16,7.55
2023,2023-10-15,October Las Vegas,Las Vegas Motor Speedway,Kyle Larson,5,1,2,200,133,Running,Chevrolet,13.0,13.0,0,0,3,13,15,2.34
2023,2023-10-15,October Las Vegas,Las Vegas Motor Speedway,Martin Truex Jr,19,9,4,200,9,Running,Toyota,22.0,7.33,0,0,3,9,15,10.34
2023,2023-10-15,October Las Vegas,Las Vegas Motor Speedway,Michael McDowell,34,17,18,200,0,Running,Ford,20.0,23.67,0,0,1,2,7,17.91
2023,2023-10-15,October Las Vegas,Las Vegas Motor Speedway,Ricky Stenhouse Jr,47,25,30,200,0,Running,Chevrolet,19.6,22.67,0,0,1,2,9,23.76
2023,2023-10-15,October Las Vegas,Las Vegas Motor Speedway,Ross Chastain,1,5,10,200,0,Running,Chevrolet,17.0,5.67,0,0,1,8,12,11.49
2023,2023-10-15,October Las Vegas,Las Vegas Motor Speedway,Ryan Blaney,12,6,12,200,0,Running,Ford,15.0,25.67,0,0,2,5,14,7.4
2023,2023-10-15,October Las Vegas,Las Vegas Motor Speedway,Ryan Preece,41,26,32,200,0,Running,Ford,14.4,23.0,0,0,0,1,2,24.07
2023,2023-10-15,October Las Vegas,Las Vegas Motor Speedway,Todd Gilliland,38,27,29,200,0,Running,Ford,22.2,26.33,0,0,0,0,3,29.52
2023,2023-10-15,October Las Vegas,Las Vegas Motor Speedway,Ty Dillon,77,24,27,200,0,Running,Chevrolet,27.6,29.0,0,0,0,0,0,26.28
2023,2023-10-15,October Las Vegas,Las Vegas Motor Speedway,Ty Gibbs,54,34,11,200,0,Running,Toyota,18.0,22.0,0,0,0,4,9,17.75
2023,2023-10-15,October Las Vegas,Las Vegas Motor Speedway,Tyler Reddick,45,8,8,200,0,Running,Toyota,12.6,9.33,0,1,2,9,14,9.5
2023,2023-10-15,October Las Vegas,Las Vegas Motor Speedway,William Byron,24,7,3,200,1,Running,Chevrolet,5.8,6.33,1,0,6,13,18,5.53
2024,2024-03-03,March Las Vegas,Las Vegas Motor Speedway,Alex Bowman,48,18,23,200,3,Running,Chevrolet,19.4,13.0,1,0,0,1,1,15.26
2024,2024-03-03,March Las Vegas,Las Vegas Motor Speedway,Austin Cindric,2,29,3,200,0,Running,Ford,16.4,19.25,0,0,0,1,1,20.42
2024,2024-03-03,March Las Vegas,Las Vegas Motor Speedway,Austin Dillon,3,16,19,200,0,Running,Chevrolet,20.8,16.5,0,0,0,0,0,15.34
2024,2024-03-03,March Las Vegas,Las Vegas Motor Speedway,Brad Keselowski,6,13,25,200,0,Running,Ford,28.4,15.5,0,0,0,0,0,21.91
2024,2024-03-03,March Las Vegas,Las Vegas Motor Speedway,Bubba Wallace,23,35,5,200,0,Running,Toyota,7.4,19.5,0,0,0,2,2,25.72
2024,2024-03-03,March Las Vegas,Las Vegas Motor Speedway,Carson Hocevar,77,15,14,200,0,Running,Chevrolet,29.0,36.0,0,0,0,0,0,15.41
2024,2024-03-03,March Las Vegas,Las Vegas Motor Speedway,Chase Briscoe,14,21,6,200,1,Running,Ford,17.2,25.0,0,0,0,0,1,14.57
2024,2024-03-03,March Las Vegas,Las Vegas Motor Speedway,Chase Elliott,9,12,11,200,0,Running,Chevrolet,15.4,20.67,0,0,0,0,0,12.07
2024,2024-03-03,March Las Vegas,Las Vegas Motor Speedway,Chris Buescher,17,37,9,200,2,Running,Ford,12.2,16.25,0,0,0,0,1,33.98
2024,2024-03-03,March Las Vegas,Las Vegas Motor Speedway,Christopher Bell,20,33,10,200,0,Running,Toyota,16.2,12.75,0,2,0,1,1,22.46
2024,2024-03-03,March Las Vegas,Las Vegas Motor Speedway,Corey LaJoie,7,32,17,200,0,Running,Chevrolet,18.0,19.5,0,0,0,1,1,13.04
2024,2024-03-03,March Las Vegas,Las Vegas Motor Speedway,Daniel Hemric,31,19,34,200,1,Running,Chevrolet,21.6,22.0,0,0,0,0,0,27.85
2024,2024-03-03,March Las Vegas,Las Vegas Motor Speedway,Daniel Suarez,99,11,16,200,15,Running,Chevrolet,19.2,19.5,0,0,1,1,1,14.57
2024,2024-03-03,March Las Vegas,Las Vegas Motor Speedway,Denny Hamlin,11,8,28,200,16,Running,Toyota,16.6,14.5,0,0,0,0,0,7.07
2024,2024-03-03,March Las Vegas,Las Vegas Motor Speedway,Derek Kraus,16,28,33,200,2,Running,Chevrolet,15.0,15.0,0,0,0,0,0,28.38
2024,2024-03-03,March Las Vegas,Las Vegas Motor Speedway,Erik Jones,43,14,22,200,0,Running,Toyota,17.6,21.5,0,0,0,0,1,21.68
2024,2024-03-03,March Las Vegas,Las Vegas Motor Speedway,Harrison Burton,21,30,29,200,0,Running,Ford,25.4,22.0,0,0,0,0,0,23.9
2024,2024-03-03,March Las Vegas,Las Vegas Motor Speedway,JJ Yeley,44,34,37,200,0,Running,Chevrolet,32.0,31.0,0,0,0,0,0,34.31
2024,2024-03-03,March Las Vegas,Las Vegas Motor Speedway,Joey Logano,22,9,1,200,2,Running,Ford,18.2,15.75,1,1,0,0,0,10.52
2024,2024-03-03,March Las Vegas,Las Vegas Motor Speedway,John Hunter Nemechek,42,22,27,200,0,Running,Toyota,21.75,15.0,0,0,0,0,1,22.26
2024,2024-03-03,March Las Vegas,Las Vegas Motor Speedway,Josh Berry,4,20,26,200,0,Running,Ford,28.0,29.0,0,0,0,0,0,22.63
2024,2024-03-03,March Las Vegas,Las Vegas Motor Speedway,Justin Haley,51,27,35,200,0,Running,Chevrolet,25.6,15.25,0,0,0,0,0,28.44
2024,2024-03-03,March Las Vegas,Las Vegas Motor Speedway,Kaz Grala,15,31,32,200,0,Running,Chevrolet,25.2,15.0,0,0,0,0,0,29.47
2024,2024-03-03,March Las Vegas,Las Vegas Motor Speedway,Kyle Busch,8,26,21,200,18,Running,Chevrolet,17.0,6.0,0,0,0,1,1,12.01
2024,2024-03-03,March Las Vegas,Las Vegas Motor Speedway,Kyle Larson,5,1,2,200,181,Running,Chevrolet,17.2,10.0,1,0,0,0,0,1.67
2024,2024-03-03,March Las Vegas,Las Vegas Motor Speedway,Martin Truex Jr,19,7,7,200,4,Running,Toyota,14.8,7.75,0,0,0,0,0,5.25
2024,2024-03-03,March Las Vegas,Las Vegas Motor Speedway,Michael McDowell,34,25,12,200,4,Running,Ford,20.0,22.0,0,0,0,0,1,21.31
2024,2024-03-03,March Las Vegas,Las Vegas Motor Speedway,Noah Gragson,10,6,30,200,0,Running,Ford,25.4,20.5,0,0,0,0,1,16.88
2024,2024-03-03,March Las Vegas,Las Vegas Motor Speedway,Ricky Stenhouse Jr,47,17,13,200,0,Running,Chevrolet,21.2,23.25,0,0,0,0,1,21.61
2024,2024-03-03,March Las Vegas,Las Vegas Motor Speedway,Ross Chastain,1,4,20,200,2,Running,Chevrolet,14.8,5.5,0,0,0,0,1,16.46
2024,2024-03-03,March Las Vegas,Las Vegas Motor Speedway,Ryan Blaney,12,3,15,200,0,Running,Ford,7.4,20.75,0,0,0,1,1,8.57
2024,2024-03-03,March Las Vegas,Las Vegas Motor Speedway,Ryan Preece,41,23,36,200,0,Running,Ford,17.2,24.5,0,0,0,0,0,25.71
2024,2024-03-03,March Las Vegas,Las Vegas Motor Speedway,Todd Gilliland,38,24,31,200,0,Running,Ford,25.2,26.5,0,0,0,0,0,24.7
2024,2024-03-03,March Las Vegas,Las Vegas Motor Speedway,Ty Gibbs,54,5,8,200,0,Running,Toyota,14.6,26.0,0,0,0,0,1,8.42
2024,2024-03-03,March Las Vegas,Las Vegas Motor Speedway,Tyler Reddick,45,2,18,200,1,Running,Toyota,22.0,9.0,0,1,0,0,0,5.61
2024,2024-03-03,March Las Vegas,Las Vegas Motor Speedway,William Byron,24,10,4,200,15,Running,Chevrolet,7.8,6.5,1,0,1,1,1,17.71
2024,2024-03-03,March Las Vegas,Las Vegas Motor Speedway,Zane Smith,71,36,24,200,0,Running,Chevrolet,27.2,15.0,0,0,0,0,0,35.84
2024,2024-10-20,October Las Vegas,Las Vegas Motor Speedway,Alex Bowman,48,5,3,200,0,Running,Chevrolet,17.4,14.25,1,0,1,7,15,7.0
2024,2024-10-20,October Las Vegas,Las Vegas Motor Speedway,Austin Cindric,2,34,11,200,0,Running,Ford,18.6,21.2,0,0,1,3,6,26.0
2024,2024-10-20,October Las Vegas,Las Vegas Motor Speedway,Austin Dillon,3,37,13,200,0,Running,Chevrolet,20.2,16.4,0,0,1,1,4,34.0
2024,2024-10-20,October Las Vegas,Las Vegas Motor Speedway,Brad Keselowski,6,36,17,200,0,Running,Ford,19.8,15.0,0,0,1,9,13,28.0
2024,2024-10-20,October Las Vegas,Las Vegas Motor Speedway,Bubba Wallace,23,12,19,200,0,Running,Toyota,11.0,22.6,0,0,0,6,13,14.0
2024,2024-10-20,October Las Vegas,Las Vegas Motor Speedway,Carson Hocevar,77,23,6,200,0,Running,Chevrolet,15.8,25.5,0,0,0,1,5,18.0
2024,2024-10-20,October Las Vegas,Las Vegas Motor Speedway,Chase Briscoe,14,26,24,200,0,Running,Ford,20.8,24.2,0,0,1,3,9,26.0
2024,2024-10-20,October Las Vegas,Las Vegas Motor Speedway,Chase Elliott,9,33,18,200,0,Running,Chevrolet,12.8,18.5,0,0,1,9,16,25.0
2024,2024-10-20,October Las Vegas,Las Vegas Motor Speedway,Chris Buescher,17,10,22,200,0,Running,Ford,12.0,20.4,0,0,1,6,13,10.0
2024,2024-10-20,October Las Vegas,Las Vegas Motor Speedway,Christopher Bell,20,2,1,200,155,Running,Toyota,6.8,16.8,0,2,3,12,20,2.0
2024,2024-10-20,October Las Vegas,Las Vegas Motor Speedway,Cody Ware,15,21,36,200,0,Running,Ford,17.0,29.33,0,0,0,1,1,24.0
2024,2024-10-20,October Las Vegas,Las Vegas Motor Speedway,Corey LaJoie,51,14,35,200,0,Running,Chevrolet,22.8,22.0,0,0,0,1,3,20.0
2024,2024-10-20,October Las Vegas,Las Vegas Motor Speedway,Daniel Hemric,31,19,33,200,0,Running,Chevrolet,26.4,20.5,0,0,0,0,4,21.0
2024,2024-10-20,October Las Vegas,Las Vegas Motor Speedway,Daniel Suarez,99,3,23,200,57,Running,Chevrolet,22.6,17.8,0,0,1,3,7,12.0
2024,2024-10-20,October Las Vegas,Las Vegas Motor Speedway,Denny Hamlin,11,8,4,200,4,Running,Toyota,11.8,13.2,0,0,3,10,15,14.0
2024,2024-10-20,October Las Vegas,Las Vegas Motor Speedway,Erik Jones,43,25,27,200,0,Running,Toyota,27.2,20.0,0,0,0,1,2,27.0
2024,2024-10-20,October Las Vegas,Las Vegas Motor Speedway,Harrison Burton,21,15,31,200,0,Running,Ford,27.2,23.6,0,0,1,1,2,22.0
2024,2024-10-20,October Las Vegas,Las Vegas Motor Speedway,Jimmie Johnson,84,28,29,200,0,Running,Chevrolet,32.8,15.0,0,0,0,0,0,28.0
2024,2024-10-20,October Las Vegas,Las Vegas Motor Speedway,Joey Logano,22,1,10,200,6,Running,Ford,19.6,14.4,1,2,2,5,10,7.0
2024,2024-10-20,October Las Vegas,Las Vegas Motor Speedway,John Hunter Nemechek,42,9,26,200,0,Running,Toyota,29.8,22.0,0,0,0,0,3,18.0
2024,2024-10-20,October Las Vegas,Las Vegas Motor Speedway,Josh Berry,4,24,28,200,0,Running,Ford,30.0,24.5,0,0,0,2,4,25.0
2024,2024-10-20,October Las Vegas,Las Vegas Motor Speedway,Justin Haley,7,17,16,200,0,Running,Chevrolet,23.4,17.6,0,0,0,0,3,13.0
2024,2024-10-20,October Las Vegas,Las Vegas Motor Speedway,Kyle Busch,8,13,20,200,0,Running,Chevrolet,21.2,10.0,0,0,0,5,10,14.0
2024,2024-10-20,October Las Vegas,Las Vegas Motor Speedway,Kyle Larson,5,11,5,200,1,Running,Chevrolet,8.8,8.2,2,0,6,13,16,16.0
2024,2024-10-20,October Las Vegas,Las Vegas Motor Speedway,Martin Truex Jr,19,6,12,200,7,Running,Toyota,15.8,7.6,0,0,0,5,10,7.0
2024,2024-10-20,October Las Vegas,Las Vegas Motor Speedway,Michael McDowell,34,20,15,200,0,Running,Ford,19.8,22.6,0,0,0,2,7,18.0
2024,2024-10-20,October Las Vegas,Las Vegas Motor Speedway,Noah Gragson,10,18,21,200,0,Running,Ford,19.4,15.67,0,0,0,1,7,18.0
2024,2024-10-20,October Las Vegas,Las Vegas Motor Speedway,Ricky Stenhouse Jr,47,27,25,200,0,Running,Chevrolet,21.8,22.0,0,0,1,3,6,24.0
2024,2024-10-20,October Las Vegas,Las Vegas Motor Speedway,Ross Chastain,1,7,7,200,0,Running,Chevrolet,16.6,5.2,0,0,1,6,12,12.0
2024,2024-10-20,October Las Vegas,Las Vegas Motor Speedway,Ryan Blaney,12,32,37,200,4,Running,Ford,19.4,17.2,0,0,2,9,15,28.0
2024,2024-10-20,October Las Vegas,Las Vegas Motor Speedway,Ryan Preece,41,22,32,200,0,Running,Ford,18.4,24.0,0,0,0,1,4,20.0
2024,2024-10-20,October Las Vegas,Las Vegas Motor Speedway,Shane van Gisbergen,16,29,34,200,0,Running,Chevrolet,16.4,15.0,0,0,0,1,2,29.0
2024,2024-10-20,October Las Vegas,Las Vegas Motor Speedway,Todd Gilliland,38,31,30,200,0,Running,Ford,23.2,26.0,0,0,0,0,4,28.0
2024,2024-10-20,October Las Vegas,Las Vegas Motor Speedway,Ty Gibbs,54,30,8,200,23,Running,Toyota,18.0,20.75,0,0,0,8,12,19.0
2024,2024-10-20,October Las Vegas,Las Vegas Motor Speedway,Tyler Reddick,45,35,2,200,9,Running,Toyota,20.6,7.6,0,1,2,11,19,24.0
2024,2024-10-20,October Las Vegas,Las Vegas Motor Speedway,William Byron,24,4,9,200,1,Running,Chevrolet,11.8,7.2,1,0,3,11,17,7.0
2024,2024-10-20,October Las Vegas,Las Vegas Motor Speedway,Zane Smith,71,16,14,200,0,Running,Chevrolet,14.2,36.0,0,0,0,2,4,20.0
2025,2025-03-16,March Las Vegas,Las Vegas Motor Speedway,AJ Allmendinger,16,8,18,200,0,Running,Chevrolet,23.0,16.0,0,0,0,0,0,10.76
2025,2025-03-16,March Las Vegas,Las Vegas Motor Speedway,Alex Bowman,48,7,6,200,2,Running,Chevrolet,12.4,12.4,1,0,0,0,3,13.42
2025,2025-03-16,March Las Vegas,Las Vegas Motor Speedway,Austin Cindric,2,6,3,200,47,Running,Ford,18.6,23.33,0,0,0,0,1,10.67
2025,2025-03-16,March Las Vegas,Las Vegas Motor Speedway,Austin Dillon,3,32,22,200,0,Running,Chevrolet,22.6,19.83,0,0,0,0,0,22.85
2025,2025-03-16,March Las Vegas,Las Vegas Motor Speedway,Brad Keselowski,6,11,27,200,0,Running,Ford,25.6,18.5,0,0,0,0,0,21.05
2025,2025-03-16,March Las Vegas,Las Vegas Motor Speedway,Bubba Wallace,23,28,20,200,20,Running,Toyota,18.8,20.83,0,0,0,0,1,11.48
2025,2025-03-16,March Las Vegas,Las Vegas Motor Speedway,Carson Hocevar,77,30,25,200,0,Running,Chevrolet,19.8,24.67,0,0,0,1,1,16.12
2025,2025-03-16,March Las Vegas,Las Vegas Motor Speedway,Chase Briscoe,19,17,24,200,0,Running,Toyota,20.6,24.5,0,0,0,1,1,28.65
2025,2025-03-16,March Las Vegas,Las Vegas Motor Speedway,Chase Elliott,9,10,16,200,0,Running,Chevrolet,11.4,21.4,0,0,0,1,2,14.33
2025,2025-03-16,March Las Vegas,Las Vegas Motor Speedway,Chris Buescher,17,13,11,200,0,Running,Ford,12.2,18.67,0,0,0,1,3,19.33
2025,2025-03-16,March Las Vegas,Las Vegas Motor Speedway,Christopher Bell,20,12,13,200,0,Running,Toyota,7.8,14.33,0,3,3,3,3,18.09
2025,2025-03-16,March Las Vegas,Las Vegas Motor Speedway,Cody Ware,51,36,35,200,0,Running,Ford,27.2,27.25,0,0,0,0,0,33.76
2025,2025-03-16,March Las Vegas,Las Vegas Motor Speedway,Cole Custer,41,26,26,200,0,Running,Ford,27.2,26.5,0,0,0,0,0,23.55
2025,2025-03-16,March Las Vegas,Las Vegas Motor Speedway,Daniel Suarez,99,2,23,200,12,Running,Chevrolet,23.0,15.33,0,0,0,0,0,8.64
2025,2025-03-16,March Las Vegas,Las Vegas Motor Speedway,Denny Hamlin,11,25,15,200,0,Running,Toyota,12.8,12.33,0,0,0,1,2,21.81
2025,2025-03-16,March Las Vegas,Las Vegas Motor Speedway,Erik Jones,43,27,5,200,1,Running,Toyota,22.0,20.83,0,0,0,0,0,17.33
2025,2025-03-16,March Las Vegas,Las Vegas Motor Speedway,Joey Logano,22,15,2,200,40,Running,Ford,17.0,12.17,2,2,0,0,0,9.05
2025,2025-03-16,March Las Vegas,Las Vegas Motor Speedway,John Hunter Nemechek,42,20,30,200,0,Running,Toyota,16.2,15.5,0,0,0,1,2,24.07
2025,2025-03-16,March Las Vegas,Las Vegas Motor Speedway,Josh Berry,21,1,7,200,18,Running,Ford,23.2,24.33,0,0,0,1,1,7.88
2025,2025-03-16,March Las Vegas,Las Vegas Motor Speedway,Justin Haley,7,14,33,200,0,Running,Chevrolet,24.2,17.5,0,0,0,0,0,23.59
2025,2025-03-16,March Las Vegas,Las Vegas Motor Speedway,Kyle Busch,8,33,4,200,3,Running,Chevrolet,15.0,10.5,0,0,0,1,3,26.82
2025,2025-03-16,March Las Vegas,Las Vegas Motor Speedway,Kyle Larson,5,9,10,200,61,Running,Chevrolet,12.4,8.67,2,0,0,2,2,7.57
2025,2025-03-16,March Las Vegas,Las Vegas Motor Speedway,Michael McDowell,71,16,1,200,5,Running,Chevrolet,18.6,22.17,0,0,0,0,0,15.42
2025,2025-03-16,March Las Vegas,Las Vegas Motor Speedway,Noah Gragson,4,31,21,200,0,Running,Ford,21.6,16.25,0,0,0,0,1,16.72
2025,2025-03-16,March Las Vegas,Las Vegas Motor Speedway,Ricky Stenhouse Jr,47,18,31,200,0,Running,Chevrolet,19.0,22.83,0,0,0,1,1,18.37
2025,2025-03-16,March Las Vegas,Las Vegas Motor Speedway,Riley Herbst,35,19,34,200,0,Running,Toyota,24.2,15.0,0,0,0,0,0,24.11
2025,2025-03-16,March Las Vegas,Las Vegas Motor Speedway,Ross Chastain,1,5,19,200,14,Running,Chevrolet,18.0,5.5,0,0,0,0,1,11.42
2025,2025-03-16,March Las Vegas,Las Vegas Motor Speedway,Ryan Blaney,12,35,36,200,0,Running,Ford,12.0,19.67,0,0,0,1,2,26.64
2025,2025-03-16,March Las Vegas,Las Vegas Motor Speedway,Ryan Preece,60,3,12,200,0,Running,Ford,27.0,23.5,0,0,0,0,0,15.27
2025,2025-03-16,March Las Vegas,Las Vegas Motor Speedway,Shane van Gisbergen,88,34,28,200,0,Running,Chevrolet,21.0,29.0,0,0,0,0,1,31.82
2025,2025-03-16,March Las Vegas,Las Vegas Motor Speedway,Todd Gilliland,34,29,32,200,0,Running,Ford,17.8,26.83,0,0,0,0,1,24.81
2025,2025-03-16,March Las Vegas,Las Vegas Motor Speedway,Ty Dillon,10,21,17,200,0,Running,Chevrolet,21.6,27.75,0,0,0,0,0,23.6
2025,2025-03-16,March Las Vegas,Las Vegas Motor Speedway,Ty Gibbs,54,22,29,200,0,Running,Toyota,29.4,22.6,0,0,0,0,0,28.97
2025,2025-03-16,March Las Vegas,Las Vegas Motor Speedway,Tyler Reddick,45,24,14,200,34,Running,Toyota,10.0,12.17,0,1,0,2,2,9.19
2025,2025-03-16,March Las Vegas,Las Vegas Motor Speedway,William Byron,24,4,8,200,10,Running,Chevrolet,7.8,6.67,1,0,1,2,3,7.51
2025,2025-03-16,March Las Vegas,Las Vegas Motor Speedway,Zane Smith,38,23,9,200,0,Running,Chevrolet,24.8,26.0,0,0,0,0,1,21.34
2025,2025-10-12,October Las Vegas,Las Vegas Motor Speedway,AJ Allmendinger,16,19,20,200,0,Running,Chevrolet,24.8,14.0,0,0,0,2,7,18.2
2025,2025-10-12,October Las Vegas,Las Vegas Motor Speedway,Alex Bowman,48,7,12,200,0,Running,Chevrolet,19.0,11.5,1,0,0,6,15,11.0
2025,2025-10-12,October Las Vegas,Las Vegas Motor Speedway,Austin Cindric,2,11,31,200,0,Running,Ford,26.6,20.86,0,0,1,2,5,25.1
2025,2025-10-12,October Las Vegas,Las Vegas Motor Speedway,Austin Dillon,3,25,25,200,0,Running,Chevrolet,23.6,21.57,0,0,1,1,5,18.5
2025,2025-10-12,October Las Vegas,Las Vegas Motor Speedway,Brad Keselowski,6,10,34,200,2,Running,Ford,17.2,17.43,0,0,0,5,10,15.6
2025,2025-10-12,October Las Vegas,Las Vegas Motor Speedway,Bubba Wallace,23,22,7,200,5,Running,Toyota,17.6,21.86,0,0,1,5,13,18.6
2025,2025-10-12,October Las Vegas,Las Vegas Motor Speedway,Carson Hocevar,77,32,22,200,6,Running,Chevrolet,18.2,26.0,0,0,0,2,8,13.7
2025,2025-10-12,October Las Vegas,Las Vegas Motor Speedway,Chase Briscoe,19,4,2,200,57,Running,Toyota,7.8,23.43,0,0,2,13,17,4.9
2025,2025-10-12,October Las Vegas,Las Vegas Motor Speedway,Chase Elliott,9,18,4,200,0,Running,Chevrolet,11.0,19.5,0,0,2,10,17,14.4
2025,2025-10-12,October Las Vegas,Las Vegas Motor Speedway,Chris Buescher,17,12,11,200,0,Running,Ford,11.4,17.86,0,0,0,5,16,12.4
2025,2025-10-12,October Las Vegas,Las Vegas Motor Speedway,Christopher Bell,20,3,3,200,0,Running,Toyota,4.0,14.0,0,3,4,12,19,7.2
2025,2025-10-12,October Las Vegas,Las Vegas Motor Speedway,Cody Ware,51,35,36,200,0,Running,Ford,32.0,29.0,0,0,0,0,0,34.0
2025,2025-10-12,October Las Vegas,Las Vegas Motor Speedway,Cole Custer,41,28,21,200,1,Running,Ford,25.2,26.33,0,0,0,1,2,29.0
2025,2025-10-12,October Las Vegas,Las Vegas Motor Speedway,Daniel Suarez,99,20,17,200,0,Running,Chevrolet,26.4,13.43,0,0,0,2,7,19.2
2025,2025-10-12,October Las Vegas,Las Vegas Motor Speedway,Denny Hamlin,11,1,1,200,9,Running,Toyota,13.8,14.14,0,0,5,13,16,4.8
2025,2025-10-12,October Las Vegas,Las Vegas Motor Speedway,Erik Jones,43,15,19,200,0,Running,Toyota,23.2,21.71,0,0,0,4,5,21.0
2025,2025-10-12,October Las Vegas,Las Vegas Motor Speedway,JJ Yeley,44,30,37,200,0,Running,Chevrolet,34.4,31.75,0,0,0,0,0,34.6
2025,2025-10-12,October Las Vegas,Las Vegas Motor Speedway,Joey Logano,22,6,9,200,1,Running,Ford,11.0,12.57,2,2,1,6,10,10.8
2025,2025-10-12,October Las Vegas,Las Vegas Motor Speedway,John Hunter Nemechek,42,29,26,200,0,Running,Toyota,22.4,17.0,0,0,0,2,8,25.3
2025,2025-10-12,October Las Vegas,Las Vegas Motor Speedway,Josh Berry,21,26,29,200,0,Running,Ford,25.2,18.5,1,0,1,3,6,28.0
2025,2025-10-12,October Las Vegas,Las Vegas Motor Speedway,Justin Haley,7,27,27,200,0,Running,Chevrolet,23.4,17.0,0,0,0,1,2,29.0
2025,2025-10-12,October Las Vegas,Las Vegas Motor Speedway,Katherine Legge,78,31,38,200,0,Running,Chevrolet,27.0,15.0,0,0,0,0,0,36.8
2025,2025-10-12,October Las Vegas,Las Vegas Motor Speedway,Kyle Busch,8,8,32,200,0,Running,Chevrolet,24.4,13.71,0,0,0,2,8,19.6
2025,2025-10-12,October Las Vegas,Las Vegas Motor Speedway,Kyle Larson,5,2,6,200,129,Running,Chevrolet,11.8,8.71,2,0,3,12,19,2.9
2025,2025-10-12,October Las Vegas,Las Vegas Motor Speedway,Michael McDowell,71,16,18,200,0,Running,Chevrolet,11.6,21.29,0,1,0,3,5,22.8
2025,2025-10-12,October Las Vegas,Las Vegas Motor Speedway,Noah Gragson,4,13,28,200,0,Running,Ford,24.0,19.2,0,0,0,1,3,17.0
2025,2025-10-12,October Las Vegas,Las Vegas Motor Speedway,Ricky Stenhouse Jr,47,14,24,200,0,Running,Chevrolet,24.2,22.14,0,0,0,1,3,19.9
2025,2025-10-12,October Las Vegas,Las Vegas Motor Speedway,Riley Herbst,35,17,33,200,0,Running,Toyota,24.6,19.0,0,0,0,0,0,25.6
2025,2025-10-12,October Las Vegas,Las Vegas Motor Speedway,Ross Chastain,1,23,15,200,0,Running,Chevrolet,16.8,5.43,0,0,1,3,11,25.1
2025,2025-10-12,October Las Vegas,Las Vegas Motor Speedway,Ryan Blaney,12,38,14,200,0,Running,Ford,9.2,21.86,0,0,3,13,17,31.4
2025,2025-10-12,October Las Vegas,Las Vegas Motor Speedway,Ryan Preece,60,9,16,200,0,Running,Ford,16.0,19.4,0,0,0,3,11,21.6
2025,2025-10-12,October Las Vegas,Las Vegas Motor Speedway,Shane van Gisbergen,88,33,13,200,0,Running,Chevrolet,18.8,31.5,0,0,5,5,7,15.3
2025,2025-10-12,October Las Vegas,Las Vegas Motor Speedway,Todd Gilliland,34,21,30,200,1,Running,Ford,20.8,27.14,0,0,0,0,3,28.3
2025,2025-10-12,October Las Vegas,Las Vegas Motor Speedway,Ty Dillon,10,37,35,200,0,Running,Chevrolet,26.0,26.4,0,0,0,0,1,34.5
2025,2025-10-12,October Las Vegas,Las Vegas Motor Speedway,Ty Gibbs,54,34,10,200,0,Running,Toyota,18.4,22.5,0,0,0,4,9,11.4
2025,2025-10-12,October Las Vegas,Las Vegas Motor Speedway,Tyler Reddick,45,5,8,200,1,Running,Toyota,13.8,13.86,0,1,0,6,12,5.0
2025,2025-10-12,October Las Vegas,Las Vegas Motor Speedway,William Byron,24,36,5,200,55,Running,Chevrolet,9.2,6.29,1,0,2,10,15,7.0
2025,2025-10-12,October Las Vegas,Las Vegas Motor Speedway,Zane Smith,38,24,23,200,0,Running,Chevrolet,23.6,25.0,0,0,0,1,4,21.9
2026,2026-03-15,March Las Vegas,Las Vegas Motor Speedway,Denny Hamlin,11,1,2,70,134,Running,Toyota,7.5,7.5,0,0,0,1,2,4.52
2026,2026-03-15,March Las Vegas,Las Vegas Motor Speedway,Chase Elliott,9,2,15,40,0,Running,Chevrolet,15.0,15.0,0,0,0,0,1,6.9
2026,2026-03-15,March Las Vegas,Las Vegas Motor Speedway,William Byron,24,3,9,49,26,Running,Chevrolet,10.0,10.0,0,0,0,0,1,4.74
2026,2026-03-15,March Las Vegas,Las Vegas Motor Speedway,Christopher Bell,20,4,1,51,31,Running,Toyota,2.5,2.5,0,0,0,2,2,2.87
2026,2026-03-15,March Las Vegas,Las Vegas Motor Speedway,Ty Gibbs,54,5,3,39,0,Running,Toyota,4.0,4.0,0,0,0,2,2,8.82
2026,2026-03-15,March Las Vegas,Las Vegas Motor Speedway,Chris Buescher,17,6,10,35,0,Running,Ford,19.0,19.0,0,0,0,0,0,8.62
2026,2026-03-15,March Las Vegas,Las Vegas Motor Speedway,Kyle Larson,5,7,5,48,62,Running,Chevrolet,4.5,4.5,0,0,0,1,2,3.93
2026,2026-03-15,March Las Vegas,Las Vegas Motor Speedway,Chase Briscoe,19,8,18,29,0,Running,Toyota,37.0,37.0,0,0,0,0,0,20.4
2026,2026-03-15,March Las Vegas,Las Vegas Motor Speedway,Bubba Wallace,23,9,4,41,0,Running,Toyota,8.5,8.5,0,0,0,0,1,6.79
2026,2026-03-15,March Las Vegas,Las Vegas Motor Speedway,Brad Keselowski,6,10,28,27,4,Running,Ford,17.5,17.5,0,0,0,0,0,14.73
2026,2026-03-15,March Las Vegas,Las Vegas Motor Speedway,Ryan Preece,60,11,8,33,0,Running,Ford,15.5,15.5,0,0,0,0,0,9.55
2026,2026-03-15,March Las Vegas,Las Vegas Motor Speedway,Austin Dillon,3,12,11,25,0,Running,Chevrolet,17.5,17.5,0,0,0,0,0,15.87
2026,2026-03-15,March Las Vegas,Las Vegas Motor Speedway,Tyler Reddick,45,13,7,30,0,Running,Toyota,4.5,4.5,0,0,1,1,2,7.28
2026,2026-03-15,March Las Vegas,Las Vegas Motor Speedway,Zane Smith,38,14,12,23,0,Running,Chevrolet,30.0,30.0,0,0,0,0,0,12.79
2026,2026-03-15,March Las Vegas,Las Vegas Motor Speedway,Joey Logano,22,15,21,22,3,Running,Ford,23.0,23.0,0,0,0,0,0,15.32
2026,2026-03-15,March Las Vegas,Las Vegas Motor Speedway,Ryan Blaney,12,16,6,23,5,Running,Ford,4.5,4.5,0,0,1,1,2,11.37
2026,2026-03-15,March Las Vegas,Las Vegas Motor Speedway,Ross Chastain,1,17,17,20,0,Running,Chevrolet,31.5,31.5,0,0,0,0,0,17.34
2026,2026-03-15,March Las Vegas,Las Vegas Motor Speedway,Daniel Suarez,7,18,13,19,0,Running,Chevrolet,27.5,27.5,0,0,0,0,0,15.27
2026,2026-03-15,March Las Vegas,Las Vegas Motor Speedway,Austin Cindric,2,19,31,19,0,Running,Ford,33.0,33.0,0,0,0,0,0,15.97
2026,2026-03-15,March Las Vegas,Las Vegas Motor Speedway,Erik Jones,43,20,14,17,0,Running,Toyota,22.0,22.0,0,0,0,0,1,18.95
2026,2026-03-15,March Las Vegas,Las Vegas Motor Speedway,John Hunter Nemechek,42,21,26,16,0,Running,Chevrolet,21.0,21.0,0,0,0,0,0,24.87
2026,2026-03-15,March Las Vegas,Las Vegas Motor Speedway,Carson Hocevar,77,22,19,15,1,Running,Chevrolet,25.5,25.5,0,0,0,0,0,17.57
2026,2026-03-15,March Las Vegas,Las Vegas Motor Speedway,Riley Herbst,35,23,20,14,0,Running,Toyota,20.5,20.5,0,0,0,0,0,22.54
2026,2026-03-15,March Las Vegas,Las Vegas Motor Speedway,AJ Allmendinger,16,24,29,13,0,Running,Chevrolet,14.0,14.0,0,0,0,0,1,22.6
2026,2026-03-15,March Las Vegas,Las Vegas Motor Speedway,Justin Allgaier,48,25,22,0,0,Running,Chevrolet,20.0,20.0,0,0,0,0,0,31.45
2026,2026-03-15,March Las Vegas,Las Vegas Motor Speedway,Michael McDowell,71,26,30,11,0,Running,Ford,7.0,7.0,0,0,0,1,2,27.11
2026,2026-03-15,March Las Vegas,Las Vegas Motor Speedway,Cole Custer,41,27,35,10,1,Running,Chevrolet,32.0,32.0,0,0,0,0,0,29.76
2026,2026-03-15,March Las Vegas,Las Vegas Motor Speedway,Kyle Busch,8,28,24,9,0,Running,Chevrolet,14.5,14.5,0,0,0,0,0,25.42
2026,2026-03-15,March Las Vegas,Las Vegas Motor Speedway,Ricky Stenhouse Jr,47,29,23,8,0,Running,Chevrolet,25.0,25.0,0,0,0,0,0,27.55
2026,2026-03-15,March Las Vegas,Las Vegas Motor Speedway,Noah Gragson,4,30,34,7,0,Running,Chevrolet,29.0,29.0,0,0,0,0,0,28.69
2026,2026-03-15,March Las Vegas,Las Vegas Motor Speedway,Josh Berry,21,31,32,6,0,Running,Ford,29.0,29.0,0,0,0,0,0,29.67
2026,2026-03-15,March Las Vegas,Las Vegas Motor Speedway,Connor Zilisch,88,32,25,5,0,Running,Chevrolet,14.0,14.0,0,0,0,0,0,27.7
2026,2026-03-15,March Las Vegas,Las Vegas Motor Speedway,Ty Dillon,10,33,36,4,0,Running,Chevrolet,21.0,21.0,0,0,0,0,0,31.4
2026,2026-03-15,March Las Vegas,Las Vegas Motor Speedway,Todd Gilliland,34,34,27,3,0,Running,Ford,16.5,16.5,0,0,0,0,0,32.0
2026,2026-03-15,March Las Vegas,Las Vegas Motor Speedway,Cody Ware,51,35,33,2,0,Running,Ford,27.0,27.0,0,0,0,0,0,32.64
2026,2026-03-15,March Las Vegas,Las Vegas Motor Speedway,Shane van Gisbergen,97,36,16,1,0,Running,Chevrolet,6.5,6.5,0,0,0,1,1,33.01
2022,2022-04-09,April Martinsville,Martinsville Speedway,AJ Allmendinger,16,24,36,200,0,Running,Chevrolet,26.67,15.0,0,0,0,0,0,29.0
2022,2022-04-09,April Martinsville,Martinsville Speedway,Alex Bowman,48,12,15,200,0,Running,Chevrolet,7.0,15.0,0,0,1,2,4,14.0
2022,2022-04-09,April Martinsville,Martinsville Speedway,Aric Almirola,10,8,2,200,0,Running,Ford,16.0,15.0,0,0,0,1,3,6.0
2022,2022-04-09,April Martinsville,Martinsville Speedway,Austin Cindric,2,11,13,200,0,Running,Ford,20.6,15.0,0,0,1,1,2,10.0
2022,2022-04-09,April Martinsville,Martinsville Speedway,Austin Dillon,3,3,23,200,1,Running,Chevrolet,17.4,15.0,0,0,0,1,3,8.0
2022,2022-04-09,April Martinsville,Martinsville Speedway,BJ McLeod,78,36,33,200,0,Running,Chevrolet,27.2,15.0,0,0,0,0,0,36.0
2022,2022-04-09,April Martinsville,Martinsville Speedway,Brad Keselowski,6,17,9,200,0,Running,Ford,17.2,15.0,0,0,0,0,1,17.0
2022,2022-04-09,April Martinsville,Martinsville Speedway,Bubba Wallace,23,16,21,200,0,Running,Toyota,24.8,15.0,0,0,0,1,1,18.0
2022,2022-04-09,April Martinsville,Martinsville Speedway,Chase Briscoe,14,9,19,200,0,Running,Ford,18.4,15.0,0,0,1,2,2,14.0
2022,2022-04-09,April Martinsville,Martinsville Speedway,Chase Elliott,9,10,1,200,185,Running,Chevrolet,8.8,15.0,0,0,0,1,4,4.0
2022,2022-04-09,April Martinsville,Martinsville Speedway,Chris Buescher,17,15,4,200,0,Running,Ford,14.2,15.0,0,0,0,0,2,15.0
2022,2022-04-09,April Martinsville,Martinsville Speedway,Christopher Bell,20,20,7,200,0,Running,Toyota,13.6,15.0,0,0,0,1,3,10.0
2022,2022-04-09,April Martinsville,Martinsville Speedway,Cody Ware,51,33,35,200,0,Running,Ford,29.2,15.0,0,0,0,0,0,33.0
2022,2022-04-09,April Martinsville,Martinsville Speedway,Cole Custer,41,21,3,200,0,Running,Ford,25.6,15.0,0,0,0,0,0,13.0
2022,2022-04-09,April Martinsville,Martinsville Speedway,Corey LaJoie,7,32,26,200,0,Running,Chevrolet,24.6,15.0,0,0,0,1,1,31.0
2022,2022-04-09,April Martinsville,Martinsville Speedway,Daniel Suarez,99,29,30,200,0,Running,Chevrolet,18.0,15.0,0,0,0,2,3,29.0
2022,2022-04-09,April Martinsville,Martinsville Speedway,Denny Hamlin,11,28,25,200,0,Running,Toyota,18.6,15.0,0,0,1,1,1,25.0
2022,2022-04-09,April Martinsville,Martinsville Speedway,Erik Jones,43,13,24,200,0,Running,Chevrolet,20.4,15.0,0,0,0,1,2,21.0
2022,2022-04-09,April Martinsville,Martinsville Speedway,Harrison Burton,21,26,29,200,0,Running,Ford,21.0,15.0,0,0,0,0,0,27.0
2022,2022-04-09,April Martinsville,Martinsville Speedway,JJ Yeley,15,34,32,200,0,Running,Chevrolet,33.0,15.0,0,0,0,0,0,34.0
2022,2022-04-09,April Martinsville,Martinsville Speedway,Joey Logano,22,2,14,200,0,Running,Ford,15.8,15.0,0,0,0,1,3,5.0
2022,2022-04-09,April Martinsville,Martinsville Speedway,Josh Bilicki,77,35,31,200,0,Running,Chevrolet,24.25,15.0,0,0,0,0,0,34.0
2022,2022-04-09,April Martinsville,Martinsville Speedway,Justin Haley,31,31,17,200,0,Running,Chevrolet,17.8,15.0,0,0,0,0,0,29.0
2022,2022-04-09,April Martinsville,Martinsville Speedway,Kevin Harvick,4,14,6,200,0,Running,Ford,10.4,15.0,0,0,0,1,3,11.0
2022,2022-04-09,April Martinsville,Martinsville Speedway,Kurt Busch,45,6,18,200,0,Running,Toyota,17.6,15.0,0,0,0,2,3,10.0
2022,2022-04-09,April Martinsville,Martinsville Speedway,Kyle Busch,18,7,11,200,0,Running,Toyota,16.2,15.0,0,0,0,1,4,12.0
2022,2022-04-09,April Martinsville,Martinsville Speedway,Kyle Larson,5,19,8,200,0,Running,Chevrolet,20.0,15.0,0,0,1,3,3,13.0
2022,2022-04-09,April Martinsville,Martinsville Speedway,Martin Truex Jr,19,22,20,200,0,Running,Toyota,12.4,15.0,0,0,0,1,4,19.0
2022,2022-04-09,April Martinsville,Martinsville Speedway,Michael McDowell,34,25,16,200,0,Running,Ford,24.2,15.0,0,0,0,0,1,24.0
2022,2022-04-09,April Martinsville,Martinsville Speedway,Ricky Stenhouse Jr,47,27,28,200,0,Running,Chevrolet,29.0,15.0,0,0,0,0,1,27.0
2022,2022-04-09,April Martinsville,Martinsville Speedway,Ross Chastain,1,5,27,200,0,Running,Chevrolet,5.4,15.0,0,0,1,4,4,14.0
2022,2022-04-09,April Martinsville,Martinsville Speedway,Ryan Blaney,12,4,12,200,5,Running,Ford,14.0,15.0,0,0,0,2,4,6.0
2022,2022-04-09,April Martinsville,Martinsville Speedway,Todd Gilliland,38,30,10,200,0,Running,Ford,22.0,15.0,0,0,0,0,0,21.0
2022,2022-04-09,April Martinsville,Martinsville Speedway,Ty Dillon,42,23,34,200,0,Running,Chevrolet,23.0,15.0,0,0,0,0,0,28.0
2022,2022-04-09,April Martinsville,Martinsville Speedway,Tyler Reddick,8,18,22,200,0,Running,Toyota,11.0,15.0,0,0,0,2,3,17.0
2022,2022-04-09,April Martinsville,Martinsville Speedway,William Byron,24,1,5,200,212,Running,Chevrolet,7.8,15.0,0,0,1,3,3,2.0
2022,2022-10-30,October Martinsville,Martinsville Speedway,AJ Allmendinger,16,23,21,200,0,Running,Chevrolet,5.0,24.0,0,0,0,3,8,25.0
2022,2022-10-30,October Martinsville,Martinsville Speedway,Aric Almirola,10,15,15,200,0,Running,Ford,18.4,8.0,0,0,0,2,7,12.0
2022,2022-10-30,October Martinsville,Martinsville Speedway,Austin Cindric,2,26,30,200,0,Running,Ford,18.6,11.0,0,0,1,5,9,28.0
2022,2022-10-30,October Martinsville,Martinsville Speedway,Austin Dillon,3,33,16,200,0,Running,Chevrolet,10.8,3.0,0,0,1,5,11,24.0
2022,2022-10-30,October Martinsville,Martinsville Speedway,BJ McLeod,78,34,34,200,0,Running,Chevrolet,29.2,36.0,0,0,0,0,1,35.0
2022,2022-10-30,October Martinsville,Martinsville Speedway,Brad Keselowski,6,36,6,200,0,Running,Ford,13.6,17.0,0,0,0,1,6,7.0
2022,2022-10-30,October Martinsville,Martinsville Speedway,Bubba Wallace,45,8,24,200,0,Running,Toyota,22.6,16.0,0,0,1,5,9,13.0
2022,2022-10-30,October Martinsville,Martinsville Speedway,Chase Briscoe,14,9,3,200,25,Running,Ford,12.8,9.0,0,0,1,5,8,12.0
2022,2022-10-30,October Martinsville,Martinsville Speedway,Chase Elliott,9,10,2,200,54,Running,Chevrolet,17.6,10.0,0,1,5,12,19,3.0
2022,2022-10-30,October Martinsville,Martinsville Speedway,Chris Buescher,17,24,22,200,0,Running,Ford,17.8,15.0,0,0,1,3,10,24.0
2022,2022-10-30,October Martinsville,Martinsville Speedway,Christopher Bell,20,1,20,200,150,Running,Toyota,19.4,20.0,0,0,2,11,18,6.0
2022,2022-10-30,October Martinsville,Martinsville Speedway,Cody Ware,51,28,36,200,0,Running,Ford,28.6,33.0,0,0,0,0,1,31.0
2022,2022-10-30,October Martinsville,Martinsville Speedway,Cole Custer,41,14,5,200,0,Running,Ford,24.8,21.0,0,0,0,0,3,5.0
2022,2022-10-30,October Martinsville,Martinsville Speedway,Corey LaJoie,7,21,14,200,0,Running,Chevrolet,21.6,32.0,0,0,0,1,1,19.0
2022,2022-10-30,October Martinsville,Martinsville Speedway,Daniel Suarez,99,12,7,200,0,Running,Chevrolet,16.4,29.0,0,0,1,6,13,9.0
2022,2022-10-30,October Martinsville,Martinsville Speedway,Denny Hamlin,11,5,11,200,203,Running,Toyota,8.0,28.0,0,0,2,9,14,4.0
2022,2022-10-30,October Martinsville,Martinsville Speedway,Erik Jones,43,18,23,200,0,Running,Chevrolet,12.2,13.0,0,0,1,3,13,23.0
2022,2022-10-30,October Martinsville,Martinsville Speedway,Harrison Burton,21,11,10,200,0,Running,Ford,25.6,26.0,0,0,0,1,2,14.0
2022,2022-10-30,October Martinsville,Martinsville Speedway,JJ Yeley,15,30,35,200,0,Running,Chevrolet,29.8,34.0,0,0,0,0,0,34.0
2022,2022-10-30,October Martinsville,Martinsville Speedway,Joey Logano,22,6,12,200,0,Running,Ford,13.2,2.0,0,0,3,10,15,10.0
2022,2022-10-30,October Martinsville,Martinsville Speedway,Justin Haley,31,27,29,200,0,Running,Chevrolet,13.0,31.0,0,0,0,3,4,28.0
2022,2022-10-30,October Martinsville,Martinsville Speedway,Kevin Harvick,4,16,8,200,0,Running,Ford,14.0,14.0,0,0,2,8,16,12.0
2022,2022-10-30,October Martinsville,Martinsville Speedway,Kyle Busch,18,29,18,200,0,Running,Toyota,14.2,7.0,0,0,1,8,16,31.0
2022,2022-10-30,October Martinsville,Martinsville Speedway,Kyle Larson,5,2,1,200,68,Running,Chevrolet,19.6,19.0,0,0,3,12,17,4.0
2022,2022-10-30,October Martinsville,Martinsville Speedway,Landon Cassill,77,32,33,200,0,Running,Chevrolet,23.2,15.0,0,0,0,1,1,30.0
2022,2022-10-30,October Martinsville,Martinsville Speedway,Martin Truex Jr,19,20,27,200,0,Running,Toyota,17.4,22.0,0,0,0,4,15,22.0
2022,2022-10-30,October Martinsville,Martinsville Speedway,Michael McDowell,34,17,13,200,0,Running,Ford,15.2,25.0,0,0,0,2,12,16.0
2022,2022-10-30,October Martinsville,Martinsville Speedway,Noah Gragson,48,25,17,200,0,Running,Chevrolet,19.8,15.0,0,0,0,1,1,24.0
2022,2022-10-30,October Martinsville,Martinsville Speedway,Ricky Stenhouse Jr,47,22,31,200,0,Running,Chevrolet,21.2,27.0,0,0,0,1,5,25.0
2022,2022-10-30,October Martinsville,Martinsville Speedway,Ross Chastain,1,4,9,200,0,Running,Chevrolet,11.6,5.0,0,0,2,13,19,10.0
2022,2022-10-30,October Martinsville,Martinsville Speedway,Ryan Blaney,12,3,4,200,0,Running,Ford,15.4,4.0,0,0,0,10,15,5.0
2022,2022-10-30,October Martinsville,Martinsville Speedway,Todd Gilliland,38,13,19,200,0,Running,Ford,24.2,30.0,0,0,0,1,2,17.0
2022,2022-10-30,October Martinsville,Martinsville Speedway,Ty Dillon,42,31,32,200,0,Running,Chevrolet,24.6,23.0,0,0,0,0,1,32.0
2022,2022-10-30,October Martinsville,Martinsville Speedway,Ty Gibbs,23,19,26,200,0,Running,Toyota,24.6,15.0,0,0,0,0,1,24.0
2022,2022-10-30,October Martinsville,Martinsville Speedway,Tyler Reddick,8,35,28,200,0,Running,Toyota,15.6,18.0,0,0,3,10,15,33.0
2022,2022-10-30,October Martinsville,Martinsville Speedway,William Byron,24,7,25,200,0,Running,Chevrolet,12.0,1.0,1,0,2,5,9,16.0
2023,2023-04-16,April Martinsville,Martinsville Speedway,AJ Allmendinger,16,27,14,200,0,Running,Chevrolet,22.6,23.5,0,0,0,0,1,19.4
2023,2023-04-16,April Martinsville,Martinsville Speedway,Alex Bowman,48,11,23,200,0,Running,Chevrolet,12.6,12.0,0,0,0,3,6,12.3
2023,2023-04-16,April Martinsville,Martinsville Speedway,Anthony Alfredo,78,35,30,200,0,Running,Chevrolet,33.0,15.0,0,0,0,0,0,35.2
2023,2023-04-16,April Martinsville,Martinsville Speedway,Aric Almirola,10,6,3,200,0,Running,Ford,27.4,11.5,0,0,0,0,0,4.8
2023,2023-04-16,April Martinsville,Martinsville Speedway,Austin Cindric,2,33,25,200,0,Running,Ford,17.8,18.5,0,0,0,0,2,32.9
2023,2023-04-16,April Martinsville,Martinsville Speedway,Austin Dillon,3,12,18,200,0,Running,Chevrolet,19.4,18.0,0,0,0,1,2,19.2
2023,2023-04-16,April Martinsville,Martinsville Speedway,Brad Keselowski,6,24,21,200,7,Running,Ford,16.4,26.5,0,0,0,1,3,13.1
2023,2023-04-16,April Martinsville,Martinsville Speedway,Bubba Wallace,23,9,9,200,0,Running,Toyota,22.4,12.0,0,0,0,1,1,14.1
2023,2023-04-16,April Martinsville,Martinsville Speedway,Chase Briscoe,14,5,4,200,109,Running,Ford,12.6,9.0,0,0,0,1,2,4.8
2023,2023-04-16,April Martinsville,Martinsville Speedway,Chase Elliott,9,10,24,200,0,Running,Chevrolet,18.4,10.0,0,1,0,1,1,22
2023,2023-04-16,April Martinsville,Martinsville Speedway,Chris Buescher,17,14,10,200,0,Running,Ford,21.2,19.5,0,0,0,1,2,20.9
2023,2023-04-16,April Martinsville,Martinsville Speedway,Christopher Bell,20,16,22,200,0,Running,Toyota,9.0,10.5,1,0,1,5,6,16.2
2023,2023-04-16,April Martinsville,Martinsville Speedway,Corey LaJoie,7,26,27,200,0,Running,Chevrolet,18.4,26.5,0,0,0,1,1,23.2
2023,2023-04-16,April Martinsville,Martinsville Speedway,Daniel Suarez,99,17,2,200,7,Running,Chevrolet,25.2,20.5,0,0,0,1,3,6.2
2023,2023-04-16,April Martinsville,Martinsville Speedway,Denny Hamlin,11,4,11,200,36,Running,Toyota,17.4,16.5,0,0,0,0,2,5.6
2023,2023-04-16,April Martinsville,Martinsville Speedway,Erik Jones,43,31,28,200,0,Running,Chevrolet,19.4,15.5,0,0,0,0,1,27.7
2023,2023-04-16,April Martinsville,Martinsville Speedway,Harrison Burton,21,29,32,200,0,Running,Ford,25.0,18.5,0,0,0,0,0,29.2
2023,2023-04-16,April Martinsville,Martinsville Speedway,JJ Yeley,15,36,36,200,0,Running,Chevrolet,27.6,32.0,0,0,0,0,0,35.7
2023,2023-04-16,April Martinsville,Martinsville Speedway,Joey Logano,22,2,15,200,25,Running,Ford,16.8,4.0,0,0,1,2,4,21
2023,2023-04-16,April Martinsville,Martinsville Speedway,Justin Haley,31,28,26,200,0,Running,Chevrolet,20.6,29.0,0,0,0,0,2,23.2
2023,2023-04-16,April Martinsville,Martinsville Speedway,Kevin Harvick,4,20,7,200,20,Running,Ford,13.0,15.0,0,0,0,3,5,6.5
2023,2023-04-16,April Martinsville,Martinsville Speedway,Kyle Busch,8,21,17,200,0,Running,Chevrolet,13.2,18.0,0,0,1,2,4,23
2023,2023-04-16,April Martinsville,Martinsville Speedway,Kyle Larson,5,1,19,200,30,Running,Chevrolet,17.0,10.5,0,1,1,3,3,7
2023,2023-04-16,April Martinsville,Martinsville Speedway,Martin Truex Jr,19,3,5,200,0,Running,Toyota,14.2,21.0,0,0,0,0,2,16.7
2023,2023-04-16,April Martinsville,Martinsville Speedway,Michael McDowell,34,19,20,200,0,Running,Ford,12.6,21.0,0,0,0,0,1,21.8
2023,2023-04-16,April Martinsville,Martinsville Speedway,Noah Gragson,42,30,29,200,0,Running,Chevrolet,26.2,25.0,0,0,0,0,0,26.3
2023,2023-04-16,April Martinsville,Martinsville Speedway,Ricky Stenhouse Jr,47,8,16,200,0,Running,Chevrolet,16.4,24.5,0,0,1,2,3,16.7
2023,2023-04-16,April Martinsville,Martinsville Speedway,Ross Chastain,1,13,34,200,31,Running,Chevrolet,14.4,4.5,0,0,0,3,4,16.8
2023,2023-04-16,April Martinsville,Martinsville Speedway,Ryan Blaney,12,7,31,200,0,Running,Ford,15.8,3.5,0,0,0,1,3,14.2
2023,2023-04-16,April Martinsville,Martinsville Speedway,Ryan Preece,41,15,1,200,135,Running,Ford,22.8,15.0,0,0,0,0,0,13.6
2023,2023-04-16,April Martinsville,Martinsville Speedway,Todd Gilliland,38,25,13,200,0,Running,Ford,16.0,21.5,0,0,0,0,2,12.6
2023,2023-04-16,April Martinsville,Martinsville Speedway,Ty Dillon,77,32,35,200,0,Running,Chevrolet,29.0,27.0,0,0,0,0,0,32.9
2023,2023-04-16,April Martinsville,Martinsville Speedway,Ty Gibbs,54,18,12,200,0,Running,Toyota,13.0,19.0,0,0,0,0,4,17.2
2023,2023-04-16,April Martinsville,Martinsville Speedway,Tyler Reddick,45,22,6,200,0,Running,Toyota,5.4,26.5,0,0,1,4,4,7.8
2023,2023-04-16,April Martinsville,Martinsville Speedway,William Byron,24,23,8,200,0,Running,Chevrolet,15.0,4.0,1,0,2,3,3,15.6
2023,2023-04-16,April Martinsville,Martinsville Speedway,Zane Smith,51,34,33,200,0,Running,Chevrolet,20.33,15.0,0,0,0,0,0,30.8
2023,2023-10-29,October Martinsville,Martinsville Speedway,AJ Allmendinger,16,28,25,200,0,Running,Chevrolet,15.2,24.67,0,0,1,4,7,28.97
2023,2023-10-29,October Martinsville,Martinsville Speedway,Alex Bowman,48,32,22,200,0,Running,Chevrolet,20.4,11.5,0,0,0,4,10,31.17
2023,2023-10-29,October Martinsville,Martinsville Speedway,Aric Almirola,10,2,12,200,66,Running,Ford,15.8,9.67,0,0,0,1,4,8.67
2023,2023-10-29,October Martinsville,Martinsville Speedway,Austin Cindric,2,9,21,200,0,Running,Ford,18.4,23.33,0,0,0,1,4,14.29
2023,2023-10-29,October Martinsville,Martinsville Speedway,Austin Dillon,3,23,26,200,0,Running,Chevrolet,22.2,16.0,0,0,0,1,7,23.06
2023,2023-10-29,October Martinsville,Martinsville Speedway,BJ McLeod,78,36,36,200,0,Running,Chevrolet,29.8,35.0,0,0,0,0,0,35.86
2023,2023-10-29,October Martinsville,Martinsville Speedway,Brad Keselowski,6,33,10,200,0,Running,Ford,17.8,25.67,0,0,0,7,16,19.94
2023,2023-10-29,October Martinsville,Martinsville Speedway,Bubba Wallace,23,11,6,200,0,Running,Toyota,12.2,11.0,0,0,0,5,9,13.88
2023,2023-10-29,October Martinsville,Martinsville Speedway,Carson Hocevar,42,31,32,200,0,Running,Chevrolet,23.6,15.0,0,0,0,0,0,32.57
2023,2023-10-29,October Martinsville,Martinsville Speedway,Chase Briscoe,14,4,3,200,0,Running,Ford,20.2,7.67,0,0,0,3,7,6.36
2023,2023-10-29,October Martinsville,Martinsville Speedway,Chase Elliott,9,17,14,200,83,Running,Chevrolet,14.8,10.0,0,1,0,7,15,9.31
2023,2023-10-29,October Martinsville,Martinsville Speedway,Chris Buescher,17,8,18,200,0,Running,Ford,14.4,17.67,0,0,3,8,15,13.12
2023,2023-10-29,October Martinsville,Martinsville Speedway,Christopher Bell,20,7,7,200,0,Running,Toyota,7.2,12.33,1,0,2,10,18,8.27
2023,2023-10-29,October Martinsville,Martinsville Speedway,Corey LaJoie,7,22,30,200,3,Running,Chevrolet,17.2,26.33,0,0,0,2,3,17.94
2023,2023-10-29,October Martinsville,Martinsville Speedway,Daniel Suarez,99,34,27,200,0,Running,Chevrolet,16.4,19.33,0,0,0,3,10,26.47
2023,2023-10-29,October Martinsville,Martinsville Speedway,Denny Hamlin,11,3,4,200,156,Running,Toyota,17.0,12.33,0,0,3,13,17,3.26
2023,2023-10-29,October Martinsville,Martinsville Speedway,Erik Jones,43,21,29,200,0,Running,Chevrolet,26.8,20.67,0,0,0,1,7,18.92
2023,2023-10-29,October Martinsville,Martinsville Speedway,Harrison Burton,21,15,28,200,0,Running,Ford,26.2,22.0,0,0,0,0,2,25.12
2023,2023-10-29,October Martinsville,Martinsville Speedway,JJ Yeley,15,35,35,200,0,Running,Chevrolet,31.2,33.33,0,0,0,0,1,33.39
2023,2023-10-29,October Martinsville,Martinsville Speedway,Joey Logano,22,5,15,200,0,Running,Ford,14.0,3.33,0,0,1,10,16,9.16
2023,2023-10-29,October Martinsville,Martinsville Speedway,Justin Haley,31,30,24,200,0,Running,Chevrolet,17.2,28.67,0,0,0,1,6,29.51
2023,2023-10-29,October Martinsville,Martinsville Speedway,Kevin Harvick,4,16,8,200,0,Running,Ford,18.0,16.67,0,0,0,6,13,13.09
2023,2023-10-29,October Martinsville,Martinsville Speedway,Kyle Busch,8,27,31,200,0,Running,Chevrolet,16.6,19.0,0,0,3,10,17,28.71
2023,2023-10-29,October Martinsville,Martinsville Speedway,Kyle Larson,5,6,5,200,0,Running,Chevrolet,18.8,7.33,1,1,4,14,16,10.04
2023,2023-10-29,October Martinsville,Martinsville Speedway,Martin Truex Jr,19,12,1,200,47,Running,Toyota,18.6,15.0,0,0,3,9,16,11.98
2023,2023-10-29,October Martinsville,Martinsville Speedway,Michael McDowell,34,25,23,200,0,Running,Ford,21.4,20.33,0,0,1,2,7,19.91
2023,2023-10-29,October Martinsville,Martinsville Speedway,Ricky Stenhouse Jr,47,19,20,200,0,Running,Chevrolet,23.4,19.0,0,0,1,2,9,20.92
2023,2023-10-29,October Martinsville,Martinsville Speedway,Ross Chastain,1,14,13,200,0,Running,Chevrolet,17.0,7.33,0,0,1,9,13,16.52
2023,2023-10-29,October Martinsville,Martinsville Speedway,Ryan Blaney,12,1,11,200,145,Running,Ford,9.8,4.67,0,0,2,6,16,4.42
2023,2023-10-29,October Martinsville,Martinsville Speedway,Ryan Newman,51,29,33,200,0,Running,Ford,29.6,15.0,0,0,0,0,0,30.96
2023,2023-10-29,October Martinsville,Martinsville Speedway,Ryan Preece,41,20,9,200,0,Running,Ford,16.2,15.0,0,1,0,1,2,11.1
2023,2023-10-29,October Martinsville,Martinsville Speedway,Todd Gilliland,38,10,17,200,0,Running,Ford,24.4,22.67,0,0,0,0,3,13.22
2023,2023-10-29,October Martinsville,Martinsville Speedway,Ty Dillon,77,24,34,200,0,Running,Chevrolet,25.0,28.67,0,0,0,0,0,26.25
2023,2023-10-29,October Martinsville,Martinsville Speedway,Ty Gibbs,54,18,2,200,0,Running,Toyota,22.4,18.5,0,0,0,4,10,13.34
2023,2023-10-29,October Martinsville,Martinsville Speedway,Tyler Reddick,45,26,19,200,0,Running,Toyota,11.6,25.0,0,0,2,10,16,18.91
2023,2023-10-29,October Martinsville,Martinsville Speedway,William Byron,24,13,16,200,0,Running,Chevrolet,3.2,10.33,1,0,6,14,20,17.39
2024,2024-04-07,April Martinsville,Martinsville Speedway,Alex Bowman,48,8,10,200,0,Running,Chevrolet,12.6,18.33,0,0,0,3,3,7.74
2024,2024-04-07,April Martinsville,Martinsville Speedway,Austin Cindric,2,23,14,200,6,Running,Ford,27.4,19.75,0,0,0,1,1,15.6
2024,2024-04-07,April Martinsville,Martinsville Speedway,Austin Dillon,3,34,28,200,0,Running,Chevrolet,24.2,17.75,0,0,0,0,0,33.05
2024,2024-04-07,April Martinsville,Martinsville Speedway,Brad Keselowski,6,24,13,200,0,Running,Ford,12.2,27.5,0,0,0,2,3,20.53
2024,2024-04-07,April Martinsville,Martinsville Speedway,Bubba Wallace,23,4,2,200,0,Running,Toyota,21.6,11.0,0,0,0,2,2,3.79
2024,2024-04-07,April Martinsville,Martinsville Speedway,Carson Hocevar,77,17,25,200,0,Running,Chevrolet,21.2,31.0,0,0,0,0,0,19.38
2024,2024-04-07,April Martinsville,Martinsville Speedway,Chase Briscoe,14,10,5,200,8,Running,Ford,14.8,6.75,0,0,0,0,2,7.63
2024,2024-04-07,April Martinsville,Martinsville Speedway,Chase Elliott,9,3,3,200,64,Running,Chevrolet,12.0,11.75,0,1,0,1,2,3.15
2024,2024-04-07,April Martinsville,Martinsville Speedway,Chris Buescher,17,15,30,200,0,Running,Ford,12.6,15.25,0,0,0,1,5,21.43
2024,2024-04-07,April Martinsville,Martinsville Speedway,Christopher Bell,20,35,20,200,0,Running,Toyota,10.4,11.0,1,0,1,3,5,31.92
2024,2024-04-07,April Martinsville,Martinsville Speedway,Corey LaJoie,7,32,32,200,0,Running,Chevrolet,29.2,25.25,0,0,0,1,1,33.07
2024,2024-04-07,April Martinsville,Martinsville Speedway,Daniel Hemric,31,28,36,200,0,Running,Chevrolet,28.4,15.0,0,0,0,0,0,28.4
2024,2024-04-07,April Martinsville,Martinsville Speedway,Daniel Suarez,99,22,21,200,13,Running,Chevrolet,19.0,23.0,0,0,1,1,1,19.15
2024,2024-04-07,April Martinsville,Martinsville Speedway,David Starr,66,37,37,200,0,Running,Chevrolet,15.0,15.0,0,0,0,0,0,36.99
2024,2024-04-07,April Martinsville,Martinsville Speedway,Denny Hamlin,11,11,8,200,66,Running,Toyota,7.0,10.0,0,0,2,2,3,4.36
2024,2024-04-07,April Martinsville,Martinsville Speedway,Erik Jones,43,12,17,200,0,Running,Toyota,22.2,20.75,0,0,0,0,1,16.46
2024,2024-04-07,April Martinsville,Martinsville Speedway,Harrison Burton,21,33,34,200,0,Running,Ford,30.6,20.25,0,0,0,0,0,32.35
2024,2024-04-07,April Martinsville,Martinsville Speedway,Joey Logano,22,6,6,200,84,Running,Ford,15.6,3.75,0,0,0,1,2,5.97
2024,2024-04-07,April Martinsville,Martinsville Speedway,John Hunter Nemechek,42,36,29,200,0,Running,Toyota,19.8,15.0,0,0,0,0,2,30.57
2024,2024-04-07,April Martinsville,Martinsville Speedway,Josh Berry,4,25,7,200,0,Running,Ford,20.8,15.0,0,0,0,0,0,16.77
2024,2024-04-07,April Martinsville,Martinsville Speedway,Josh Williams,16,27,33,200,0,Running,Chevrolet,29.5,15.0,0,0,0,0,0,30.34
2024,2024-04-07,April Martinsville,Martinsville Speedway,Justin Haley,51,30,27,200,0,Running,Chevrolet,27.8,29.0,0,0,0,0,0,31.72
2024,2024-04-07,April Martinsville,Martinsville Speedway,Kaz Grala,15,26,31,200,0,Running,Chevrolet,27.6,15.0,0,0,0,0,0,26.47
2024,2024-04-07,April Martinsville,Martinsville Speedway,Kyle Busch,8,16,11,200,0,Running,Chevrolet,20.4,21.0,0,0,0,1,2,16.33
2024,2024-04-07,April Martinsville,Martinsville Speedway,Kyle Larson,5,2,1,200,86,Running,Chevrolet,8.0,7.0,1,1,1,3,3,3.5
2024,2024-04-07,April Martinsville,Martinsville Speedway,Martin Truex Jr,19,18,4,200,0,Running,Toyota,6.0,14.25,0,1,0,2,5,13.63
2024,2024-04-07,April Martinsville,Martinsville Speedway,Michael McDowell,34,21,35,200,0,Running,Ford,21.6,21.5,0,0,0,0,2,26.96
2024,2024-04-07,April Martinsville,Martinsville Speedway,Noah Gragson,10,20,26,200,0,Running,Ford,19.6,27.5,0,0,0,0,2,21.78
2024,2024-04-07,April Martinsville,Martinsville Speedway,Ricky Stenhouse Jr,47,29,23,200,0,Running,Chevrolet,26.4,19.0,0,0,0,0,1,23.61
2024,2024-04-07,April Martinsville,Martinsville Speedway,Ross Chastain,1,14,12,200,0,Running,Chevrolet,9.4,9.0,0,0,0,1,4,12.71
2024,2024-04-07,April Martinsville,Martinsville Speedway,Ryan Blaney,12,5,9,200,0,Running,Ford,11.0,3.75,1,0,0,3,3,12.21
2024,2024-04-07,April Martinsville,Martinsville Speedway,Ryan Preece,41,9,22,200,0,Running,Ford,22.2,17.5,0,1,0,0,0,15.31
2024,2024-04-07,April Martinsville,Martinsville Speedway,Todd Gilliland,38,13,16,200,0,Running,Ford,22.8,19.5,0,0,0,0,0,13.87
2024,2024-04-07,April Martinsville,Martinsville Speedway,Ty Gibbs,54,19,15,200,0,Running,Toyota,7.2,18.33,0,0,0,3,5,18.78
2024,2024-04-07,April Martinsville,Martinsville Speedway,Tyler Reddick,45,7,19,200,0,Running,Toyota,11.4,25.25,0,0,0,2,4,13.26
2024,2024-04-07,April Martinsville,Martinsville Speedway,William Byron,24,1,18,200,88,Running,Chevrolet,14.2,11.0,1,0,2,2,4,6.35
2024,2024-04-07,April Martinsville,Martinsville Speedway,Zane Smith,71,31,24,200,0,Running,Chevrolet,31.0,34.0,0,0,0,0,0,27.89
2024,2024-11-03,November Martinsville,Martinsville Speedway,Alex Bowman,48,13,7,200,0,Running,Chevrolet,14.4,15.75,0,0,1,8,17,9.0
2024,2024-11-03,November Martinsville,Martinsville Speedway,Austin Cindric,2,4,24,200,0,Running,Ford,26.2,20.4,0,0,1,3,6,18.0
2024,2024-11-03,November Martinsville,Martinsville Speedway,Austin Dillon,3,7,10,200,0,Running,Chevrolet,22.8,21.0,0,0,1,1,4,9.0
2024,2024-11-03,November Martinsville,Martinsville Speedway,Brad Keselowski,6,9,18,200,170,Running,Ford,20.0,26.8,0,0,1,9,13,7.0
2024,2024-11-03,November Martinsville,Martinsville Speedway,Bubba Wallace,23,18,19,200,6,Running,Toyota,13.0,9.6,0,0,0,6,13,19.0
2024,2024-11-03,November Martinsville,Martinsville Speedway,Carson Hocevar,77,25,27,200,0,Running,Chevrolet,18.0,24.0,0,0,0,1,6,23.0
2024,2024-11-03,November Martinsville,Martinsville Speedway,Chase Briscoe,14,15,4,200,0,Running,Ford,25.6,7.4,0,0,1,3,9,8.0
2024,2024-11-03,November Martinsville,Martinsville Speedway,Chase Elliott,9,2,2,200,129,Running,Chevrolet,16.2,10.0,0,1,1,10,17,6.0
2024,2024-11-03,November Martinsville,Martinsville Speedway,Chris Buescher,17,30,26,200,0,Running,Ford,14.0,15.2,0,0,1,6,14,32.0
2024,2024-11-03,November Martinsville,Martinsville Speedway,Christopher Bell,20,22,16,200,0,Running,Toyota,4.2,15.8,1,0,3,14,22,17.0
2024,2024-11-03,November Martinsville,Martinsville Speedway,Corey LaJoie,51,35,34,200,0,Running,Chevrolet,23.8,26.6,0,0,0,1,3,35.0
2024,2024-11-03,November Martinsville,Martinsville Speedway,Daniel Hemric,31,17,15,200,0,Running,Chevrolet,26.0,28.0,0,0,0,0,4,20.0
2024,2024-11-03,November Martinsville,Martinsville Speedway,Daniel Suarez,99,23,20,200,0,Running,Chevrolet,17.6,22.8,0,0,1,4,8,23.0
2024,2024-11-03,November Martinsville,Martinsville Speedway,Denny Hamlin,11,5,37,200,0,Running,Toyota,8.6,10.2,0,0,3,11,17,11.0
2024,2024-11-03,November Martinsville,Martinsville Speedway,Erik Jones,43,19,21,200,0,Running,Toyota,24.0,19.0,0,0,0,1,2,22.0
2024,2024-11-03,November Martinsville,Martinsville Speedway,Harrison Burton,21,36,6,200,0,Running,Ford,23.2,22.8,0,0,1,1,2,22.0
2024,2024-11-03,November Martinsville,Martinsville Speedway,Joey Logano,22,10,12,200,0,Running,Ford,16.8,4.2,0,0,3,6,11,12.0
2024,2024-11-03,November Martinsville,Martinsville Speedway,John Hunter Nemechek,42,31,32,200,0,Running,Toyota,26.0,36.0,0,0,0,0,4,32.0
2024,2024-11-03,November Martinsville,Martinsville Speedway,Josh Berry,4,16,11,200,0,Running,Ford,26.2,25.0,0,0,0,2,4,16.0
2024,2024-11-03,November Martinsville,Martinsville Speedway,Josh Bilicki,66,37,35,200,0,Running,Chevrolet,30.4,35.0,0,0,0,0,0,37.0
2024,2024-11-03,November Martinsville,Martinsville Speedway,Justin Haley,7,29,30,200,0,Running,Chevrolet,23.4,29.2,0,0,0,0,3,27.0
2024,2024-11-03,November Martinsville,Martinsville Speedway,Kaz Grala,15,27,33,200,0,Running,Chevrolet,32.4,26.0,0,0,0,0,0,30.0
2024,2024-11-03,November Martinsville,Martinsville Speedway,Kyle Busch,8,28,23,200,0,Running,Chevrolet,19.0,20.0,0,0,0,5,10,23.0
2024,2024-11-03,November Martinsville,Martinsville Speedway,Kyle Larson,5,3,9,200,71,Running,Chevrolet,11.0,6.0,1,2,6,13,16,6.0
2024,2024-11-03,November Martinsville,Martinsville Speedway,Martin Truex Jr,19,24,1,200,41,Running,Toyota,12.8,15.0,0,1,0,5,11,20.0
2024,2024-11-03,November Martinsville,Martinsville Speedway,Michael McDowell,34,33,17,200,0,Running,Ford,23.0,21.4,0,0,0,2,7,22.0
2024,2024-11-03,November Martinsville,Martinsville Speedway,Noah Gragson,10,11,25,200,0,Running,Ford,22.2,25.0,0,0,0,1,7,15.0
2024,2024-11-03,November Martinsville,Martinsville Speedway,Ricky Stenhouse Jr,47,20,28,200,0,Running,Chevrolet,18.6,21.0,0,0,1,3,6,21.0
2024,2024-11-03,November Martinsville,Martinsville Speedway,Ross Chastain,1,8,22,200,0,Running,Chevrolet,21.8,10.0,0,0,1,6,13,13.0
2024,2024-11-03,November Martinsville,Martinsville Speedway,Ryan Blaney,12,1,14,200,32,Running,Ford,17.4,4.0,1,0,2,10,16,5.0
2024,2024-11-03,November Martinsville,Martinsville Speedway,Ryan Preece,41,14,8,200,0,Running,Ford,21.6,14.67,0,1,0,1,5,8.0
2024,2024-11-03,November Martinsville,Martinsville Speedway,Shane van Gisbergen,16,12,29,200,0,Running,Chevrolet,17.0,15.0,0,0,0,1,2,25.0
2024,2024-11-03,November Martinsville,Martinsville Speedway,Todd Gilliland,38,26,13,200,0,Running,Ford,23.8,18.2,0,0,0,0,4,23.0
2024,2024-11-03,November Martinsville,Martinsville Speedway,Ty Gibbs,54,32,5,200,0,Running,Toyota,23.8,18.5,0,0,0,8,12,21.0
2024,2024-11-03,November Martinsville,Martinsville Speedway,Tyler Reddick,45,34,31,200,0,Running,Toyota,18.4,21.6,0,0,3,12,20,34.0
2024,2024-11-03,November Martinsville,Martinsville Speedway,William Byron,24,6,3,200,51,Running,Chevrolet,3.6,9.0,2,0,3,12,19,3.0
2024,2024-11-03,November Martinsville,Martinsville Speedway,Zane Smith,71,21,36,200,0,Running,Chevrolet,19.2,32.5,0,0,0,2,4,27.0
2025,2025-03-30,March Martinsville,Martinsville Speedway,AJ Allmendinger,16,23,23,200,0,Running,Chevrolet,16.2,25.5,0,0,0,0,2,22.3
2025,2025-03-30,March Martinsville,Martinsville Speedway,Alex Bowman,48,27,3,200,6,Running,Chevrolet,10.2,15.2,0,0,0,1,5,20.9
2025,2025-03-30,March Martinsville,Martinsville Speedway,Austin Cindric,2,37,20,200,0,Running,Ford,19.4,17.67,0,0,0,0,2,25.8
2025,2025-03-30,March Martinsville,Martinsville Speedway,Austin Dillon,3,18,18,200,0,Running,Chevrolet,21.6,18.67,0,0,0,0,0,17.6
2025,2025-03-30,March Martinsville,Martinsville Speedway,Brad Keselowski,6,26,27,200,0,Running,Ford,24.8,23.83,0,0,0,0,0,23.7
2025,2025-03-30,March Martinsville,Martinsville Speedway,Bubba Wallace,23,3,8,200,0,Running,Toyota,17.8,11.0,0,0,0,1,2,4.5
2025,2025-03-30,March Martinsville,Martinsville Speedway,Burt Myers,50,36,38,200,0,Running,Unknown,15.0,15.0,0,0,0,0,0,37.2
2025,2025-03-30,March Martinsville,Martinsville Speedway,Carson Hocevar,77,19,29,200,0,Running,Chevrolet,23.6,24.33,0,0,0,1,1,21.7
2025,2025-03-30,March Martinsville,Martinsville Speedway,Casey Mears,66,35,37,200,0,Running,Chevrolet,15.0,15.0,0,0,0,0,0,36.4
2025,2025-03-30,March Martinsville,Martinsville Speedway,Chase Briscoe,19,9,11,200,0,Running,Toyota,18.2,8.67,0,0,0,2,2,9.1
2025,2025-03-30,March Martinsville,Martinsville Speedway,Chase Elliott,9,4,2,200,42,Running,Chevrolet,12.4,8.67,0,1,0,1,3,3.9
2025,2025-03-30,March Martinsville,Martinsville Speedway,Chris Buescher,17,24,6,200,0,Running,Ford,12.2,17.67,0,0,0,1,4,26.8
2025,2025-03-30,March Martinsville,Martinsville Speedway,Christopher Bell,20,2,1,200,25,Running,Toyota,8.8,16.83,1,0,3,3,3,5.1
2025,2025-03-30,March Martinsville,Martinsville Speedway,Cody Ware,51,30,36,200,0,Running,Ford,32.0,30.5,0,0,0,0,0,32.5
2025,2025-03-30,March Martinsville,Martinsville Speedway,Cole Custer,41,33,22,200,0,Running,Ford,29.0,17.5,0,0,0,0,0,24.5
2025,2025-03-30,March Martinsville,Martinsville Speedway,Daniel Suarez,99,21,26,200,0,Running,Chevrolet,23.2,22.83,0,0,0,1,1,16.9
2025,2025-03-30,March Martinsville,Martinsville Speedway,Denny Hamlin,11,1,5,200,274,Running,Toyota,11.8,9.33,0,0,0,2,3,2.4
2025,2025-03-30,March Martinsville,Martinsville Speedway,Erik Jones,43,38,31,200,0,Running,Toyota,23.6,19.0,0,0,0,0,0,24.3
2025,2025-03-30,March Martinsville,Martinsville Speedway,Joey Logano,22,8,7,200,13,Running,Ford,15.6,5.17,0,0,0,0,0,11.5
2025,2025-03-30,March Martinsville,Martinsville Speedway,John Hunter Nemechek,42,25,16,200,0,Running,Toyota,17.8,33.5,0,0,0,1,2,26.7
2025,2025-03-30,March Martinsville,Martinsville Speedway,Josh Berry,21,32,14,200,40,Running,Ford,14.6,20.5,0,0,1,2,2,30
2025,2025-03-30,March Martinsville,Martinsville Speedway,Justin Haley,7,28,30,200,0,Running,Chevrolet,19.6,29.17,0,0,0,0,1,24.6
2025,2025-03-30,March Martinsville,Martinsville Speedway,Kyle Busch,8,17,12,200,0,Running,Chevrolet,14.8,21.33,0,0,0,1,3,20.1
2025,2025-03-30,March Martinsville,Martinsville Speedway,Kyle Larson,5,5,4,200,0,Running,Chevrolet,9.6,5.5,1,2,1,3,4,6.5
2025,2025-03-30,March Martinsville,Martinsville Speedway,Michael McDowell,71,12,15,200,0,Running,Chevrolet,17.4,23.33,0,0,0,0,0,14
2025,2025-03-30,March Martinsville,Martinsville Speedway,Noah Gragson,4,29,24,200,0,Running,Ford,23.0,21.5,0,0,0,0,1,24.6
2025,2025-03-30,March Martinsville,Martinsville Speedway,Ricky Stenhouse Jr,47,20,34,200,0,Running,Chevrolet,17.2,20.83,0,0,0,1,1,29.1
2025,2025-03-30,March Martinsville,Martinsville Speedway,Riley Herbst,35,31,35,200,0,Running,Toyota,24.6,15.0,0,0,0,0,0,30.5
2025,2025-03-30,March Martinsville,Martinsville Speedway,Ross Chastain,1,6,17,200,0,Running,Chevrolet,13.4,9.67,0,0,0,1,2,9.9
2025,2025-03-30,March Martinsville,Martinsville Speedway,Ryan Blaney,12,11,32,200,0,Running,Ford,24.4,3.5,2,0,0,1,2,10.5
2025,2025-03-30,March Martinsville,Martinsville Speedway,Ryan Preece,60,7,21,200,0,Running,Ford,15.6,14.5,0,1,0,1,2,20.4
2025,2025-03-30,March Martinsville,Martinsville Speedway,Shane van Gisbergen,88,34,33,200,0,Running,Chevrolet,25.2,12.0,0,0,0,0,1,33.1
2025,2025-03-30,March Martinsville,Martinsville Speedway,Todd Gilliland,34,10,25,200,0,Running,Ford,20.2,19.5,0,0,0,0,1,16.6
2025,2025-03-30,March Martinsville,Martinsville Speedway,Ty Dillon,10,15,28,200,0,Running,Chevrolet,24.2,27.5,0,0,0,0,0,18.6
2025,2025-03-30,March Martinsville,Martinsville Speedway,Ty Gibbs,54,13,13,200,0,Running,Toyota,27.6,21.2,0,0,0,0,0,10.5
2025,2025-03-30,March Martinsville,Martinsville Speedway,Tyler Reddick,45,14,9,200,0,Running,Toyota,14.8,23.67,0,0,0,2,3,12.4
2025,2025-03-30,March Martinsville,Martinsville Speedway,William Byron,24,22,10,200,0,Running,Chevrolet,10.2,8.5,2,0,1,3,4,18.1
2025,2025-03-30,March Martinsville,Martinsville Speedway,Zane Smith,38,16,19,200,0,Running,Chevrolet,16.6,28.67,0,0,0,0,1,18
2025,2025-10-26,October Martinsville,Martinsville Speedway,AJ Allmendinger,16,28,33,200,0,Running,Chevrolet,24.2,25.0,0,0,0,2,7,30.5
2025,2025-10-26,October Martinsville,Martinsville Speedway,Alex Bowman,48,23,17,200,0,Running,Chevrolet,19.4,17.17,0,0,0,6,16,18.46
2025,2025-10-26,October Martinsville,Martinsville Speedway,Austin Cindric,2,15,10,200,0,Running,Ford,25.8,20.43,0,0,1,2,5,10.05
2025,2025-10-26,October Martinsville,Martinsville Speedway,Austin Dillon,3,16,20,200,0,Running,Chevrolet,24.8,18.57,0,0,1,1,5,22.78
2025,2025-10-26,October Martinsville,Martinsville Speedway,Brad Keselowski,6,20,19,200,0,Running,Ford,17.4,24.14,0,0,0,5,12,21.66
2025,2025-10-26,October Martinsville,Martinsville Speedway,Bubba Wallace,23,18,21,200,0,Running,Toyota,14.4,9.86,0,0,1,6,14,20.49
2025,2025-10-26,October Martinsville,Martinsville Speedway,Carson Hocevar,77,31,15,200,0,Running,Chevrolet,21.4,23.0,0,0,0,2,9,25.03
2025,2025-10-26,October Martinsville,Martinsville Speedway,Casey Mears,66,33,37,200,0,Running,Chevrolet,27.33,35.0,0,0,0,0,0,34.76
2025,2025-10-26,October Martinsville,Martinsville Speedway,Chase Briscoe,19,37,9,200,0,Running,Toyota,6.6,8.71,0,0,3,15,19,22.0
2025,2025-10-26,October Martinsville,Martinsville Speedway,Chase Elliott,9,3,8,200,0,Running,Chevrolet,14.4,8.0,0,1,2,10,17,5.0
2025,2025-10-26,October Martinsville,Martinsville Speedway,Chris Buescher,17,29,29,200,0,Running,Ford,15.8,18.57,0,0,0,5,16,29.07
2025,2025-10-26,October Martinsville,Martinsville Speedway,Christopher Bell,20,7,12,200,0,Running,Toyota,4.6,14.71,1,1,4,13,21,8.03
2025,2025-10-26,October Martinsville,Martinsville Speedway,Cody Ware,51,32,36,200,0,Running,Ford,33.6,30.33,0,0,0,0,0,34.66
2025,2025-10-26,October Martinsville,Martinsville Speedway,Cole Custer,41,17,6,200,0,Running,Ford,19.8,22.67,0,0,0,2,3,13.3
2025,2025-10-26,October Martinsville,Martinsville Speedway,Daniel Suarez,99,22,30,200,0,Running,Chevrolet,18.4,22.57,0,0,0,2,7,25.35
2025,2025-10-26,October Martinsville,Martinsville Speedway,Denny Hamlin,11,35,5,200,0,Running,Toyota,12.4,8.14,1,0,6,14,17,15.51
2025,2025-10-26,October Martinsville,Martinsville Speedway,Erik Jones,43,34,28,200,0,Running,Toyota,25.0,21.71,0,0,0,4,5,22.09
2025,2025-10-26,October Martinsville,Martinsville Speedway,Joey Logano,22,8,4,200,0,Running,Ford,13.4,5.57,0,0,1,6,11,6.07
2025,2025-10-26,October Martinsville,Martinsville Speedway,John Hunter Nemechek,42,21,24,200,0,Running,Toyota,27.0,30.67,0,0,0,2,8,29.62
2025,2025-10-26,October Martinsville,Martinsville Speedway,Josh Berry,21,10,27,200,0,Running,Ford,22.0,24.33,0,0,1,3,6,16.4
2025,2025-10-26,October Martinsville,Martinsville Speedway,Justin Haley,7,19,34,200,0,Running,Chevrolet,28.4,29.0,0,0,0,1,2,25.77
2025,2025-10-26,October Martinsville,Martinsville Speedway,Kyle Busch,8,13,7,200,0,Running,Chevrolet,22.2,20.71,0,0,0,2,9,15.25
2025,2025-10-26,October Martinsville,Martinsville Speedway,Kyle Larson,5,5,3,200,0,Running,Chevrolet,8.6,5.43,1,2,3,13,20,5.13
2025,2025-10-26,October Martinsville,Martinsville Speedway,Michael McDowell,71,24,11,200,5,Running,Chevrolet,12.0,21.71,0,0,0,3,5,25.64
2025,2025-10-26,October Martinsville,Martinsville Speedway,Noah Gragson,4,30,35,200,0,Running,Ford,23.2,23.0,0,0,0,1,3,31.35
2025,2025-10-26,October Martinsville,Martinsville Speedway,Ricky Stenhouse Jr,47,27,32,200,0,Running,Chevrolet,26.2,20.71,0,0,0,1,3,26.45
2025,2025-10-26,October Martinsville,Martinsville Speedway,Riley Herbst,35,36,25,200,0,Running,Toyota,24.6,31.0,0,0,0,0,0,35.92
2025,2025-10-26,October Martinsville,Martinsville Speedway,Ross Chastain,1,4,13,200,8,Running,Chevrolet,15.4,9.14,0,0,1,3,11,12.54
2025,2025-10-26,October Martinsville,Martinsville Speedway,Ryan Blaney,12,2,31,200,177,Running,Ford,19.8,4.57,2,0,3,13,17,7.29
2025,2025-10-26,October Martinsville,Martinsville Speedway,Ryan Preece,60,6,18,200,0,Running,Ford,14.0,13.0,0,1,0,3,12,9.73
2025,2025-10-26,October Martinsville,Martinsville Speedway,Shane van Gisbergen,88,14,22,200,0,Running,Chevrolet,17.4,23.0,0,0,5,5,7,13.57
2025,2025-10-26,October Martinsville,Martinsville Speedway,Todd Gilliland,34,9,16,200,0,Running,Ford,14.2,18.14,0,0,0,1,4,9.31
2025,2025-10-26,October Martinsville,Martinsville Speedway,Ty Dillon,10,26,26,200,0,Running,Chevrolet,25.2,25.0,0,0,0,0,1,27.48
2025,2025-10-26,October Martinsville,Martinsville Speedway,Ty Gibbs,54,12,2,200,0,Running,Toyota,21.8,19.83,0,0,0,5,10,8.1
2025,2025-10-26,October Martinsville,Martinsville Speedway,Tyler Reddick,45,11,14,200,6,Running,Toyota,10.0,22.29,0,0,0,7,14,13.41
2025,2025-10-26,October Martinsville,Martinsville Speedway,William Byron,24,1,1,200,304,Running,Chevrolet,16.8,10.43,2,0,2,10,15,1.8
2025,2025-10-26,October Martinsville,Martinsville Speedway,Zane Smith,38,25,23,200,0,Running,Chevrolet,23.0,25.5,0,0,0,1,5,23.43
2026,2026-03-29,March Martinsville,Martinsville Speedway,Chase Elliott,9,1,10,55,84,Running,Chevrolet,20.0,20.0,0,0,0,0,0,9.02
2026,2026-03-29,March Martinsville,Martinsville Speedway,Denny Hamlin,11,2,1,56,292,Running,Toyota,20.0,20.0,0,0,0,0,0,1.34
2026,2026-03-29,March Martinsville,Martinsville Speedway,Joey Logano,22,3,9,46,0,Running,Ford,20.0,20.0,0,0,0,0,0,5.08
2026,2026-03-29,March Martinsville,Martinsville Speedway,Ty Gibbs,54,4,4,49,0,Running,Toyota,20.0,20.0,0,0,0,0,0,3.38
2026,2026-03-29,March Martinsville,Martinsville Speedway,William Byron,24,5,2,47,6,Running,Chevrolet,20.0,20.0,0,0,0,0,0,6.03
2026,2026-03-29,March Martinsville,Martinsville Speedway,Ryan Blaney,12,6,12,41,2,Running,Ford,20.0,20.0,0,0,0,0,0,5.71
2026,2026-03-29,March Martinsville,Martinsville Speedway,Christopher Bell,20,7,11,30,0,Running,Toyota,20.0,20.0,0,0,0,0,0,9.16
2026,2026-03-29,March Martinsville,Martinsville Speedway,Austin Cindric,2,8,6,40,0,Running,Ford,20.0,20.0,0,0,0,0,0,5.86
2026,2026-03-29,March Martinsville,Martinsville Speedway,Kyle Larson,5,9,13,30,0,Running,Chevrolet,20.0,20.0,0,0,0,0,0,10.36
2026,2026-03-29,March Martinsville,Martinsville Speedway,Josh Berry,21,10,3,36,2,Running,Ford,20.0,20.0,0,0,0,0,0,8.83
2026,2026-03-29,March Martinsville,Martinsville Speedway,Shane van Gisbergen,97,11,5,34,0,Running,Chevrolet,20.0,20.0,0,0,0,0,0,8.97
2026,2026-03-29,March Martinsville,Martinsville Speedway,Ryan Preece,60,12,17,26,0,Running,Ford,20.0,20.0,0,0,0,0,0,12.35
2026,2026-03-29,March Martinsville,Martinsville Speedway,Brad Keselowski,6,13,23,24,0,Running,Ford,20.0,20.0,0,0,0,0,0,17.73
2026,2026-03-29,March Martinsville,Martinsville Speedway,Chase Briscoe,19,14,27,23,0,Running,Toyota,20.0,20.0,0,0,0,0,0,20.66
2026,2026-03-29,March Martinsville,Martinsville Speedway,Tyler Reddick,45,15,8,28,0,Running,Toyota,20.0,20.0,0,0,0,0,0,11.46
2026,2026-03-29,March Martinsville,Martinsville Speedway,Ross Chastain,1,16,18,21,14,Running,Chevrolet,20.0,20.0,0,0,0,0,0,14.7
2026,2026-03-29,March Martinsville,Martinsville Speedway,Carson Hocevar,77,17,7,20,0,Running,Chevrolet,20.0,20.0,0,0,0,0,0,15.01
2026,2026-03-29,March Martinsville,Martinsville Speedway,Michael McDowell,71,18,20,19,0,Running,Ford,20.0,20.0,0,0,0,0,0,20.13
2026,2026-03-29,March Martinsville,Martinsville Speedway,Chris Buescher,17,19,16,18,0,Running,Ford,20.0,20.0,0,0,0,0,0,21.66
2026,2026-03-29,March Martinsville,Martinsville Speedway,Daniel Suarez,7,20,22,17,0,Running,Chevrolet,20.0,20.0,0,0,0,0,0,20.0
2026,2026-03-29,March Martinsville,Martinsville Speedway,Erik Jones,43,21,19,16,0,Running,Toyota,20.0,20.0,0,0,0,0,0,19.48
2026,2026-03-29,March Martinsville,Martinsville Speedway,Justin Allgaier,48,22,21,0,0,Running,Chevrolet,20.0,20.0,0,0,0,0,0,22.21
2026,2026-03-29,March Martinsville,Martinsville Speedway,Todd Gilliland,34,23,29,14,0,Running,Ford,20.0,20.0,0,0,0,0,0,26.73
2026,2026-03-29,March Martinsville,Martinsville Speedway,Kyle Busch,8,24,34,13,0,Running,Chevrolet,20.0,20.0,0,0,0,0,0,26.73
2026,2026-03-29,March Martinsville,Martinsville Speedway,Austin Dillon,3,25,30,12,0,Running,Chevrolet,20.0,20.0,0,0,0,0,0,27.36
2026,2026-03-29,March Martinsville,Martinsville Speedway,Connor Zilisch,88,26,25,11,0,Running,Chevrolet,20.0,20.0,0,0,0,0,0,29.01
2026,2026-03-29,March Martinsville,Martinsville Speedway,AJ Allmendinger,16,27,28,10,0,Running,Chevrolet,20.0,20.0,0,0,0,0,0,30.66
2026,2026-03-29,March Martinsville,Martinsville Speedway,Noah Gragson,4,28,31,9,0,Running,Chevrolet,20.0,20.0,0,0,0,0,0,30.55
2026,2026-03-29,March Martinsville,Martinsville Speedway,John Hunter Nemechek,42,29,32,8,0,Running,Chevrolet,20.0,20.0,0,0,0,0,0,32.21
2026,2026-03-29,March Martinsville,Martinsville Speedway,Ricky Stenhouse Jr,47,30,33,7,0,Running,Chevrolet,20.0,20.0,0,0,0,0,0,32.7
2026,2026-03-29,March Martinsville,Martinsville Speedway,Cole Custer,41,31,24,6,0,Running,Chevrolet,20.0,20.0,0,0,0,0,0,31.22
2026,2026-03-29,March Martinsville,Martinsville Speedway,Cody Ware,51,32,35,5,0,Running,Ford,20.0,20.0,0,0,0,0,0,35.93
2026,2026-03-29,March Martinsville,Martinsville Speedway,Austin Hill,33,33,37,0,0,Running,Chevrolet,20.0,20.0,0,0,0,0,0,34.14
2026,2026-03-29,March Martinsville,Martinsville Speedway,Zane Smith,38,34,14,3,0,Running,Chevrolet,20.0,20.0,0,0,0,0,0,19.27
2026,2026-03-29,March Martinsville,Martinsville Speedway,Riley Herbst,35,35,26,2,0,Running,Toyota,20.0,20.0,0,0,0,0,0,28.53
2026,2026-03-29,March Martinsville,Martinsville Speedway,Bubba Wallace,23,36,15,1,0,Running,Toyota,20.0,20.0,0,0,0,0,0,18.0
2026,2026-03-29,March Martinsville,Martinsville Speedway,Ty Dillon,10,37,36,1,0,Running,Chevrolet,20.0,20.0,0,0,0,0,0,30.91
2022,2022-08-07,August Michigan,Michigan International Speedway,Alex Bowman,48,9,30,200,0,Running,Chevrolet,24.4,15.0,0,0,1,3,9,14.0
2022,2022-08-07,August Michigan,Michigan International Speedway,Aric Almirola,10,34,18,200,0,Running,Ford,23.6,15.0,0,0,0,2,6,32.1
2022,2022-08-07,August Michigan,Michigan International Speedway,Austin Cindric,2,37,5,200,0,Running,Ford,11.2,15.0,0,0,1,4,7,34.2
2022,2022-08-07,August Michigan,Michigan International Speedway,Austin Dillon,3,13,26,200,0,Running,Chevrolet,25.8,15.0,0,0,0,3,7,17.07
2022,2022-08-07,August Michigan,Michigan International Speedway,Austin Hill,33,18,31,200,0,Running,Chevrolet,15.0,15.0,0,0,0,0,0,22.46
2022,2022-08-07,August Michigan,Michigan International Speedway,BJ McLeod,78,23,36,200,1,Running,Chevrolet,32.8,15.0,0,0,0,0,0,27.03
2022,2022-08-07,August Michigan,Michigan International Speedway,Brad Keselowski,6,15,33,200,0,Running,Ford,18.4,15.0,0,0,0,0,3,16.63
2022,2022-08-07,August Michigan,Michigan International Speedway,Bubba Wallace,23,2,1,200,22,Running,Toyota,13.0,15.0,0,0,0,3,5,7.86
2022,2022-08-07,August Michigan,Michigan International Speedway,Chase Briscoe,14,20,23,200,0,Running,Ford,16.6,15.0,0,0,1,3,4,15.95
2022,2022-08-07,August Michigan,Michigan International Speedway,Chase Elliott,9,11,13,200,0,Running,Chevrolet,4.4,15.0,0,0,4,8,15,16.27
2022,2022-08-07,August Michigan,Michigan International Speedway,Chris Buescher,17,16,19,200,1,Running,Ford,19.0,15.0,0,0,0,1,6,13.77
2022,2022-08-07,August Michigan,Michigan International Speedway,Christopher Bell,20,26,2,200,31,Running,Toyota,10.8,15.0,0,0,1,6,12,7.93
2022,2022-08-07,August Michigan,Michigan International Speedway,Cody Ware,51,22,34,200,0,Running,Ford,27.0,15.0,0,0,0,0,0,25.06
2022,2022-08-07,August Michigan,Michigan International Speedway,Cole Custer,41,31,17,200,0,Running,Ford,15.4,15.0,0,0,0,0,2,26.98
2022,2022-08-07,August Michigan,Michigan International Speedway,Corey LaJoie,7,19,32,200,0,Running,Chevrolet,24.8,15.0,0,0,0,1,1,22.07
2022,2022-08-07,August Michigan,Michigan International Speedway,Daniel Suarez,99,25,15,200,33,Running,Chevrolet,10.2,15.0,0,0,1,5,9,12.25
2022,2022-08-07,August Michigan,Michigan International Speedway,Denny Hamlin,11,3,9,200,38,Running,Toyota,19.4,15.0,0,0,2,3,5,5.3
2022,2022-08-07,August Michigan,Michigan International Speedway,Erik Jones,43,8,10,200,5,Running,Chevrolet,14.6,15.0,0,0,0,2,7,8.38
2022,2022-08-07,August Michigan,Michigan International Speedway,Harrison Burton,21,32,27,200,0,Running,Ford,16.8,15.0,0,0,0,1,2,31.7
2022,2022-08-07,August Michigan,Michigan International Speedway,JJ Yeley,15,35,29,200,0,Running,Chevrolet,27.8,15.0,0,0,0,0,0,34.69
2022,2022-08-07,August Michigan,Michigan International Speedway,Joey Logano,22,4,4,200,0,Running,Ford,20.6,15.0,0,0,2,5,9,9.53
2022,2022-08-07,August Michigan,Michigan International Speedway,Josh Bilicki,77,21,35,200,0,Running,Chevrolet,31.8,15.0,0,0,0,0,0,23.92
2022,2022-08-07,August Michigan,Michigan International Speedway,Justin Haley,31,17,21,200,0,Running,Chevrolet,18.2,15.0,0,0,0,1,2,21.15
2022,2022-08-07,August Michigan,Michigan International Speedway,Kevin Harvick,4,1,16,200,38,Running,Ford,17.4,15.0,0,0,0,5,11,7.49
2022,2022-08-07,August Michigan,Michigan International Speedway,Kyle Busch,18,36,3,200,0,Running,Toyota,21.6,15.0,0,0,1,6,11,32.28
2022,2022-08-07,August Michigan,Michigan International Speedway,Kyle Larson,5,7,8,200,0,Running,Chevrolet,14.0,15.0,0,0,1,9,11,7.84
2022,2022-08-07,August Michigan,Michigan International Speedway,Martin Truex Jr,19,6,7,200,0,Running,Toyota,11.2,15.0,0,0,0,3,9,9.01
2022,2022-08-07,August Michigan,Michigan International Speedway,Michael McDowell,34,28,14,200,0,Running,Ford,13.0,15.0,0,0,0,1,9,26.77
2022,2022-08-07,August Michigan,Michigan International Speedway,Noah Gragson,16,30,12,200,0,Running,Chevrolet,24.0,15.0,0,0,0,0,0,20.26
2022,2022-08-07,August Michigan,Michigan International Speedway,Ricky Stenhouse Jr,47,33,28,200,0,Running,Chevrolet,20.6,15.0,0,0,0,1,5,32.09
2022,2022-08-07,August Michigan,Michigan International Speedway,Ross Chastain,1,24,22,200,29,Running,Chevrolet,14.6,15.0,0,0,2,10,14,12.7
2022,2022-08-07,August Michigan,Michigan International Speedway,Ryan Blaney,12,5,24,200,0,Running,Ford,18.6,15.0,0,0,0,7,10,14.54
2022,2022-08-07,August Michigan,Michigan International Speedway,Todd Gilliland,38,27,37,200,0,Running,Ford,19.2,15.0,0,0,0,1,1,29.71
2022,2022-08-07,August Michigan,Michigan International Speedway,Ty Dillon,42,14,25,200,0,Running,Chevrolet,27.4,15.0,0,0,0,0,1,19.09
2022,2022-08-07,August Michigan,Michigan International Speedway,Ty Gibbs,45,10,11,200,2,Running,Toyota,16.5,15.0,0,0,0,0,0,14.02
2022,2022-08-07,August Michigan,Michigan International Speedway,Tyler Reddick,8,29,6,200,0,Running,Toyota,10.8,15.0,0,0,2,7,9,19.02
2022,2022-08-07,August Michigan,Michigan International Speedway,William Byron,24,12,20,200,0,Running,Chevrolet,20.0,15.0,0,0,2,4,5,11.89
2023,2023-08-07,August Michigan,Michigan International Speedway,AJ Allmendinger,16,26,24,200,0,Running,Chevrolet,16.6,15.0,0,0,0,1,4,18.7
2023,2023-08-07,August Michigan,Michigan International Speedway,Alex Bowman,48,33,19,200,19,Running,Chevrolet,23.8,9.0,0,0,0,3,6,19.2
2023,2023-08-07,August Michigan,Michigan International Speedway,Aric Almirola,10,16,18,200,0,Running,Ford,16.8,34.0,0,0,0,0,2,17.7
2023,2023-08-07,August Michigan,Michigan International Speedway,Austin Cindric,2,12,20,200,0,Running,Ford,18.4,37.0,0,0,0,0,3,11.3
2023,2023-08-07,August Michigan,Michigan International Speedway,Austin Dillon,3,19,15,200,2,Running,Chevrolet,21.8,13.0,0,0,0,1,6,19.3
2023,2023-08-07,August Michigan,Michigan International Speedway,Austin Hill,62,28,30,200,0,Running,Chevrolet,26.0,18.0,0,0,0,0,0,27.9
2023,2023-08-07,August Michigan,Michigan International Speedway,Brad Keselowski,6,4,12,200,15,Running,Ford,11.4,15.0,0,0,0,4,9,9.1
2023,2023-08-07,August Michigan,Michigan International Speedway,Bubba Wallace,23,18,11,200,21,Running,Toyota,17.4,2.0,0,1,0,4,6,9.8
2023,2023-08-07,August Michigan,Michigan International Speedway,Chase Briscoe,14,31,21,200,0,Running,Ford,18.4,20.0,0,0,0,3,5,23.7
2023,2023-08-07,August Michigan,Michigan International Speedway,Chase Elliott,9,36,10,200,0,Running,Chevrolet,10.2,11.0,0,0,0,5,8,31.1
2023,2023-08-07,August Michigan,Michigan International Speedway,Chris Buescher,17,1,4,200,52,Running,Ford,11.8,16.0,0,0,1,4,9,8.1
2023,2023-08-07,August Michigan,Michigan International Speedway,Christopher Bell,20,13,1,200,1,Running,Toyota,19.2,26.0,0,0,1,5,11,17.4
2023,2023-08-07,August Michigan,Michigan International Speedway,Cole Custer,51,25,33,200,0,Running,Ford,24.4,31.0,0,0,0,0,0,29.5
2023,2023-08-07,August Michigan,Michigan International Speedway,Corey LaJoie,7,15,31,200,0,Running,Chevrolet,27.4,19.0,0,0,0,1,1,20.4
2023,2023-08-07,August Michigan,Michigan International Speedway,Daniel Suarez,99,6,14,200,12,Running,Chevrolet,22.8,25.0,0,0,0,2,6,10.4
2023,2023-08-07,August Michigan,Michigan International Speedway,Denny Hamlin,11,3,13,200,1,Running,Toyota,7.0,3.0,0,0,2,7,10,10.0
2023,2023-08-07,August Michigan,Michigan International Speedway,Erik Jones,43,10,25,200,0,Running,Chevrolet,14.0,8.0,0,0,0,0,4,13.0
2023,2023-08-07,August Michigan,Michigan International Speedway,Harrison Burton,21,17,29,200,0,Running,Ford,23.4,32.0,0,0,0,0,2,18.6
2023,2023-08-07,August Michigan,Michigan International Speedway,JJ Yeley,15,27,36,200,0,Running,Chevrolet,24.2,35.0,0,0,0,0,1,28.3
2023,2023-08-07,August Michigan,Michigan International Speedway,Joey Logano,22,14,6,200,0,Running,Ford,13.2,4.0,0,0,1,7,11,14.7
2023,2023-08-07,August Michigan,Michigan International Speedway,Josh Berry,42,34,35,200,0,Running,Chevrolet,18.8,15.0,0,0,0,1,3,32.9
2023,2023-08-07,August Michigan,Michigan International Speedway,Josh Bilicki,78,32,37,200,1,Running,Chevrolet,29.2,21.0,0,0,0,0,0,31.1
2023,2023-08-07,August Michigan,Michigan International Speedway,Justin Haley,31,23,26,200,0,Running,Chevrolet,18.0,17.0,0,0,0,1,5,22.4
2023,2023-08-07,August Michigan,Michigan International Speedway,Kevin Harvick,4,8,22,200,0,Running,Ford,15.4,1.0,1,0,0,6,10,16.9
2023,2023-08-07,August Michigan,Michigan International Speedway,Kyle Busch,8,37,8,200,0,Running,Chevrolet,14.0,36.0,0,0,3,8,13,35.3
2023,2023-08-07,August Michigan,Michigan International Speedway,Kyle Larson,5,5,17,200,2,Running,Chevrolet,16.4,7.0,0,0,2,9,10,12.3
2023,2023-08-07,August Michigan,Michigan International Speedway,Martin Truex Jr,19,2,5,200,47,Running,Toyota,14.4,6.0,0,0,3,8,12,6.3
2023,2023-08-07,August Michigan,Michigan International Speedway,Michael McDowell,34,24,23,200,0,Running,Ford,13.0,28.0,0,0,0,1,5,23.3
2023,2023-08-07,August Michigan,Michigan International Speedway,Ricky Stenhouse Jr,47,21,27,200,0,Running,Chevrolet,17.2,33.0,0,0,1,2,7,20.8
2023,2023-08-07,August Michigan,Michigan International Speedway,Ross Chastain,1,7,2,200,16,Running,Chevrolet,23.4,24.0,0,0,1,6,8,10.6
2023,2023-08-07,August Michigan,Michigan International Speedway,Ryan Blaney,12,9,9,200,1,Running,Ford,21.6,5.0,0,0,1,4,10,9.8
2023,2023-08-07,August Michigan,Michigan International Speedway,Ryan Preece,41,22,28,200,0,Running,Ford,20.6,15.0,0,0,0,1,1,18.3
2023,2023-08-07,August Michigan,Michigan International Speedway,Todd Gilliland,38,29,32,200,0,Running,Ford,19.2,27.0,0,0,0,0,3,24.7
2023,2023-08-07,August Michigan,Michigan International Speedway,Ty Dillon,77,20,34,200,2,Running,Chevrolet,28.4,14.0,0,0,0,0,0,23.9
2023,2023-08-07,August Michigan,Michigan International Speedway,Ty Gibbs,54,11,3,200,1,Running,Toyota,18.0,10.0,0,0,0,1,6,12.7
2023,2023-08-07,August Michigan,Michigan International Speedway,Tyler Reddick,45,30,16,200,7,Running,Toyota,15.8,29.0,0,0,1,6,9,14.0
2023,2023-08-07,August Michigan,Michigan International Speedway,William Byron,24,35,7,200,0,Running,Chevrolet,14.6,12.0,0,0,4,8,11,29.3
2024,2024-08-19,August Michigan,Michigan International Speedway,AJ Allmendinger,16,30,35,200,0,Running,Chevrolet,28.6,26.0,0,0,0,0,3,24.5
2024,2024-08-19,August Michigan,Michigan International Speedway,Alex Bowman,48,27,22,200,0,Running,Chevrolet,15.4,21.0,0,0,1,6,12,13.9
2024,2024-08-19,August Michigan,Michigan International Speedway,Austin Cindric,2,28,23,200,0,Running,Ford,15.8,24.5,0,0,1,2,3,24.3
2024,2024-08-19,August Michigan,Michigan International Speedway,Austin Dillon,3,17,10,200,0,Running,Chevrolet,17.6,16.0,0,0,1,1,3,16.9
2024,2024-08-19,August Michigan,Michigan International Speedway,Brad Keselowski,6,5,15,200,2,Running,Ford,17.4,9.5,0,0,1,7,10,11.8
2024,2024-08-19,August Michigan,Michigan International Speedway,Bubba Wallace,23,26,5,200,5,Running,Toyota,7.8,10.0,0,1,0,5,9,14.3
2024,2024-08-19,August Michigan,Michigan International Speedway,Carson Hocevar,77,10,11,200,3,Running,Chevrolet,15.4,15.0,0,0,0,0,3,17.3
2024,2024-08-19,August Michigan,Michigan International Speedway,Chase Briscoe,14,31,21,200,0,Running,Ford,22.6,25.5,0,0,0,2,6,23.2
2024,2024-08-19,August Michigan,Michigan International Speedway,Chase Elliott,9,15,6,200,29,Running,Chevrolet,13.4,23.5,0,0,1,7,12,6.5
2024,2024-08-19,August Michigan,Michigan International Speedway,Chris Buescher,17,6,18,200,0,Running,Ford,15.2,8.5,1,0,0,5,9,14.5
2024,2024-08-19,August Michigan,Michigan International Speedway,Christopher Bell,20,35,3,200,0,Running,Toyota,19.0,19.5,0,1,3,7,13,19.7
2024,2024-08-19,August Michigan,Michigan International Speedway,Cody Ware,15,21,36,200,0,Running,Ford,27.0,22.0,0,0,0,0,0,25.6
2024,2024-08-19,August Michigan,Michigan International Speedway,Corey LaJoie,7,32,31,200,0,Running,Chevrolet,22.8,17.0,0,0,0,1,1,23.8
2024,2024-08-19,August Michigan,Michigan International Speedway,Daniel Hemric,31,23,32,200,0,Running,Chevrolet,21.2,15.0,0,0,0,0,3,21.3
2024,2024-08-19,August Michigan,Michigan International Speedway,Daniel Suarez,99,8,12,200,7,Running,Chevrolet,13.4,15.5,0,0,1,2,5,16.1
2024,2024-08-19,August Michigan,Michigan International Speedway,Denny Hamlin,11,9,1,200,0,Running,Toyota,15.6,3.0,0,0,3,9,10,16.7
2024,2024-08-19,August Michigan,Michigan International Speedway,Erik Jones,43,16,28,200,0,Running,Toyota,26.8,9.0,0,0,0,0,1,19.5
2024,2024-08-19,August Michigan,Michigan International Speedway,Harrison Burton,21,14,34,200,5,Running,Ford,30.4,24.5,0,0,0,0,1,22.3
2024,2024-08-19,August Michigan,Michigan International Speedway,Joey Logano,22,33,14,200,0,Running,Ford,16.4,9.0,0,0,1,4,7,22.0
2024,2024-08-19,August Michigan,Michigan International Speedway,John Hunter Nemechek,42,29,33,200,0,Running,Toyota,30.8,15.0,0,0,0,0,3,31.5
2024,2024-08-19,August Michigan,Michigan International Speedway,Josh Berry,4,22,16,200,4,Running,Ford,26.2,34.0,0,0,0,2,4,26.3
2024,2024-08-19,August Michigan,Michigan International Speedway,Justin Haley,51,20,29,200,0,Running,Chevrolet,19.6,20.0,0,0,0,0,2,29.8
2024,2024-08-19,August Michigan,Michigan International Speedway,Kyle Busch,8,4,13,200,24,Running,Chevrolet,21.0,36.5,0,0,0,2,6,8.1
2024,2024-08-19,August Michigan,Michigan International Speedway,Kyle Larson,5,34,4,200,41,Running,Chevrolet,13.6,6.0,0,0,4,9,12,18.1
2024,2024-08-19,August Michigan,Michigan International Speedway,Martin Truex Jr,19,24,24,200,28,Running,Toyota,25.8,4.0,0,0,0,4,9,10.0
2024,2024-08-19,August Michigan,Michigan International Speedway,Michael McDowell,34,19,17,200,0,Running,Ford,19.0,26.0,0,0,0,2,6,24.8
2024,2024-08-19,August Michigan,Michigan International Speedway,Noah Gragson,10,12,25,200,0,Running,Ford,18.0,30.0,0,0,0,1,7,20.8
2024,2024-08-19,August Michigan,Michigan International Speedway,Ricky Stenhouse Jr,47,13,30,200,2,Running,Chevrolet,23.2,27.0,0,0,0,2,5,17.5
2024,2024-08-19,August Michigan,Michigan International Speedway,Ross Chastain,1,25,7,200,4,Running,Chevrolet,22.2,15.5,0,0,0,3,8,11.5
2024,2024-08-19,August Michigan,Michigan International Speedway,Ryan Blaney,12,18,8,200,15,Running,Ford,6.2,7.0,0,0,2,7,11,10.4
2024,2024-08-19,August Michigan,Michigan International Speedway,Ryan Preece,41,11,26,200,0,Running,Ford,23.8,22.0,0,0,0,1,2,21.2
2024,2024-08-19,August Michigan,Michigan International Speedway,Todd Gilliland,38,36,20,200,0,Running,Ford,16.2,28.0,0,0,0,0,4,28.2
2024,2024-08-19,August Michigan,Michigan International Speedway,Ty Gibbs,54,3,19,200,2,Running,Toyota,19.6,10.5,0,0,0,5,9,12.5
2024,2024-08-19,August Michigan,Michigan International Speedway,Tyler Reddick,45,1,2,200,15,Running,Toyota,3.2,29.5,0,0,1,10,16,10.1
2024,2024-08-19,August Michigan,Michigan International Speedway,William Byron,24,2,9,200,20,Running,Chevrolet,16.4,23.5,0,0,3,7,12,8.4
2024,2024-08-19,August Michigan,Michigan International Speedway,Zane Smith,71,7,27,200,0,Running,Chevrolet,17.6,15.0,0,0,0,1,1,22.7
2025,2025-06-08,June Michigan,Michigan International Speedway,AJ Allmendinger,16,17,19,200,0,Running,Chevrolet,24.4,28.0,0,0,0,1,4,18.6
2025,2025-06-08,June Michigan,Michigan International Speedway,Alex Bowman,48,36,16,200,0,Running,Chevrolet,22.4,23.0,0,0,0,2,7,31.7
2025,2025-06-08,June Michigan,Michigan International Speedway,Austin Cindric,2,31,11,200,10,Running,Ford,17.2,25.67,0,0,1,1,3,17.9
2025,2025-06-08,June Michigan,Michigan International Speedway,Austin Dillon,3,19,28,200,0,Running,Chevrolet,17.6,16.33,0,0,0,0,3,24.1
2025,2025-06-08,June Michigan,Michigan International Speedway,Brad Keselowski,6,10,27,200,0,Running,Ford,25.8,8.0,0,0,0,1,1,17.3
2025,2025-06-08,June Michigan,Michigan International Speedway,Bubba Wallace,23,4,9,200,0,Running,Toyota,23.0,15.33,0,1,0,2,5,10.3
2025,2025-06-08,June Michigan,Michigan International Speedway,Carson Hocevar,77,29,14,200,32,Running,Chevrolet,18.4,10.0,0,0,0,2,3,8.3
2025,2025-06-08,June Michigan,Michigan International Speedway,Chase Briscoe,19,23,1,200,11,Running,Toyota,13.2,27.33,0,0,0,5,6,18.0
2025,2025-06-08,June Michigan,Michigan International Speedway,Chase Elliott,9,15,17,200,19,Running,Chevrolet,11.4,20.67,0,0,0,3,7,16.6
2025,2025-06-08,June Michigan,Michigan International Speedway,Chris Buescher,17,2,6,200,13,Running,Ford,19.2,7.67,1,0,0,1,6,9.2
2025,2025-06-08,June Michigan,Michigan International Speedway,Christopher Bell,20,16,25,200,2,Running,Toyota,12.8,24.67,0,1,3,6,10,17.7
2025,2025-06-08,June Michigan,Michigan International Speedway,Cody Ware,51,26,36,200,1,Running,Ford,29.8,21.5,0,0,0,0,0,31.3
2025,2025-06-08,June Michigan,Michigan International Speedway,Cole Custer,41,35,24,200,0,Running,Ford,19.4,28.0,0,0,0,0,0,32.8
2025,2025-06-08,June Michigan,Michigan International Speedway,Daniel Suarez,99,14,35,200,0,Running,Chevrolet,21.0,13.0,0,0,0,1,3,24.5
2025,2025-06-08,June Michigan,Michigan International Speedway,Denny Hamlin,11,1,3,200,5,Running,Toyota,22.8,5.0,0,1,2,6,7,5.5
2025,2025-06-08,June Michigan,Michigan International Speedway,Erik Jones,43,11,22,200,0,Running,Toyota,15.0,11.33,0,0,0,1,2,15.9
2025,2025-06-08,June Michigan,Michigan International Speedway,Joey Logano,22,22,15,200,0,Running,Ford,14.0,17.0,0,0,1,2,4,19.7
2025,2025-06-08,June Michigan,Michigan International Speedway,John Hunter Nemechek,42,34,21,200,0,Running,Toyota,20.4,29.0,0,0,0,1,4,30.4
2025,2025-06-08,June Michigan,Michigan International Speedway,Josh Berry,21,12,7,200,0,Running,Ford,21.2,28.0,0,0,1,2,3,12.9
2025,2025-06-08,June Michigan,Michigan International Speedway,Justin Haley,7,21,31,200,0,Running,Chevrolet,26.6,20.0,0,0,0,0,1,26.3
2025,2025-06-08,June Michigan,Michigan International Speedway,Kyle Busch,8,8,2,200,0,Running,Chevrolet,19.0,25.67,0,0,0,1,4,10.5
2025,2025-06-08,June Michigan,Michigan International Speedway,Kyle Larson,5,5,5,200,0,Running,Chevrolet,10.4,15.33,0,0,3,8,10,9.8
2025,2025-06-08,June Michigan,Michigan International Speedway,Michael McDowell,71,30,32,200,0,Running,Chevrolet,17.6,23.67,0,0,0,0,1,19.7
2025,2025-06-08,June Michigan,Michigan International Speedway,Noah Gragson,4,27,29,200,0,Running,Ford,20.0,21.0,0,0,0,1,3,26.6
2025,2025-06-08,June Michigan,Michigan International Speedway,Ricky Stenhouse Jr,47,20,30,200,0,Running,Chevrolet,17.4,22.33,0,0,0,1,2,24.0
2025,2025-06-08,June Michigan,Michigan International Speedway,Riley Herbst,35,25,34,200,0,Running,Toyota,23.0,15.0,0,0,0,0,0,28.2
2025,2025-06-08,June Michigan,Michigan International Speedway,Ross Chastain,1,6,20,200,0,Running,Chevrolet,10.4,18.67,0,0,1,3,7,12.3
2025,2025-06-08,June Michigan,Michigan International Speedway,Ryan Blaney,12,32,13,200,7,Running,Ford,16.4,10.67,0,0,1,6,7,20.8
2025,2025-06-08,June Michigan,Michigan International Speedway,Ryan Preece,60,9,23,200,0,Running,Ford,22.2,16.5,0,0,0,1,5,16.3
2025,2025-06-08,June Michigan,Michigan International Speedway,Shane van Gisbergen,88,18,26,200,0,Running,Chevrolet,22.0,15.0,0,0,0,0,1,24.8
2025,2025-06-08,June Michigan,Michigan International Speedway,Todd Gilliland,34,33,33,200,0,Running,Ford,15.8,30.67,0,0,0,0,2,24.8
2025,2025-06-08,June Michigan,Michigan International Speedway,Ty Dillon,10,24,18,200,0,Running,Chevrolet,23.0,17.0,0,0,0,0,0,21.1
2025,2025-06-08,June Michigan,Michigan International Speedway,Ty Gibbs,54,3,8,200,0,Running,Toyota,24.6,8.0,0,0,0,1,2,14.3
2025,2025-06-08,June Michigan,Michigan International Speedway,Tyler Reddick,45,13,12,200,0,Running,Toyota,17.4,20.0,1,0,0,3,5,10.3
2025,2025-06-08,June Michigan,Michigan International Speedway,William Byron,24,28,4,200,98,Running,Chevrolet,9.4,16.33,0,0,1,7,9,2.6
2025,2025-06-08,June Michigan,Michigan International Speedway,Zane Smith,38,7,10,200,2,Running,Chevrolet,20.8,7.0,0,0,0,0,1,11.0
2022,2022-06-26,June Nashville,Nashville Superspeedway,AJ Allmendinger,16,19,14,200,0,Running,Chevrolet,22.6,21.5,0,0,0,0,1,15.2
2022,2022-06-26,June Nashville,Nashville Superspeedway,Alex Bowman,48,36,12,200,0,Running,Chevrolet,15.4,12.5,0,0,1,3,9,33.1
2022,2022-06-26,June Nashville,Nashville Superspeedway,Aric Almirola,10,17,11,200,0,Running,Ford,14.6,13.0,0,0,0,2,5,20.6
2022,2022-06-26,June Nashville,Nashville Superspeedway,Austin Cindric,2,7,24,200,0,Running,Ford,15.8,15.75,0,1,1,2,3,22.7
2022,2022-06-26,June Nashville,Nashville Superspeedway,Austin Dillon,3,14,20,200,0,Running,Chevrolet,14.0,15.5,0,0,0,3,6,22.4
2022,2022-06-26,June Nashville,Nashville Superspeedway,BJ McLeod,78,32,35,200,0,Running,Chevrolet,30.4,23.67,0,0,0,0,0,33.2
2022,2022-06-26,June Nashville,Nashville Superspeedway,Brad Keselowski,6,29,27,200,0,Running,Ford,21.6,18.25,0,0,0,0,2,18.5
2022,2022-06-26,June Nashville,Nashville Superspeedway,Bubba Wallace,23,12,30,200,0,Running,Toyota,25.4,24.0,0,0,0,1,2,17.7
2022,2022-06-26,June Nashville,Nashville Superspeedway,Chase Briscoe,14,34,28,200,0,Running,Ford,17.0,21.25,0,2,1,3,4,32.2
2022,2022-06-26,June Nashville,Nashville Superspeedway,Chase Elliott,9,1,4,200,42,Running,Chevrolet,19.2,14.25,0,0,1,3,10,7.2
2022,2022-06-26,June Nashville,Nashville Superspeedway,Chris Buescher,17,30,15,200,0,Running,Ford,15.8,21.0,0,0,0,1,4,14.6
2022,2022-06-26,June Nashville,Nashville Superspeedway,Christopher Bell,20,8,9,200,0,Running,Toyota,10.4,17.75,0,0,0,4,9,9.9
2022,2022-06-26,June Nashville,Nashville Superspeedway,Cody Ware,51,27,31,200,0,Running,Ford,27.6,30.0,0,0,0,0,0,29.4
2022,2022-06-26,June Nashville,Nashville Superspeedway,Cole Custer,41,26,17,200,0,Running,Ford,23.8,24.25,0,0,0,0,0,21.1
2022,2022-06-26,June Nashville,Nashville Superspeedway,Corey LaJoie,7,20,22,200,0,Running,Chevrolet,31.8,26.25,0,0,0,1,1,24.2
2022,2022-06-26,June Nashville,Nashville Superspeedway,Daniel Suarez,99,15,5,200,0,Running,Chevrolet,18.4,13.75,0,0,1,3,5,13.8
2022,2022-06-26,June Nashville,Nashville Superspeedway,Denny Hamlin,11,6,1,200,114,Running,Toyota,18.2,24.0,0,0,2,3,3,3.6
2022,2022-06-26,June Nashville,Nashville Superspeedway,Erik Jones,43,11,23,200,0,Running,Chevrolet,20.0,8.25,0,0,0,1,5,17.4
2022,2022-06-26,June Nashville,Nashville Superspeedway,Harrison Burton,21,25,26,200,0,Running,Ford,19.8,25.0,0,0,0,0,0,20.0
2022,2022-06-26,June Nashville,Nashville Superspeedway,JJ Yeley,15,28,32,200,0,Running,Chevrolet,28.6,15.0,0,0,0,0,0,31.0
2022,2022-06-26,June Nashville,Nashville Superspeedway,Joey Logano,22,9,2,200,4,Running,Ford,11.2,11.5,1,0,2,5,7,10.8
2022,2022-06-26,June Nashville,Nashville Superspeedway,Josh Bilicki,77,33,34,200,0,Running,Chevrolet,30.6,24.0,0,0,0,0,0,32.6
2022,2022-06-26,June Nashville,Nashville Superspeedway,Justin Haley,31,23,21,200,0,Running,Chevrolet,18.2,15.75,0,0,0,1,1,21.8
2022,2022-06-26,June Nashville,Nashville Superspeedway,Kevin Harvick,4,10,8,200,0,Running,Ford,11.8,18.0,0,0,0,4,8,7.4
2022,2022-06-26,June Nashville,Nashville Superspeedway,Kurt Busch,45,2,19,200,3,Running,Toyota,16.2,11.5,0,0,1,4,6,8.7
2022,2022-06-26,June Nashville,Nashville Superspeedway,Kyle Busch,18,21,36,200,54,Running,Toyota,14.0,19.25,0,0,1,6,11,7.2
2022,2022-06-26,June Nashville,Nashville Superspeedway,Kyle Larson,5,4,3,200,0,Running,Chevrolet,14.8,18.0,1,0,1,6,8,9.8
2022,2022-06-26,June Nashville,Nashville Superspeedway,Martin Truex Jr,19,22,10,200,82,Running,Toyota,14.8,8.5,0,0,0,2,7,4.4
2022,2022-06-26,June Nashville,Nashville Superspeedway,Michael McDowell,34,13,18,200,0,Running,Ford,11.8,21.5,0,0,0,1,6,13.8
2022,2022-06-26,June Nashville,Nashville Superspeedway,Ricky Stenhouse Jr,47,16,25,200,0,Running,Chevrolet,16.0,27.5,0,0,0,1,5,20.4
2022,2022-06-26,June Nashville,Nashville Superspeedway,Ross Chastain,1,5,7,200,0,Running,Chevrolet,13.4,10.0,1,0,2,7,10,8.9
2022,2022-06-26,June Nashville,Nashville Superspeedway,Ryan Blaney,12,3,6,200,1,Running,Ford,13.6,11.25,0,1,0,5,8,8.8
2022,2022-06-26,June Nashville,Nashville Superspeedway,Todd Gilliland,38,24,33,200,0,Running,Ford,20.4,21.25,0,0,0,0,0,27.0
2022,2022-06-26,June Nashville,Nashville Superspeedway,Ty Dillon,42,31,29,200,0,Running,Chevrolet,19.0,25.0,0,0,0,0,1,27.8
2022,2022-06-26,June Nashville,Nashville Superspeedway,Tyler Reddick,8,18,16,200,0,Running,Toyota,17.8,18.25,0,0,0,4,6,17.8
2022,2022-06-26,June Nashville,Nashville Superspeedway,William Byron,24,35,13,200,0,Running,Chevrolet,17.8,16.5,1,0,2,4,5,31.2
2023,2023-06-25,June Nashville,Nashville Superspeedway,AJ Allmendinger,16,10,19,200,0,Running,Chevrolet,14.2,19.22,0,0,0,0,2,12.3
2023,2023-06-25,June Nashville,Nashville Superspeedway,Alex Bowman,48,17,15,200,9,Running,Chevrolet,15.6,16.25,0,0,0,3,6,15.8
2023,2023-06-25,June Nashville,Nashville Superspeedway,Aric Almirola,10,25,21,200,0,Running,Ford,21.2,20.67,0,0,0,0,1,22.4
2023,2023-06-25,June Nashville,Nashville Superspeedway,Austin Cindric,2,27,24,200,0,Running,Ford,23.8,12.58,0,1,0,0,2,25.9
2023,2023-06-25,June Nashville,Nashville Superspeedway,Austin Dillon,3,13,26,200,0,Running,Chevrolet,20.8,21.0,0,0,0,1,4,19.0
2023,2023-06-25,June Nashville,Nashville Superspeedway,Brad Keselowski,6,11,20,200,2,Running,Ford,17.2,20.33,0,0,0,3,6,14.7
2023,2023-06-25,June Nashville,Nashville Superspeedway,Brennan Poole,15,33,32,200,0,Running,Chevrolet,32.33,15.0,0,0,0,0,0,32.1
2023,2023-06-25,June Nashville,Nashville Superspeedway,Bubba Wallace,23,15,9,200,0,Running,Toyota,12.0,26.33,0,0,0,4,5,14.7
2023,2023-06-25,June Nashville,Nashville Superspeedway,Chase Briscoe,14,31,18,200,0,Running,Ford,26.4,22.25,0,2,0,3,4,29.8
2023,2023-06-25,June Nashville,Nashville Superspeedway,Chase Elliott,9,4,14,200,1,Running,Chevrolet,12.0,7.44,2,3,0,3,5,6.7
2023,2023-06-25,June Nashville,Nashville Superspeedway,Chris Buescher,17,18,12,200,0,Running,Ford,10.2,19.0,0,0,0,3,7,13.4
2023,2023-06-25,June Nashville,Nashville Superspeedway,Christopher Bell,20,7,22,200,3,Running,Toyota,18.8,16.75,0,1,1,5,9,8.3
2023,2023-06-25,June Nashville,Nashville Superspeedway,Corey LaJoie,7,20,36,200,0,Running,Chevrolet,20.4,21.42,0,0,0,1,1,21.9
2023,2023-06-25,June Nashville,Nashville Superspeedway,Daniel Suarez,99,12,10,200,1,Running,Chevrolet,20.2,12.75,0,0,0,1,5,16.4
2023,2023-06-25,June Nashville,Nashville Superspeedway,Denny Hamlin,11,3,8,200,81,Running,Toyota,17.2,16.17,0,1,1,4,6,3.9
2023,2023-06-25,June Nashville,Nashville Superspeedway,Erik Jones,43,8,23,200,0,Running,Chevrolet,25.6,12.67,0,0,0,0,2,13.7
2023,2023-06-25,June Nashville,Nashville Superspeedway,Harrison Burton,21,21,31,200,0,Running,Ford,20.8,23.25,0,0,0,0,1,23.8
2023,2023-06-25,June Nashville,Nashville Superspeedway,JJ Yeley,51,29,29,200,0,Running,Chevrolet,20.4,25.25,0,0,0,0,0,29.9
2023,2023-06-25,June Nashville,Nashville Superspeedway,Joey Logano,22,19,4,200,0,Running,Ford,10.2,12.75,2,1,1,5,8,13.6
2023,2023-06-25,June Nashville,Nashville Superspeedway,Josh Bilicki,78,34,35,200,0,Running,Chevrolet,26.4,27.29,0,0,0,0,0,33.3
2023,2023-06-25,June Nashville,Nashville Superspeedway,Justin Haley,31,23,3,200,0,Running,Chevrolet,15.6,17.75,0,0,0,0,3,19.2
2023,2023-06-25,June Nashville,Nashville Superspeedway,Kevin Harvick,4,24,17,200,0,Running,Ford,9.0,14.75,0,0,0,4,7,17.1
2023,2023-06-25,June Nashville,Nashville Superspeedway,Kyle Busch,8,9,11,200,12,Running,Chevrolet,10.2,16.08,2,1,3,5,9,16.3
2023,2023-06-25,June Nashville,Nashville Superspeedway,Kyle Larson,5,5,7,200,0,Running,Chevrolet,12.8,14.25,2,0,2,6,7,10.3
2023,2023-06-25,June Nashville,Nashville Superspeedway,Martin Truex Jr,19,2,6,200,50,Running,Toyota,9.6,12.92,0,0,2,5,8,3.0
2023,2023-06-25,June Nashville,Nashville Superspeedway,Michael McDowell,34,28,33,200,0,Running,Ford,20.6,15.67,0,0,0,0,3,30.3
2023,2023-06-25,June Nashville,Nashville Superspeedway,Noah Gragson,42,26,30,200,0,Running,Chevrolet,31.6,26.33,0,0,0,0,0,24.5
2023,2023-06-25,June Nashville,Nashville Superspeedway,Ricky Stenhouse Jr,47,22,28,200,0,Running,Chevrolet,15.2,21.58,0,0,1,2,5,21.1
2023,2023-06-25,June Nashville,Nashville Superspeedway,Ross Chastain,1,1,1,200,99,Running,Chevrolet,17.6,9.5,1,0,0,5,7,2.7
2023,2023-06-25,June Nashville,Nashville Superspeedway,Ryan Blaney,12,36,13,200,0,Running,Ford,12.6,12.33,0,1,1,4,9,23.9
2023,2023-06-25,June Nashville,Nashville Superspeedway,Ryan Preece,41,16,25,200,0,Running,Ford,17.0,27.5,0,0,0,0,0,25.1
2023,2023-06-25,June Nashville,Nashville Superspeedway,Todd Gilliland,38,35,27,200,0,Running,Ford,21.4,20.5,0,0,0,0,3,34.6
2023,2023-06-25,June Nashville,Nashville Superspeedway,Ty Dillon,77,32,34,200,4,Running,Chevrolet,24.8,26.08,0,0,0,0,0,29.5
2023,2023-06-25,June Nashville,Nashville Superspeedway,Ty Gibbs,54,14,16,200,0,Running,Toyota,22.8,16.0,0,0,0,0,4,13.6
2023,2023-06-25,June Nashville,Nashville Superspeedway,Tyler Reddick,45,30,2,200,33,Running,Toyota,20.8,16.92,2,0,1,5,7,18.9
2023,2023-06-25,June Nashville,Nashville Superspeedway,William Byron,24,6,5,200,5,Running,Chevrolet,5.6,19.92,1,1,3,7,9,4.6
2024,2024-06-30,June Nashville,Nashville Superspeedway,AJ Allmendinger,16,11,28,200,1,Running,Chevrolet,16.8,16.6,0,0,0,0,3,22.9
2024,2024-06-30,June Nashville,Nashville Superspeedway,Alex Bowman,48,14,12,200,0,Running,Chevrolet,19.2,18.25,0,0,0,4,10,18.1
2024,2024-06-30,June Nashville,Nashville Superspeedway,Austin Cindric,2,15,10,200,0,Running,Ford,18.4,13.25,1,1,1,2,2,22.3
2024,2024-06-30,June Nashville,Nashville Superspeedway,Austin Dillon,3,32,11,200,0,Running,Chevrolet,24.2,21.25,0,0,0,0,2,22.0
2024,2024-06-30,June Nashville,Nashville Superspeedway,Brad Keselowski,6,25,5,200,0,Running,Ford,11.2,18.95,0,0,1,7,9,13.5
2024,2024-06-30,June Nashville,Nashville Superspeedway,Bubba Wallace,23,7,24,200,0,Running,Toyota,20.6,22.85,0,0,0,3,5,13.8
2024,2024-06-30,June Nashville,Nashville Superspeedway,Carson Hocevar,77,16,15,200,0,Running,Chevrolet,15.4,19.8,0,0,0,0,2,17.6
2024,2024-06-30,June Nashville,Nashville Superspeedway,Chad Finchum,66,38,38,200,0,Running,Chevrolet,15.0,15.0,0,0,0,0,0,37.9
2024,2024-06-30,June Nashville,Nashville Superspeedway,Chase Briscoe,14,21,19,200,0,Running,Ford,21.2,23.2,0,2,0,2,6,21.4
2024,2024-06-30,June Nashville,Nashville Superspeedway,Chase Elliott,9,18,13,200,0,Running,Chevrolet,9.0,9.76,2,3,1,7,9,11.9
2024,2024-06-30,June Nashville,Nashville Superspeedway,Chris Buescher,17,5,9,200,0,Running,Ford,12.6,16.21,0,0,0,4,8,10.5
2024,2024-06-30,June Nashville,Nashville Superspeedway,Christopher Bell,20,36,3,200,131,Running,Toyota,4.4,14.95,0,1,3,6,11,13.1
2024,2024-06-30,June Nashville,Nashville Superspeedway,Corey Heim,50,29,29,200,0,Running,Toyota,23.5,15.0,0,0,0,0,0,21.6
2024,2024-06-30,June Nashville,Nashville Superspeedway,Corey LaJoie,7,20,21,200,0,Running,Chevrolet,24.4,21.6,0,0,0,1,1,20.5
2024,2024-06-30,June Nashville,Nashville Superspeedway,Daniel Hemric,31,9,37,200,0,Running,Chevrolet,24.8,22.2,0,0,0,0,2,26.4
2024,2024-06-30,June Nashville,Nashville Superspeedway,Daniel Suarez,99,22,31,200,0,Running,Chevrolet,18.2,14.0,1,0,1,2,3,21.6
2024,2024-06-30,June Nashville,Nashville Superspeedway,Denny Hamlin,11,12,1,200,70,Running,Toyota,18.6,14.35,0,3,3,7,8,4.5
2024,2024-06-30,June Nashville,Nashville Superspeedway,Erik Jones,43,34,34,200,0,Running,Toyota,21.8,16.55,0,0,0,0,1,30.7
2024,2024-06-30,June Nashville,Nashville Superspeedway,Harrison Burton,21,28,25,200,0,Running,Ford,24.4,24.15,0,0,0,0,1,25.9
2024,2024-06-30,June Nashville,Nashville Superspeedway,Joey Logano,22,1,26,200,9,Running,Ford,15.6,12.85,2,1,0,2,5,15.1
2024,2024-06-30,June Nashville,Nashville Superspeedway,John Hunter Nemechek,42,31,35,200,0,Running,Toyota,24.0,23.75,0,0,0,0,3,32.6
2024,2024-06-30,June Nashville,Nashville Superspeedway,Josh Berry,4,26,2,200,0,Running,Ford,17.6,25.0,0,0,0,2,4,16.0
2024,2024-06-30,June Nashville,Nashville Superspeedway,Justin Haley,51,13,33,200,0,Running,Chevrolet,21.2,17.55,0,0,0,0,2,24.5
2024,2024-06-30,June Nashville,Nashville Superspeedway,Kyle Busch,8,27,27,200,0,Running,Chevrolet,26.4,15.4,2,1,0,2,5,22.8
2024,2024-06-30,June Nashville,Nashville Superspeedway,Kyle Larson,5,8,4,200,0,Running,Chevrolet,16.6,16.75,2,1,3,8,9,7.1
2024,2024-06-30,June Nashville,Nashville Superspeedway,Martin Truex Jr,19,24,17,200,0,Running,Toyota,19.4,14.75,0,0,0,4,8,10.8
2024,2024-06-30,June Nashville,Nashville Superspeedway,Michael McDowell,34,35,14,200,31,Running,Ford,16.2,17.85,0,2,0,1,5,23.7
2024,2024-06-30,June Nashville,Nashville Superspeedway,Noah Gragson,10,10,16,200,0,Running,Ford,25.8,26.92,0,0,0,1,5,16.8
2024,2024-06-30,June Nashville,Nashville Superspeedway,Ricky Stenhouse Jr,47,30,23,200,0,Running,Chevrolet,17.4,19.85,0,0,0,2,4,25.4
2024,2024-06-30,June Nashville,Nashville Superspeedway,Riley Herbst,15,37,30,200,0,Running,Toyota,26.2,15.0,0,0,0,0,0,33.8
2024,2024-06-30,June Nashville,Nashville Superspeedway,Ross Chastain,1,33,20,200,45,Running,Chevrolet,9.2,11.35,2,1,0,2,7,14.5
2024,2024-06-30,June Nashville,Nashville Superspeedway,Ryan Blaney,12,6,18,200,26,Running,Ford,19.2,13.7,1,1,1,5,7,13.8
2024,2024-06-30,June Nashville,Nashville Superspeedway,Ryan Preece,41,4,22,200,0,Running,Ford,22.2,23.08,0,0,0,0,1,23.6
2024,2024-06-30,June Nashville,Nashville Superspeedway,Todd Gilliland,38,17,32,200,0,Running,Ford,13.4,20.35,0,0,0,0,2,23.1
2024,2024-06-30,June Nashville,Nashville Superspeedway,Ty Gibbs,54,23,8,200,2,Running,Toyota,19.0,14.69,0,0,0,4,8,10.6
2024,2024-06-30,June Nashville,Nashville Superspeedway,Tyler Reddick,45,3,6,200,16,Running,Toyota,8.8,17.85,2,0,1,6,11,6.1
2024,2024-06-30,June Nashville,Nashville Superspeedway,William Byron,24,19,7,200,0,Running,Chevrolet,15.2,14.75,4,2,3,6,10,15.9
2024,2024-06-30,June Nashville,Nashville Superspeedway,Zane Smith,71,2,36,200,0,Running,Chevrolet,25.8,24.2,0,0,0,0,0,28.7
2025,2025-06-01,June Nashville,Nashville Superspeedway,AJ Allmendinger,16,20,17,200,0,Running,Chevrolet,22.2,18.9,0,0,0,1,4,27.54
2025,2025-06-01,June Nashville,Nashville Superspeedway,Alex Bowman,48,36,24,200,0,Running,Chevrolet,22.6,16.85,1,0,0,2,7,32.35
2025,2025-06-01,June Nashville,Nashville Superspeedway,Austin Cindric,2,18,16,200,2,Running,Ford,17.0,14.15,1,1,1,1,3,10.25
2025,2025-06-01,June Nashville,Nashville Superspeedway,Austin Dillon,3,29,21,200,8,Running,Chevrolet,13.8,22.12,0,0,0,0,3,23.35
2025,2025-06-01,June Nashville,Nashville Superspeedway,Brad Keselowski,6,23,6,200,3,Running,Ford,24.4,20.04,0,0,0,1,1,19.43
2025,2025-06-01,June Nashville,Nashville Superspeedway,Bubba Wallace,23,6,12,200,0,Running,Toyota,25.6,21.23,0,0,0,2,4,18.17
2025,2025-06-01,June Nashville,Nashville Superspeedway,Carson Hocevar,77,2,26,200,0,Running,Chevrolet,20.2,15.73,0,0,0,1,2,13.66
2025,2025-06-01,June Nashville,Nashville Superspeedway,Chad Finchum,66,35,39,200,0,Running,Chevrolet,37.0,38.0,0,0,0,0,0,36.44
2025,2025-06-01,June Nashville,Nashville Superspeedway,Chase Briscoe,19,17,1,200,51,Running,Toyota,10.6,22.92,0,2,0,5,6,10.98
2025,2025-06-01,June Nashville,Nashville Superspeedway,Chase Elliott,9,15,11,200,0,Running,Chevrolet,11.4,11.13,2,3,0,3,7,13.54
2025,2025-06-01,June Nashville,Nashville Superspeedway,Chris Buescher,17,14,10,200,0,Running,Ford,21.4,16.28,1,0,0,1,6,19.0
2025,2025-06-01,June Nashville,Nashville Superspeedway,Christopher Bell,20,10,7,200,0,Running,Toyota,12.4,15.08,2,1,3,6,9,10.37
2025,2025-06-01,June Nashville,Nashville Superspeedway,Cody Ware,51,33,34,200,0,Running,Ford,30.4,29.47,0,0,0,0,0,32.55
2025,2025-06-01,June Nashville,Nashville Superspeedway,Cole Custer,41,19,29,200,0,Running,Ford,21.4,23.08,0,0,0,0,0,21.4
2025,2025-06-01,June Nashville,Nashville Superspeedway,Corey Heim,67,37,33,200,0,Running,Toyota,22.25,29.0,0,0,0,0,0,29.86
2025,2025-06-01,June Nashville,Nashville Superspeedway,Daniel Suarez,99,16,32,200,0,Running,Chevrolet,24.4,15.27,1,0,0,1,3,22.47
2025,2025-06-01,June Nashville,Nashville Superspeedway,Denny Hamlin,11,3,2,200,79,Running,Toyota,22.6,15.5,0,4,2,5,6,3.34
2025,2025-06-01,June Nashville,Nashville Superspeedway,Erik Jones,43,7,14,200,0,Running,Toyota,18.8,19.65,0,0,0,1,1,9.44
2025,2025-06-01,June Nashville,Nashville Superspeedway,JJ Yeley,44,34,38,200,0,Running,Chevrolet,35.4,24.62,0,0,0,0,0,35.21
2025,2025-06-01,June Nashville,Nashville Superspeedway,Joey Logano,22,4,9,200,10,Running,Ford,18.0,12.81,4,1,1,1,3,6.7
2025,2025-06-01,June Nashville,Nashville Superspeedway,John Hunter Nemechek,42,27,36,200,0,Running,Toyota,19.2,24.7,0,0,0,1,4,27.45
2025,2025-06-01,June Nashville,Nashville Superspeedway,Josh Berry,21,30,20,200,0,Running,Ford,17.6,26.45,0,0,1,2,3,19.56
2025,2025-06-01,June Nashville,Nashville Superspeedway,Justin Haley,7,32,18,200,0,Running,Chevrolet,22.8,17.73,0,0,0,0,1,25.02
2025,2025-06-01,June Nashville,Nashville Superspeedway,Kyle Busch,8,12,25,200,0,Running,Chevrolet,19.4,15.12,2,1,0,1,4,19.05
2025,2025-06-01,June Nashville,Nashville Superspeedway,Kyle Larson,5,8,28,200,0,Running,Chevrolet,9.0,17.92,2,2,3,8,9,21.42
2025,2025-06-01,June Nashville,Nashville Superspeedway,Michael McDowell,71,21,8,200,0,Running,Chevrolet,19.4,17.31,0,3,0,0,1,13.57
2025,2025-06-01,June Nashville,Nashville Superspeedway,Noah Gragson,4,38,30,200,0,Running,Ford,17.0,24.26,0,0,0,1,3,33.82
2025,2025-06-01,June Nashville,Nashville Superspeedway,Ricky Stenhouse Jr,47,39,13,200,0,Running,Chevrolet,14.0,19.5,0,0,0,1,2,31.9
2025,2025-06-01,June Nashville,Nashville Superspeedway,Riley Herbst,35,24,37,200,0,Running,Toyota,23.8,23.67,0,0,0,0,0,28.41
2025,2025-06-01,June Nashville,Nashville Superspeedway,Ross Chastain,1,11,5,200,0,Running,Chevrolet,9.6,12.27,2,2,1,3,7,11.72
2025,2025-06-01,June Nashville,Nashville Superspeedway,Ryan Blaney,12,1,15,200,139,Running,Ford,17.2,13.62,1,2,0,5,6,4.22
2025,2025-06-01,June Nashville,Nashville Superspeedway,Ryan Preece,60,28,19,200,0,Running,Ford,20.6,21.83,0,0,0,1,5,20.14
2025,2025-06-01,June Nashville,Nashville Superspeedway,Shane van Gisbergen,88,25,23,200,0,Running,Chevrolet,24.6,17.71,1,0,0,0,1,20.92
2025,2025-06-01,June Nashville,Nashville Superspeedway,Todd Gilliland,34,22,35,200,0,Running,Ford,18.4,19.19,0,0,0,0,2,28.92
2025,2025-06-01,June Nashville,Nashville Superspeedway,Ty Dillon,10,26,31,200,0,Running,Chevrolet,24.2,27.22,0,0,0,0,0,24.03
2025,2025-06-01,June Nashville,Nashville Superspeedway,Ty Gibbs,54,31,22,200,0,Running,Toyota,19.0,16.95,0,0,0,1,2,19.16
2025,2025-06-01,June Nashville,Nashville Superspeedway,Tyler Reddick,45,9,4,200,7,Running,Toyota,19.2,16.04,2,1,0,3,4,11.79
2025,2025-06-01,June Nashville,Nashville Superspeedway,William Byron,24,5,3,200,1,Running,Chevrolet,9.6,15.15,4,2,1,6,8,5.34
2025,2025-06-01,June Nashville,Nashville Superspeedway,Zane Smith,38,13,27,200,0,Running,Chevrolet,23.6,18.73,0,0,0,0,1,17.49
2022,2022-07-17,July New Hampshire,New Hampshire Motor Speedway,AJ Allmendinger,16,16,20,200,0,Running,Chevrolet,18.0,15.0,0,0,0,0,2,17.6
2022,2022-07-17,July New Hampshire,New Hampshire Motor Speedway,Alex Bowman,48,35,27,200,0,Running,Chevrolet,21.8,15.0,0,0,1,3,9,34.9
2022,2022-07-17,July New Hampshire,New Hampshire Motor Speedway,Aric Almirola,10,31,7,200,0,Running,Ford,14.4,15.0,0,0,0,2,6,19.7
2022,2022-07-17,July New Hampshire,New Hampshire Motor Speedway,Austin Cindric,2,13,28,200,0,Running,Ford,6.6,15.0,0,0,1,3,6,16.9
2022,2022-07-17,July New Hampshire,New Hampshire Motor Speedway,Austin Dillon,3,23,30,200,0,Running,Chevrolet,21.2,15.0,0,0,0,3,6,24.5
2022,2022-07-17,July New Hampshire,New Hampshire Motor Speedway,BJ McLeod,78,36,32,200,0,Running,Chevrolet,30.6,15.0,0,0,0,0,0,36.0
2022,2022-07-17,July New Hampshire,New Hampshire Motor Speedway,Brad Keselowski,6,7,9,200,0,Running,Ford,22.0,15.0,0,0,0,0,2,14.3
2022,2022-07-17,July New Hampshire,New Hampshire Motor Speedway,Bubba Wallace,23,3,4,200,0,Running,Toyota,24.6,15.0,0,0,0,1,2,6.3
2022,2022-07-17,July New Hampshire,New Hampshire Motor Speedway,Chase Briscoe,14,15,29,200,6,Running,Ford,20.2,15.0,0,0,1,3,4,17.9
2022,2022-07-17,July New Hampshire,New Hampshire Motor Speedway,Chase Elliott,9,2,2,200,13,Running,Chevrolet,6.6,15.0,0,0,3,6,13,5.0
2022,2022-07-17,July New Hampshire,New Hampshire Motor Speedway,Chris Buescher,17,17,16,200,0,Running,Ford,19.4,15.0,0,0,0,1,5,15.2
2022,2022-07-17,July New Hampshire,New Hampshire Motor Speedway,Christopher Bell,20,1,5,200,42,Running,Toyota,16.2,15.0,0,0,0,4,10,6.8
2022,2022-07-17,July New Hampshire,New Hampshire Motor Speedway,Cody Ware,51,30,36,200,0,Running,Ford,29.8,15.0,0,0,0,0,0,30.9
2022,2022-07-17,July New Hampshire,New Hampshire Motor Speedway,Cole Custer,41,27,23,200,0,Running,Ford,20.0,15.0,0,0,0,0,1,17.5
2022,2022-07-17,July New Hampshire,New Hampshire Motor Speedway,Corey LaJoie,7,32,21,200,0,Running,Chevrolet,29.0,15.0,0,0,0,1,1,29.2
2022,2022-07-17,July New Hampshire,New Hampshire Motor Speedway,Daniel Suarez,99,9,19,200,0,Running,Chevrolet,10.0,15.0,0,0,1,4,7,17.0
2022,2022-07-17,July New Hampshire,New Hampshire Motor Speedway,Denny Hamlin,11,6,14,200,0,Running,Toyota,22.6,15.0,0,0,2,3,4,12.3
2022,2022-07-17,July New Hampshire,New Hampshire Motor Speedway,Erik Jones,43,19,22,200,0,Running,Chevrolet,14.0,15.0,0,0,0,2,6,19.5
2022,2022-07-17,July New Hampshire,New Hampshire Motor Speedway,Harrison Burton,21,26,31,200,3,Running,Ford,22.0,15.0,0,0,0,0,1,23.3
2022,2022-07-17,July New Hampshire,New Hampshire Motor Speedway,JJ Yeley,15,29,33,200,0,Running,Chevrolet,27.4,15.0,0,0,0,0,0,29.3
2022,2022-07-17,July New Hampshire,New Hampshire Motor Speedway,Joey Logano,22,24,12,200,25,Running,Ford,16.0,15.0,0,0,2,5,8,6.0
2022,2022-07-17,July New Hampshire,New Hampshire Motor Speedway,Josh Bilicki,77,34,34,200,0,Running,Chevrolet,32.4,15.0,0,0,0,0,0,34.0
2022,2022-07-17,July New Hampshire,New Hampshire Motor Speedway,Justin Haley,31,20,25,200,0,Running,Chevrolet,16.0,15.0,0,0,0,1,2,25.7
2022,2022-07-17,July New Hampshire,New Hampshire Motor Speedway,Kevin Harvick,4,5,10,200,0,Running,Ford,13.8,15.0,0,0,0,4,10,5.2
2022,2022-07-17,July New Hampshire,New Hampshire Motor Speedway,Kurt Busch,45,10,3,200,40,Running,Toyota,13.6,15.0,0,0,1,5,7,6.5
2022,2022-07-17,July New Hampshire,New Hampshire Motor Speedway,Kyle Busch,18,12,17,200,0,Running,Toyota,20.4,15.0,0,0,1,6,11,15.1
2022,2022-07-17,July New Hampshire,New Hampshire Motor Speedway,Kyle Larson,5,14,8,200,0,Running,Chevrolet,9.4,15.0,0,0,1,8,10,7.1
2022,2022-07-17,July New Hampshire,New Hampshire Motor Speedway,Martin Truex Jr,19,4,1,200,172,Running,Toyota,15.6,15.0,0,0,0,2,7,3.2
2022,2022-07-17,July New Hampshire,New Hampshire Motor Speedway,Michael McDowell,34,28,15,200,0,Running,Ford,11.4,15.0,0,0,0,1,7,27.0
2022,2022-07-17,July New Hampshire,New Hampshire Motor Speedway,Ricky Stenhouse Jr,47,22,24,200,0,Running,Chevrolet,24.6,15.0,0,0,0,1,5,23.5
2022,2022-07-17,July New Hampshire,New Hampshire Motor Speedway,Ross Chastain,1,8,18,200,0,Running,Chevrolet,5.2,15.0,0,0,2,10,13,12.9
2022,2022-07-17,July New Hampshire,New Hampshire Motor Speedway,Ryan Blaney,12,18,11,200,0,Running,Ford,5.8,15.0,0,0,0,7,10,17.2
2022,2022-07-17,July New Hampshire,New Hampshire Motor Speedway,Todd Gilliland,38,25,26,200,0,Running,Ford,22.4,15.0,0,0,0,0,0,27.5
2022,2022-07-17,July New Hampshire,New Hampshire Motor Speedway,Ty Dillon,42,33,35,200,0,Running,Chevrolet,25.8,15.0,0,0,0,0,1,33.0
2022,2022-07-17,July New Hampshire,New Hampshire Motor Speedway,Tyler Reddick,8,21,13,200,0,Running,Toyota,19.8,15.0,0,0,1,5,7,18.0
2022,2022-07-17,July New Hampshire,New Hampshire Motor Speedway,William Byron,24,11,6,200,0,Running,Chevrolet,21.8,15.0,0,0,2,4,5,10.4
2023,2023-07-17,July New Hampshire,New Hampshire Motor Speedway,AJ Allmendinger,16,19,14,200,0,Running,Chevrolet,10.0,16.0,0,0,0,1,4,20.6
2023,2023-07-17,July New Hampshire,New Hampshire Motor Speedway,Alex Bowman,48,14,25,200,0,Running,Chevrolet,24.2,35.0,0,0,0,3,6,18.0
2023,2023-07-17,July New Hampshire,New Hampshire Motor Speedway,Aric Almirola,10,34,3,200,4,Running,Ford,20.4,31.0,0,0,0,0,1,16.2
2023,2023-07-17,July New Hampshire,New Hampshire Motor Speedway,Austin Cindric,2,25,22,200,0,Running,Ford,16.6,13.0,0,0,0,0,3,25.0
2023,2023-07-17,July New Hampshire,New Hampshire Motor Speedway,Austin Dillon,3,9,11,200,12,Running,Chevrolet,24.0,23.0,0,0,0,1,4,17.7
2023,2023-07-17,July New Hampshire,New Hampshire Motor Speedway,BJ McLeod,78,31,32,200,0,Running,Chevrolet,27.4,36.0,0,0,0,0,0,33.3
2023,2023-07-17,July New Hampshire,New Hampshire Motor Speedway,Brad Keselowski,6,5,9,200,0,Running,Ford,17.0,7.0,0,0,0,3,7,8.0
2023,2023-07-17,July New Hampshire,New Hampshire Motor Speedway,Bubba Wallace,23,8,8,200,0,Running,Toyota,23.6,3.0,0,0,0,4,5,12.6
2023,2023-07-17,July New Hampshire,New Hampshire Motor Speedway,Chase Briscoe,14,10,27,200,0,Running,Ford,27.2,15.0,0,0,0,3,4,16.7
2023,2023-07-17,July New Hampshire,New Hampshire Motor Speedway,Chase Elliott,9,12,18,200,0,Running,Chevrolet,11.8,2.0,0,0,0,5,7,17.8
2023,2023-07-17,July New Hampshire,New Hampshire Motor Speedway,Chris Buescher,17,15,26,200,0,Running,Ford,11.8,17.0,0,0,0,3,8,15.3
2023,2023-07-17,July New Hampshire,New Hampshire Motor Speedway,Christopher Bell,20,29,1,200,1,Running,Toyota,13.6,1.0,1,0,1,5,10,9.6
2023,2023-07-17,July New Hampshire,New Hampshire Motor Speedway,Cole Custer,51,35,34,200,0,Running,Ford,21.2,27.0,0,0,0,0,0,29.3
2023,2023-07-17,July New Hampshire,New Hampshire Motor Speedway,Corey LaJoie,7,33,24,200,0,Running,Chevrolet,21.2,32.0,0,0,0,1,1,32.8
2023,2023-07-17,July New Hampshire,New Hampshire Motor Speedway,Daniel Suarez,99,16,12,200,0,Running,Chevrolet,14.0,9.0,0,0,0,2,6,14.1
2023,2023-07-17,July New Hampshire,New Hampshire Motor Speedway,Denny Hamlin,11,7,20,200,0,Running,Toyota,13.2,6.0,0,0,1,5,7,6.4
2023,2023-07-17,July New Hampshire,New Hampshire Motor Speedway,Erik Jones,43,11,30,200,0,Running,Chevrolet,17.0,19.0,0,0,0,0,3,23.8
2023,2023-07-17,July New Hampshire,New Hampshire Motor Speedway,Harrison Burton,21,20,28,200,0,Running,Ford,25.8,26.0,0,0,0,0,1,19.9
2023,2023-07-17,July New Hampshire,New Hampshire Motor Speedway,Joey Logano,22,2,4,200,2,Running,Ford,10.0,24.0,0,0,1,5,9,5.3
2023,2023-07-17,July New Hampshire,New Hampshire Motor Speedway,Justin Haley,31,17,19,200,0,Running,Chevrolet,14.0,20.0,0,0,0,1,5,22.4
2023,2023-07-17,July New Hampshire,New Hampshire Motor Speedway,Kevin Harvick,4,4,13,200,10,Running,Ford,20.8,5.0,0,0,0,4,7,11.3
2023,2023-07-17,July New Hampshire,New Hampshire Motor Speedway,Kyle Busch,8,36,10,200,0,Running,Chevrolet,4.4,12.0,0,0,3,7,12,34.4
2023,2023-07-17,July New Hampshire,New Hampshire Motor Speedway,Kyle Larson,5,3,15,200,6,Running,Chevrolet,11.4,14.0,0,0,2,8,9,7.5
2023,2023-07-17,July New Hampshire,New Hampshire Motor Speedway,Martin Truex Jr,19,1,2,200,254,Running,Toyota,13.8,4.0,0,1,2,6,9,1.4
2023,2023-07-17,July New Hampshire,New Hampshire Motor Speedway,Michael McDowell,34,13,17,200,0,Running,Ford,11.0,28.0,0,0,0,1,5,13.1
2023,2023-07-17,July New Hampshire,New Hampshire Motor Speedway,Noah Gragson,42,32,29,200,0,Running,Chevrolet,30.6,15.0,0,0,0,0,0,30.1
2023,2023-07-17,July New Hampshire,New Hampshire Motor Speedway,Ricky Stenhouse Jr,47,18,16,200,3,Running,Chevrolet,22.0,22.0,0,0,1,2,6,25.1
2023,2023-07-17,July New Hampshire,New Hampshire Motor Speedway,Ross Chastain,1,23,31,200,0,Running,Chevrolet,18.0,8.0,0,0,1,6,8,21.3
2023,2023-07-17,July New Hampshire,New Hampshire Motor Speedway,Ryan Blaney,12,22,5,200,0,Running,Ford,23.0,18.0,0,0,1,4,10,6.3
2023,2023-07-17,July New Hampshire,New Hampshire Motor Speedway,Ryan Newman,15,30,33,200,0,Running,Ford,28.0,15.0,0,0,0,0,0,32.2
2023,2023-07-17,July New Hampshire,New Hampshire Motor Speedway,Ryan Preece,41,28,21,200,0,Running,Ford,17.0,15.0,0,0,0,0,0,21.9
2023,2023-07-17,July New Hampshire,New Hampshire Motor Speedway,Todd Gilliland,38,21,23,200,0,Running,Ford,21.8,25.0,0,0,0,0,3,25.1
2023,2023-07-17,July New Hampshire,New Hampshire Motor Speedway,Ty Dillon,77,26,35,200,0,Running,Chevrolet,26.8,33.0,0,0,0,0,0,28.5
2023,2023-07-17,July New Hampshire,New Hampshire Motor Speedway,Ty Gibbs,54,27,36,200,0,Running,Toyota,19.0,15.0,0,0,0,0,5,16.4
2023,2023-07-17,July New Hampshire,New Hampshire Motor Speedway,Tyler Reddick,45,6,6,200,0,Running,Toyota,30.6,21.0,0,0,1,5,7,13.0
2023,2023-07-17,July New Hampshire,New Hampshire Motor Speedway,William Byron,24,24,7,200,9,Running,Chevrolet,8.4,11.0,0,0,4,8,11,13.7
2024,2024-06-23,June New Hampshire,New Hampshire Motor Speedway,Alex Bowman,48,36,5,200,0,Running,Chevrolet,13.6,24.5,0,0,0,4,10,23.65
2024,2024-06-23,June New Hampshire,New Hampshire Motor Speedway,Austin Cindric,2,19,29,200,0,Running,Ford,18.6,19.0,0,0,1,2,2,21.91
2024,2024-06-23,June New Hampshire,New Hampshire Motor Speedway,Austin Dillon,3,33,22,200,0,Running,Chevrolet,23.2,16.0,0,0,0,0,2,27.05
2024,2024-06-23,June New Hampshire,New Hampshire Motor Speedway,Brad Keselowski,6,28,9,200,0,Running,Ford,5.8,6.0,0,0,1,7,9,20.7
2024,2024-06-23,June New Hampshire,New Hampshire Motor Speedway,Bubba Wallace,23,34,17,200,0,Running,Toyota,15.2,5.5,0,0,0,3,5,17.79
2024,2024-06-23,June New Hampshire,New Hampshire Motor Speedway,Carson Hocevar,77,17,20,200,0,Running,Chevrolet,17.2,15.0,0,0,0,0,2,19.62
2024,2024-06-23,June New Hampshire,New Hampshire Motor Speedway,Chase Briscoe,14,2,23,200,0,Running,Ford,21.8,12.5,0,0,0,1,5,19.49
2024,2024-06-23,June New Hampshire,New Hampshire Motor Speedway,Chase Elliott,9,18,1,200,41,Running,Chevrolet,7.8,7.0,0,0,1,7,9,9.05
2024,2024-06-23,June New Hampshire,New Hampshire Motor Speedway,Chris Buescher,17,5,15,200,0,Running,Ford,17.6,16.0,0,0,0,3,7,14.22
2024,2024-06-23,June New Hampshire,New Hampshire Motor Speedway,Christopher Bell,20,1,4,200,149,Running,Toyota,6.8,15.0,1,1,2,5,10,2.83
2024,2024-06-23,June New Hampshire,New Hampshire Motor Speedway,Corey LaJoie,7,23,26,200,0,Running,Chevrolet,23.0,32.5,0,0,0,1,1,21.03
2024,2024-06-23,June New Hampshire,New Hampshire Motor Speedway,Daniel Hemric,31,31,33,200,0,Running,Chevrolet,25.2,15.0,0,0,0,0,2,33.27
2024,2024-06-23,June New Hampshire,New Hampshire Motor Speedway,Daniel Suarez,99,21,11,200,0,Running,Chevrolet,18.8,12.5,0,0,1,2,3,31.27
2024,2024-06-23,June New Hampshire,New Hampshire Motor Speedway,Denny Hamlin,11,24,14,200,43,Running,Toyota,14.6,6.5,0,0,3,7,8,8.38
2024,2024-06-23,June New Hampshire,New Hampshire Motor Speedway,Erik Jones,43,13,32,200,0,Running,Toyota,23.0,15.0,0,0,0,0,1,21.91
2024,2024-06-23,June New Hampshire,New Hampshire Motor Speedway,Harrison Burton,21,14,27,200,0,Running,Ford,26.0,23.0,0,0,0,0,1,20.34
2024,2024-06-23,June New Hampshire,New Hampshire Motor Speedway,Joey Logano,22,32,6,200,0,Running,Ford,13.4,13.0,0,0,0,2,5,14.83
2024,2024-06-23,June New Hampshire,New Hampshire Motor Speedway,John Hunter Nemechek,42,8,28,200,0,Running,Toyota,28.6,15.0,0,0,0,0,2,28.96
2024,2024-06-23,June New Hampshire,New Hampshire Motor Speedway,Josh Berry,4,3,10,200,0,Running,Ford,17.6,15.0,0,0,0,1,3,7.05
2024,2024-06-23,June New Hampshire,New Hampshire Motor Speedway,Justin Haley,51,29,24,200,0,Running,Chevrolet,17.2,18.5,0,0,0,0,2,14.55
2024,2024-06-23,June New Hampshire,New Hampshire Motor Speedway,Kaz Grala,15,22,35,200,0,Running,Chevrolet,27.4,15.0,0,0,0,0,0,29.3
2024,2024-06-23,June New Hampshire,New Hampshire Motor Speedway,Kyle Busch,8,35,30,200,0,Running,Chevrolet,24.8,24.0,0,0,0,2,5,31.78
2024,2024-06-23,June New Hampshire,New Hampshire Motor Speedway,Kyle Larson,5,4,19,200,0,Running,Chevrolet,16.0,8.5,0,0,3,7,8,8.68
2024,2024-06-23,June New Hampshire,New Hampshire Motor Speedway,Martin Truex Jr,19,9,7,200,0,Running,Toyota,22.6,2.5,1,1,0,4,7,10.1
2024,2024-06-23,June New Hampshire,New Hampshire Motor Speedway,Michael McDowell,34,15,25,200,0,Running,Ford,15.2,20.5,0,0,0,1,5,15.82
2024,2024-06-23,June New Hampshire,New Hampshire Motor Speedway,Noah Gragson,10,27,21,200,0,Running,Ford,23.2,32.0,0,0,0,1,5,19.27
2024,2024-06-23,June New Hampshire,New Hampshire Motor Speedway,Ricky Stenhouse Jr,47,7,13,200,0,Running,Chevrolet,20.6,20.0,0,0,0,2,3,20.72
2024,2024-06-23,June New Hampshire,New Hampshire Motor Speedway,Ross Chastain,1,10,8,200,0,Running,Chevrolet,9.4,15.5,0,0,0,2,6,13.19
2024,2024-06-23,June New Hampshire,New Hampshire Motor Speedway,Ryan Blaney,12,25,2,200,0,Running,Ford,21.4,20.0,0,0,1,5,7,5.93
2024,2024-06-23,June New Hampshire,New Hampshire Motor Speedway,Ryan Preece,41,11,31,200,0,Running,Ford,23.4,28.0,0,0,0,0,1,22.4
2024,2024-06-23,June New Hampshire,New Hampshire Motor Speedway,Todd Gilliland,38,12,16,200,19,Running,Ford,14.0,23.0,0,0,0,0,2,9.11
2024,2024-06-23,June New Hampshire,New Hampshire Motor Speedway,Ty Dillon,16,20,36,200,0,Running,Chevrolet,26.6,29.5,0,0,0,0,0,30.26
2024,2024-06-23,June New Hampshire,New Hampshire Motor Speedway,Ty Gibbs,54,16,18,200,0,Running,Toyota,16.2,27.0,0,0,0,4,8,12.82
2024,2024-06-23,June New Hampshire,New Hampshire Motor Speedway,Tyler Reddick,45,6,12,200,53,Running,Toyota,14.0,13.5,0,0,1,6,10,9.36
2024,2024-06-23,June New Hampshire,New Hampshire Motor Speedway,William Byron,24,26,3,200,0,Running,Chevrolet,11.2,17.5,0,0,3,6,10,16.64
2024,2024-06-23,June New Hampshire,New Hampshire Motor Speedway,Zane Smith,71,30,34,200,0,Running,Chevrolet,26.8,15.0,0,0,0,0,0,32.7
2025,2025-09-21,September New Hampshire,New Hampshire Motor Speedway,AJ Allmendinger,16,20,12,200,0,Running,Chevrolet,22.4,17.5,0,0,0,2,6,17.96
2025,2025-09-21,September New Hampshire,New Hampshire Motor Speedway,Alex Bowman,48,15,7,200,0,Running,Chevrolet,20.6,28.33,0,0,0,6,15,10.34
2025,2025-09-21,September New Hampshire,New Hampshire Motor Speedway,Austin Cindric,2,17,22,200,0,Running,Ford,21.0,19.0,0,0,1,2,5,17.62
2025,2025-09-21,September New Hampshire,New Hampshire Motor Speedway,Austin Dillon,3,13,28,200,0,Running,Chevrolet,18.8,21.67,0,0,1,1,5,21.1
2025,2025-09-21,September New Hampshire,New Hampshire Motor Speedway,Brad Keselowski,6,23,17,200,0,Running,Ford,12.2,13.33,0,0,0,5,9,22.72
2025,2025-09-21,September New Hampshire,New Hampshire Motor Speedway,Bubba Wallace,23,26,14,200,0,Running,Toyota,22.6,15.0,0,0,1,4,12,20.77
2025,2025-09-21,September New Hampshire,New Hampshire Motor Speedway,Carson Hocevar,77,11,6,200,0,Running,Chevrolet,16.0,17.0,0,0,0,2,8,7.12
2025,2025-09-21,September New Hampshire,New Hampshire Motor Speedway,Chase Briscoe,19,10,18,200,19,Running,Toyota,9.6,9.0,0,0,2,12,15,12.86
2025,2025-09-21,September New Hampshire,New Hampshire Motor Speedway,Chase Elliott,9,5,27,200,3,Running,Chevrolet,21.2,10.67,0,1,1,8,14,11.98
2025,2025-09-21,September New Hampshire,New Hampshire Motor Speedway,Chris Buescher,17,18,15,200,0,Running,Ford,13.4,12.33,0,0,0,4,15,18.6
2025,2025-09-21,September New Hampshire,New Hampshire Motor Speedway,Christopher Bell,20,6,19,200,0,Running,Toyota,14.2,10.33,2,1,4,10,16,10.88
2025,2025-09-21,September New Hampshire,New Hampshire Motor Speedway,Cody Ware,51,31,35,200,2,Running,Ford,29.4,30.0,0,0,0,0,0,31.85
2025,2025-09-21,September New Hampshire,New Hampshire Motor Speedway,Cole Custer,41,24,31,200,0,Running,Ford,22.4,31.0,0,0,0,1,2,27.53
2025,2025-09-21,September New Hampshire,New Hampshire Motor Speedway,Daniel Suarez,99,36,32,200,0,Running,Chevrolet,21.2,15.33,0,0,0,2,6,32.0
2025,2025-09-21,September New Hampshire,New Hampshire Motor Speedway,Denny Hamlin,11,12,9,200,0,Running,Toyota,14.8,12.33,0,0,5,12,15,9.92
2025,2025-09-21,September New Hampshire,New Hampshire Motor Speedway,Erik Jones,43,28,26,200,0,Running,Toyota,15.0,14.33,0,0,0,4,5,28.48
2025,2025-09-21,September New Hampshire,New Hampshire Motor Speedway,Joey Logano,22,4,1,200,147,Running,Ford,12.2,19.33,0,0,1,5,9,2.03
2025,2025-09-21,September New Hampshire,New Hampshire Motor Speedway,John Hunter Nemechek,42,34,29,200,0,Running,Toyota,15.4,8.0,0,0,0,2,8,31.55
2025,2025-09-21,September New Hampshire,New Hampshire Motor Speedway,Josh Berry,21,2,3,200,10,Running,Ford,26.0,3.0,0,0,1,2,5,8.36
2025,2025-09-21,September New Hampshire,New Hampshire Motor Speedway,Justin Haley,7,33,21,200,0,Running,Chevrolet,21.6,22.0,0,0,0,1,2,29.28
2025,2025-09-21,September New Hampshire,New Hampshire Motor Speedway,Kyle Busch,8,30,24,200,0,Running,Chevrolet,19.0,27.67,0,0,0,2,8,31.92
2025,2025-09-21,September New Hampshire,New Hampshire Motor Speedway,Kyle Larson,5,7,16,200,4,Running,Chevrolet,15.0,7.0,0,0,3,11,16,6.06
2025,2025-09-21,September New Hampshire,New Hampshire Motor Speedway,Michael McDowell,71,8,11,200,0,Running,Chevrolet,18.6,18.67,0,0,0,2,3,10.63
2025,2025-09-21,September New Hampshire,New Hampshire Motor Speedway,Noah Gragson,4,16,33,200,0,Running,Ford,26.4,29.5,0,0,0,1,3,18.92
2025,2025-09-21,September New Hampshire,New Hampshire Motor Speedway,Ricky Stenhouse Jr,47,25,34,200,0,Running,Chevrolet,26.0,15.67,0,0,0,1,3,27.66
2025,2025-09-21,September New Hampshire,New Hampshire Motor Speedway,Riley Herbst,35,22,25,200,0,Running,Toyota,29.6,15.0,0,0,0,0,0,23.71
2025,2025-09-21,September New Hampshire,New Hampshire Motor Speedway,Ross Chastain,1,9,8,200,0,Running,Chevrolet,17.6,13.67,0,0,1,3,10,11.5
2025,2025-09-21,September New Hampshire,New Hampshire Motor Speedway,Ryan Blaney,12,1,2,200,116,Running,Ford,6.0,21.67,0,0,2,12,16,3.45
2025,2025-09-21,September New Hampshire,New Hampshire Motor Speedway,Ryan Preece,60,14,23,200,0,Running,Ford,19.8,19.5,0,0,0,3,10,18.47
2025,2025-09-21,September New Hampshire,New Hampshire Motor Speedway,Shane van Gisbergen,88,32,10,200,0,Running,Chevrolet,22.6,15.0,0,0,4,4,5,22.7
2025,2025-09-21,September New Hampshire,New Hampshire Motor Speedway,Todd Gilliland,34,19,36,200,0,Running,Ford,23.6,19.33,0,0,0,0,3,24.82
2025,2025-09-21,September New Hampshire,New Hampshire Motor Speedway,Ty Dillon,10,29,30,200,0,Running,Chevrolet,27.4,26.33,0,0,0,0,1,28.48
2025,2025-09-21,September New Hampshire,New Hampshire Motor Speedway,Ty Gibbs,54,35,13,200,0,Running,Toyota,13.6,21.5,0,0,0,4,9,26.66
2025,2025-09-21,September New Hampshire,New Hampshire Motor Speedway,Tyler Reddick,45,21,4,200,0,Running,Toyota,17.6,11.0,0,0,0,6,10,12.08
2025,2025-09-21,September New Hampshire,New Hampshire Motor Speedway,William Byron,24,3,5,200,0,Running,Chevrolet,15.0,20.33,0,0,2,9,13,4.49
2025,2025-09-21,September New Hampshire,New Hampshire Motor Speedway,Zane Smith,38,27,20,200,0,Running,Chevrolet,18.2,30.0,0,0,0,1,4,21.51
2022,2022-03-13,March Phoenix,Phoenix Raceway,AJ Allmendinger,16,20,29,200,0,Running,Chevrolet,15.0,15.0,0,0,0,0,0,24.6
2022,2022-03-13,March Phoenix,Phoenix Raceway,Alex Bowman,48,14,9,200,0,Running,Chevrolet,16.67,15.0,0,0,1,1,1,10.3
2022,2022-03-13,March Phoenix,Phoenix Raceway,Aric Almirola,10,12,5,200,0,Running,Ford,5.67,15.0,0,0,0,1,3,14.4
2022,2022-03-13,March Phoenix,Phoenix Raceway,Austin Cindric,2,24,8,200,0,Running,Ford,10.67,15.0,0,0,1,1,1,19.9
2022,2022-03-13,March Phoenix,Phoenix Raceway,Austin Dillon,3,21,13,200,0,Running,Chevrolet,12.67,15.0,0,0,0,1,1,9.8
2022,2022-03-13,March Phoenix,Phoenix Raceway,BJ McLeod,78,33,34,200,0,Running,Chevrolet,25.67,15.0,0,0,0,0,0,34.5
2022,2022-03-13,March Phoenix,Phoenix Raceway,Brad Keselowski,6,23,18,200,0,Running,Ford,20.0,15.0,0,0,0,0,1,24.5
2022,2022-03-13,March Phoenix,Phoenix Raceway,Bubba Wallace,23,22,27,200,0,Running,Toyota,15.33,15.0,0,0,0,1,1,25.6
2022,2022-03-13,March Phoenix,Phoenix Raceway,Chase Briscoe,14,1,6,200,101,Running,Ford,18.0,15.0,0,0,0,1,1,4.6
2022,2022-03-13,March Phoenix,Phoenix Raceway,Chase Elliott,9,11,19,200,50,Running,Chevrolet,15.0,15.0,0,0,0,0,2,3.9
2022,2022-03-13,March Phoenix,Phoenix Raceway,Chris Buescher,17,10,26,200,0,Running,Ford,23.0,15.0,0,0,0,0,0,18.0
2022,2022-03-13,March Phoenix,Phoenix Raceway,Christopher Bell,20,26,4,200,0,Running,Toyota,26.67,15.0,0,0,0,0,1,21.6
2022,2022-03-13,March Phoenix,Phoenix Raceway,Cody Ware,51,31,32,200,0,Running,Ford,25.0,15.0,0,0,0,0,0,32.5
2022,2022-03-13,March Phoenix,Phoenix Raceway,Cole Custer,41,16,25,200,0,Running,Ford,21.33,15.0,0,0,0,0,0,16.7
2022,2022-03-13,March Phoenix,Phoenix Raceway,Corey LaJoie,7,36,30,200,0,Running,Chevrolet,19.0,15.0,0,0,0,0,0,35.0
2022,2022-03-13,March Phoenix,Phoenix Raceway,Daniel Suarez,99,9,23,200,0,Running,Chevrolet,19.67,15.0,0,0,0,1,1,18.2
2022,2022-03-13,March Phoenix,Phoenix Raceway,Denny Hamlin,11,13,2,200,0,Running,Toyota,28.0,15.0,0,0,0,0,0,15.1
2022,2022-03-13,March Phoenix,Phoenix Raceway,Erik Jones,43,25,14,200,0,Running,Chevrolet,21.0,15.0,0,0,0,1,1,20.7
2022,2022-03-13,March Phoenix,Phoenix Raceway,Garrett Smithley,15,32,35,200,0,Running,Chevrolet,25.5,15.0,0,0,0,0,0,33.7
2022,2022-03-13,March Phoenix,Phoenix Raceway,Harrison Burton,21,29,24,200,0,Running,Ford,29.33,15.0,0,0,0,0,0,27.6
2022,2022-03-13,March Phoenix,Phoenix Raceway,Joey Logano,22,8,10,200,4,Running,Ford,13.33,15.0,0,0,0,1,1,8.5
2022,2022-03-13,March Phoenix,Phoenix Raceway,Justin Haley,31,17,28,200,0,Running,Chevrolet,21.0,15.0,0,0,0,0,0,24.0
2022,2022-03-13,March Phoenix,Phoenix Raceway,Kevin Harvick,4,6,16,200,0,Running,Ford,16.33,15.0,0,0,0,0,1,5.5
2022,2022-03-13,March Phoenix,Phoenix Raceway,Kurt Busch,45,5,15,200,0,Running,Toyota,13.33,15.0,0,0,0,0,1,15.6
2022,2022-03-13,March Phoenix,Phoenix Raceway,Kyle Busch,18,7,11,200,0,Running,Toyota,8.0,15.0,0,0,0,1,2,11.5
2022,2022-03-13,March Phoenix,Phoenix Raceway,Kyle Larson,5,34,7,200,2,Running,Chevrolet,11.67,15.0,0,0,1,2,2,14.5
2022,2022-03-13,March Phoenix,Phoenix Raceway,Landon Cassill,77,30,31,200,0,Running,Chevrolet,15.0,15.0,0,0,0,0,0,31.6
2022,2022-03-13,March Phoenix,Phoenix Raceway,Martin Truex Jr,19,35,20,200,0,Running,Toyota,11.33,15.0,0,0,0,0,1,20.0
2022,2022-03-13,March Phoenix,Phoenix Raceway,Michael McDowell,34,27,22,200,0,Running,Ford,21.67,15.0,0,0,0,0,1,28.8
2022,2022-03-13,March Phoenix,Phoenix Raceway,Ricky Stenhouse Jr,47,28,36,200,0,Running,Chevrolet,19.67,15.0,0,0,0,0,1,27.7
2022,2022-03-13,March Phoenix,Phoenix Raceway,Ross Chastain,1,2,17,200,0,Running,Chevrolet,24.0,15.0,0,0,0,1,1,8.7
2022,2022-03-13,March Phoenix,Phoenix Raceway,Ryan Blaney,12,4,1,200,143,Running,Ford,19.33,15.0,0,0,0,1,1,4.5
2022,2022-03-13,March Phoenix,Phoenix Raceway,Todd Gilliland,38,19,33,200,0,Running,Ford,25.33,15.0,0,0,0,0,0,22.1
2022,2022-03-13,March Phoenix,Phoenix Raceway,Ty Dillon,42,15,21,200,0,Running,Chevrolet,16.0,15.0,0,0,0,0,0,20.6
2022,2022-03-13,March Phoenix,Phoenix Raceway,Tyler Reddick,8,3,12,200,0,Running,Toyota,22.0,15.0,0,0,0,0,1,5.9
2022,2022-03-13,March Phoenix,Phoenix Raceway,William Byron,24,18,3,200,12,Running,Chevrolet,25.67,15.0,0,0,0,1,1,5.7
2022,2022-11-06,November Phoenix,Phoenix Raceway,AJ Allmendinger,16,12,16,200,1,Running,Chevrolet,9.2,20.0,0,0,0,3,8,16.0
2022,2022-11-06,November Phoenix,Phoenix Raceway,Alex Bowman,48,34,24,200,1,Running,Chevrolet,17.8,14.0,0,0,1,4,12,21.0
2022,2022-11-06,November Phoenix,Phoenix Raceway,Aric Almirola,10,20,13,200,0,Running,Ford,16.6,12.0,0,0,0,2,7,16.0
2022,2022-11-06,November Phoenix,Phoenix Raceway,Austin Cindric,2,11,14,200,0,Running,Ford,20.8,24.0,0,0,1,5,9,11.0
2022,2022-11-06,November Phoenix,Phoenix Raceway,Austin Dillon,3,13,15,200,0,Running,Chevrolet,14.0,21.0,0,0,1,5,11,18.0
2022,2022-11-06,November Phoenix,Phoenix Raceway,BJ McLeod,78,31,33,200,0,Running,Chevrolet,31.2,33.0,0,0,0,0,1,33.0
2022,2022-11-06,November Phoenix,Phoenix Raceway,Brad Keselowski,6,35,18,200,0,Running,Ford,19.2,23.0,0,0,0,1,6,25.0
2022,2022-11-06,November Phoenix,Phoenix Raceway,Bubba Wallace,45,22,23,200,0,Running,Toyota,18.4,22.0,0,0,1,5,10,20.0
2022,2022-11-06,November Phoenix,Phoenix Raceway,Chase Briscoe,14,4,3,200,11,Running,Ford,13.6,1.0,1,0,1,5,9,4.0
2022,2022-11-06,November Phoenix,Phoenix Raceway,Chase Elliott,9,28,5,200,0,Running,Chevrolet,13.2,11.0,0,0,5,12,20,17.0
2022,2022-11-06,November Phoenix,Phoenix Raceway,Chris Buescher,17,21,19,200,0,Running,Ford,16.6,10.0,0,0,1,3,10,25.0
2022,2022-11-06,November Phoenix,Phoenix Raceway,Christopher Bell,20,10,17,200,0,Running,Toyota,12.8,26.0,0,0,3,12,19,10.0
2022,2022-11-06,November Phoenix,Phoenix Raceway,Cody Ware,51,30,34,200,0,Running,Ford,30.8,31.0,0,0,0,0,1,32.0
2022,2022-11-06,November Phoenix,Phoenix Raceway,Cole Custer,41,16,9,200,3,Running,Ford,20.6,16.0,0,0,0,0,3,19.0
2022,2022-11-06,November Phoenix,Phoenix Raceway,Corey LaJoie,7,18,27,200,0,Running,Chevrolet,23.0,36.0,0,0,0,1,1,26.0
2022,2022-11-06,November Phoenix,Phoenix Raceway,Daniel Hemric,23,17,10,200,0,Running,Chevrolet,30.0,15.0,0,0,0,0,1,20.0
2022,2022-11-06,November Phoenix,Phoenix Raceway,Daniel Suarez,99,24,28,200,0,Running,Chevrolet,16.4,9.0,0,0,1,6,13,23.0
2022,2022-11-06,November Phoenix,Phoenix Raceway,Denny Hamlin,11,8,21,200,0,Running,Toyota,7.0,13.0,0,0,2,10,15,13.0
2022,2022-11-06,November Phoenix,Phoenix Raceway,Erik Jones,43,14,30,200,0,Running,Chevrolet,14.6,25.0,0,0,1,3,13,15.0
2022,2022-11-06,November Phoenix,Phoenix Raceway,Garrett Smithley,15,33,35,200,0,Running,Chevrolet,26.6,32.0,0,0,0,0,0,35.0
2022,2022-11-06,November Phoenix,Phoenix Raceway,Harrison Burton,21,19,6,200,0,Running,Ford,24.2,29.0,0,0,0,1,2,18.0
2022,2022-11-06,November Phoenix,Phoenix Raceway,Joey Logano,22,1,1,200,187,Running,Ford,14.0,8.0,0,0,3,10,16,2.0
2022,2022-11-06,November Phoenix,Phoenix Raceway,Justin Haley,31,27,26,200,0,Running,Chevrolet,17.8,17.0,0,0,0,3,4,27.0
2022,2022-11-06,November Phoenix,Phoenix Raceway,Kevin Harvick,4,5,7,200,0,Running,Ford,13.4,6.0,0,0,2,8,16,6.0
2022,2022-11-06,November Phoenix,Phoenix Raceway,Kyle Busch,18,7,22,200,0,Running,Toyota,12.8,7.0,0,0,1,8,16,14.0
2022,2022-11-06,November Phoenix,Phoenix Raceway,Kyle Larson,5,9,4,200,0,Running,Chevrolet,18.2,34.0,0,0,3,13,18,6.0
2022,2022-11-06,November Phoenix,Phoenix Raceway,Landon Cassill,77,36,36,200,0,Running,Chevrolet,25.2,30.0,0,0,0,1,1,35.0
2022,2022-11-06,November Phoenix,Phoenix Raceway,Martin Truex Jr,19,15,12,200,0,Running,Toyota,15.2,35.0,0,0,0,4,15,7.0
2022,2022-11-06,November Phoenix,Phoenix Raceway,Michael McDowell,34,25,20,200,0,Running,Ford,16.4,27.0,0,0,0,2,12,26.0
2022,2022-11-06,November Phoenix,Phoenix Raceway,Ricky Stenhouse Jr,47,32,29,200,0,Running,Chevrolet,20.2,28.0,0,0,0,1,5,32.0
2022,2022-11-06,November Phoenix,Phoenix Raceway,Ross Chastain,1,3,25,200,0,Running,Chevrolet,9.8,2.0,0,0,2,14,20,9.0
2022,2022-11-06,November Phoenix,Phoenix Raceway,Ryan Blaney,12,2,2,200,109,Running,Ford,15.2,4.0,0,1,0,11,16,2.0
2022,2022-11-06,November Phoenix,Phoenix Raceway,Todd Gilliland,38,29,31,200,0,Running,Ford,21.2,19.0,0,0,0,1,2,31.0
2022,2022-11-06,November Phoenix,Phoenix Raceway,Ty Dillon,42,26,32,200,0,Running,Chevrolet,27.6,15.0,0,0,0,0,1,28.0
2022,2022-11-06,November Phoenix,Phoenix Raceway,Tyler Reddick,8,23,11,200,0,Running,Toyota,22.4,3.0,0,0,3,10,15,15.0
2022,2022-11-06,November Phoenix,Phoenix Raceway,William Byron,24,6,8,200,0,Running,Chevrolet,12.0,18.0,0,0,2,5,10,8.0
2023,2023-03-12,March Phoenix,Phoenix Raceway,AJ Allmendinger,16,20,22,200,0,Running,Chevrolet,19.0,16.0,0,0,0,0,1,21.59
2023,2023-03-12,March Phoenix,Phoenix Raceway,Alex Bowman,48,9,18,200,0,Running,Chevrolet,15.8,24.0,0,0,0,2,3,12.4
2023,2023-03-12,March Phoenix,Phoenix Raceway,Aric Almirola,10,33,31,200,0,Running,Ford,21.4,16.0,0,0,0,0,0,28.87
2023,2023-03-12,March Phoenix,Phoenix Raceway,Austin Cindric,2,25,20,200,0,Running,Ford,18.8,17.5,0,0,0,0,1,26.75
2023,2023-03-12,March Phoenix,Phoenix Raceway,Austin Dillon,3,16,30,200,0,Running,Chevrolet,23.0,17.0,0,0,0,0,1,25.27
2023,2023-03-12,March Phoenix,Phoenix Raceway,BJ McLeod,78,36,33,200,0,Running,Chevrolet,30.2,32.0,0,0,0,0,0,35.99
2023,2023-03-12,March Phoenix,Phoenix Raceway,Brad Keselowski,6,18,4,200,1,Running,Ford,23.4,29.0,0,0,0,0,1,6.26
2023,2023-03-12,March Phoenix,Phoenix Raceway,Bubba Wallace,23,14,19,200,0,Running,Toyota,16.8,22.0,0,0,0,1,1,16.56
2023,2023-03-12,March Phoenix,Phoenix Raceway,Chase Briscoe,14,7,24,200,0,Running,Ford,19.2,2.5,1,0,0,0,0,12.89
2023,2023-03-12,March Phoenix,Phoenix Raceway,Chris Buescher,17,15,21,200,0,Running,Ford,16.6,15.5,0,0,0,1,1,12.57
2023,2023-03-12,March Phoenix,Phoenix Raceway,Christopher Bell,20,6,5,200,0,Running,Toyota,10.2,18.0,0,0,0,2,2,4.83
2023,2023-03-12,March Phoenix,Phoenix Raceway,Cody Ware,51,34,36,200,0,Running,Ford,26.8,30.5,0,0,0,0,0,34.71
2023,2023-03-12,March Phoenix,Phoenix Raceway,Corey LaJoie,7,26,28,200,0,Running,Chevrolet,17.8,27.0,0,0,0,0,0,27.18
2023,2023-03-12,March Phoenix,Phoenix Raceway,Daniel Suarez,99,22,11,200,0,Running,Chevrolet,11.4,16.5,0,0,0,1,3,15.23
2023,2023-03-12,March Phoenix,Phoenix Raceway,Denny Hamlin,11,23,2,200,0,Running,Toyota,9.4,10.5,0,0,0,0,1,5.76
2023,2023-03-12,March Phoenix,Phoenix Raceway,Erik Jones,43,21,10,200,14,Running,Chevrolet,21.4,19.5,0,0,0,0,0,17.91
2023,2023-03-12,March Phoenix,Phoenix Raceway,Harrison Burton,21,35,27,200,0,Running,Ford,19.4,24.0,0,0,0,0,0,30.98
2023,2023-03-12,March Phoenix,Phoenix Raceway,Joey Logano,22,11,16,200,0,Running,Ford,11.0,4.5,1,1,0,1,2,17.66
2023,2023-03-12,March Phoenix,Phoenix Raceway,Josh Berry,9,10,17,200,0,Running,Chevrolet,29.0,15.0,0,0,0,0,0,18.37
2023,2023-03-12,March Phoenix,Phoenix Raceway,Justin Haley,31,27,26,200,0,Running,Chevrolet,23.0,22.0,0,0,0,0,1,28.46
2023,2023-03-12,March Phoenix,Phoenix Raceway,Kevin Harvick,4,5,15,200,36,Running,Ford,9.4,5.5,0,0,0,1,2,5.08
2023,2023-03-12,March Phoenix,Phoenix Raceway,Kyle Busch,8,8,9,200,0,Running,Chevrolet,14.0,7.0,0,0,1,1,1,13.89
2023,2023-03-12,March Phoenix,Phoenix Raceway,Kyle Larson,5,4,1,200,201,Running,Chevrolet,12.0,21.5,0,0,0,1,1,1.39
2023,2023-03-12,March Phoenix,Phoenix Raceway,Martin Truex Jr,19,17,13,200,0,Running,Toyota,13.6,25.0,0,0,0,0,1,17.98
2023,2023-03-12,March Phoenix,Phoenix Raceway,Michael McDowell,34,13,7,200,0,Running,Ford,22.6,26.0,0,0,0,0,0,15.87
2023,2023-03-12,March Phoenix,Phoenix Raceway,Noah Gragson,42,29,32,200,0,Running,Chevrolet,25.2,15.0,0,0,0,0,0,27.03
2023,2023-03-12,March Phoenix,Phoenix Raceway,Ricky Stenhouse Jr,47,19,23,200,0,Running,Chevrolet,18.2,30.0,0,0,1,1,1,25.62
2023,2023-03-12,March Phoenix,Phoenix Raceway,Ross Chastain,1,24,6,200,1,Running,Chevrolet,6.2,2.5,0,0,0,1,2,8.52
2023,2023-03-12,March Phoenix,Phoenix Raceway,Ryan Blaney,12,2,8,200,0,Running,Ford,10.4,3.0,0,1,0,0,1,7.47
2023,2023-03-12,March Phoenix,Phoenix Raceway,Ryan Preece,41,12,25,200,0,Running,Ford,30.8,15.0,0,0,0,0,0,18.89
2023,2023-03-12,March Phoenix,Phoenix Raceway,Todd Gilliland,15,32,29,200,0,Running,Ford,23.4,24.0,0,0,0,0,0,32.79
2023,2023-03-12,March Phoenix,Phoenix Raceway,Ty Dillon,77,30,35,200,0,Running,Chevrolet,32.4,20.5,0,0,0,0,0,31.74
2023,2023-03-12,March Phoenix,Phoenix Raceway,Ty Gibbs,54,28,14,200,0,Running,Toyota,20.8,15.0,0,0,0,0,0,19.29
2023,2023-03-12,March Phoenix,Phoenix Raceway,Tyler Reddick,45,3,12,200,0,Running,Toyota,29.2,13.0,0,0,0,0,0,6.85
2023,2023-03-12,March Phoenix,Phoenix Raceway,William Byron,24,1,3,200,64,Running,Chevrolet,14.6,12.0,0,0,1,1,1,2.52
2023,2023-03-12,March Phoenix,Phoenix Raceway,Zane Smith,38,31,34,200,0,Running,Chevrolet,15.0,15.0,0,0,0,0,0,30.83
2023,2023-11-05,November Phoenix,Phoenix Raceway,AJ Allmendinger,16,32,32,200,0,Running,Chevrolet,15.0,17.33,0,0,1,4,7,31.21
2023,2023-11-05,November Phoenix,Phoenix Raceway,Alex Bowman,48,17,23,200,0,Running,Chevrolet,24.4,19.0,0,0,0,4,10,19.09
2023,2023-11-05,November Phoenix,Phoenix Raceway,Aric Almirola,10,13,28,200,0,Running,Ford,12.6,21.67,0,0,0,2,5,16.5
2023,2023-11-05,November Phoenix,Phoenix Raceway,Austin Cindric,2,35,27,200,0,Running,Ford,14.8,20.0,0,0,0,1,5,32.51
2023,2023-11-05,November Phoenix,Phoenix Raceway,Austin Dillon,3,12,21,200,0,Running,Chevrolet,19.6,16.67,0,0,0,1,7,21.81
2023,2023-11-05,November Phoenix,Phoenix Raceway,BJ McLeod,78,33,36,200,0,Running,Chevrolet,29.8,33.33,0,0,0,0,0,34.03
2023,2023-11-05,November Phoenix,Phoenix Raceway,Brad Keselowski,6,15,31,200,0,Running,Ford,23.0,25.33,0,0,0,7,16,13.37
2023,2023-11-05,November Phoenix,Phoenix Raceway,Bubba Wallace,23,10,5,200,0,Running,Toyota,13.8,19.33,0,0,0,5,9,7.56
2023,2023-11-05,November Phoenix,Phoenix Raceway,Carson Hocevar,42,19,22,200,0,Running,Chevrolet,25.8,15.0,0,0,0,0,0,18.76
2023,2023-11-05,November Phoenix,Phoenix Raceway,Chase Briscoe,14,24,26,200,2,Running,Ford,19.0,4.0,1,0,0,4,8,21.15
2023,2023-11-05,November Phoenix,Phoenix Raceway,Chase Elliott,9,16,20,200,0,Running,Chevrolet,16.0,19.5,0,0,0,7,15,21.24
2023,2023-11-05,November Phoenix,Phoenix Raceway,Chris Buescher,17,5,9,200,18,Running,Ford,13.2,15.33,0,0,3,8,16,6.16
2023,2023-11-05,November Phoenix,Phoenix Raceway,Christopher Bell,20,36,13,200,0,Running,Toyota,7.8,14.0,0,0,2,10,19,26.63
2023,2023-11-05,November Phoenix,Phoenix Raceway,Corey LaJoie,7,31,29,200,0,Running,Chevrolet,16.4,26.67,0,0,0,2,3,32.04
2023,2023-11-05,November Phoenix,Phoenix Raceway,Daniel Suarez,99,11,16,200,0,Running,Chevrolet,21.6,18.33,0,0,0,3,10,14.31
2023,2023-11-05,November Phoenix,Phoenix Raceway,Denny Hamlin,11,8,6,200,14,Running,Toyota,16.6,14.67,0,0,3,14,18,9.83
2023,2023-11-05,November Phoenix,Phoenix Raceway,Erik Jones,43,20,7,200,0,Running,Chevrolet,25.0,20.0,0,0,0,1,7,10.46
2023,2023-11-05,November Phoenix,Phoenix Raceway,Harrison Burton,21,26,25,200,0,Running,Ford,25.2,27.67,0,0,0,0,2,25.97
2023,2023-11-05,November Phoenix,Phoenix Raceway,JJ Yeley,15,27,34,200,0,Running,Chevrolet,33.0,15.0,0,0,0,0,1,28.85
2023,2023-11-05,November Phoenix,Phoenix Raceway,Joey Logano,22,18,17,200,0,Running,Ford,10.8,6.67,1,1,1,11,17,15.44
2023,2023-11-05,November Phoenix,Phoenix Raceway,Justin Haley,31,29,35,200,0,Running,Chevrolet,20.6,23.67,0,0,0,1,6,30.38
2023,2023-11-05,November Phoenix,Phoenix Raceway,Kevin Harvick,4,7,3,200,23,Running,Ford,20.0,5.33,0,0,0,6,13,4.15
2023,2023-11-05,November Phoenix,Phoenix Raceway,Kyle Busch,8,25,18,200,0,Running,Chevrolet,15.2,7.33,0,0,3,10,17,17.73
2023,2023-11-05,November Phoenix,Phoenix Raceway,Kyle Larson,5,3,4,200,0,Running,Chevrolet,13.8,15.67,0,1,4,14,17,4.9
2023,2023-11-05,November Phoenix,Phoenix Raceway,Martin Truex Jr,19,6,2,200,1,Running,Toyota,17.6,22.33,0,0,3,9,16,5.22
2023,2023-11-05,November Phoenix,Phoenix Raceway,Michael McDowell,34,9,19,200,0,Running,Ford,23.4,21.67,0,0,1,2,7,17.16
2023,2023-11-05,November Phoenix,Phoenix Raceway,Ricky Stenhouse Jr,47,23,24,200,0,Running,Chevrolet,25.4,26.33,0,0,1,2,9,22.42
2023,2023-11-05,November Phoenix,Phoenix Raceway,Ross Chastain,1,1,8,200,157,Running,Chevrolet,19.4,9.67,0,0,1,9,13,2.46
2023,2023-11-05,November Phoenix,Phoenix Raceway,Ryan Blaney,12,2,15,200,2,Running,Ford,4.4,2.67,0,1,3,7,17,6.17
2023,2023-11-05,November Phoenix,Phoenix Raceway,Ryan Newman,51,34,30,200,0,Running,Ford,29.4,15.0,0,0,0,0,0,34.5
2023,2023-11-05,November Phoenix,Phoenix Raceway,Ryan Preece,41,14,12,200,0,Running,Ford,15.6,12.0,0,0,0,1,2,17.26
2023,2023-11-05,November Phoenix,Phoenix Raceway,Todd Gilliland,38,30,14,200,0,Running,Ford,19.4,26.67,0,0,0,0,4,27.04
2023,2023-11-05,November Phoenix,Phoenix Raceway,Ty Dillon,77,28,33,200,0,Running,Chevrolet,26.0,23.67,0,0,0,0,0,30.64
2023,2023-11-05,November Phoenix,Phoenix Raceway,Ty Gibbs,54,21,11,200,0,Running,Toyota,19.4,28.0,0,0,0,4,10,17.93
2023,2023-11-05,November Phoenix,Phoenix Raceway,Tyler Reddick,45,22,10,200,0,Running,Toyota,11.8,9.67,0,0,2,10,16,17.77
2023,2023-11-05,November Phoenix,Phoenix Raceway,William Byron,24,4,1,200,95,Running,Chevrolet,5.6,8.33,1,0,6,14,20,3.33
2024,2024-03-10,March Phoenix,Phoenix Raceway,Alex Bowman,48,20,25,200,0,Running,Chevrolet,19.2,18.5,0,0,0,1,1,17.75
2024,2024-03-10,March Phoenix,Phoenix Raceway,Austin Cindric,2,36,34,200,0,Running,Ford,19.8,23.75,0,0,0,1,1,35.9
2024,2024-03-10,March Phoenix,Phoenix Raceway,Austin Dillon,3,32,30,200,0,Running,Chevrolet,22.0,15.5,0,0,0,0,0,33.95
2024,2024-03-10,March Phoenix,Phoenix Raceway,Brad Keselowski,6,4,18,200,0,Running,Ford,25.4,22.75,0,0,0,0,0,9.81
2024,2024-03-10,March Phoenix,Phoenix Raceway,Bubba Wallace,23,16,22,200,0,Running,Toyota,13.2,17.0,0,0,0,2,2,17.53
2024,2024-03-10,March Phoenix,Phoenix Raceway,Carson Hocevar,77,15,10,200,0,Running,Chevrolet,24.8,19.0,0,0,0,0,0,19.1
2024,2024-03-10,March Phoenix,Phoenix Raceway,Chase Briscoe,14,9,8,200,0,Running,Ford,18.0,9.0,1,0,0,0,1,12.53
2024,2024-03-10,March Phoenix,Phoenix Raceway,Chase Elliott,9,19,3,200,0,Running,Chevrolet,14.8,18.33,0,0,0,0,0,9.94
2024,2024-03-10,March Phoenix,Phoenix Raceway,Chris Buescher,17,2,14,200,0,Running,Ford,15.4,12.75,0,0,0,0,1,12.45
2024,2024-03-10,March Phoenix,Phoenix Raceway,Christopher Bell,20,1,13,200,50,Running,Toyota,22.6,19.5,0,0,0,1,1,7.82
2024,2024-03-10,March Phoenix,Phoenix Raceway,Corey LaJoie,7,33,35,200,0,Running,Chevrolet,20.4,27.75,0,0,0,1,1,27.87
2024,2024-03-10,March Phoenix,Phoenix Raceway,Daniel Hemric,31,28,21,200,0,Running,Chevrolet,20.8,17.0,0,0,0,0,0,29.41
2024,2024-03-10,March Phoenix,Phoenix Raceway,Daniel Suarez,99,13,15,200,0,Running,Chevrolet,18.2,16.5,0,0,1,1,1,13.51
2024,2024-03-10,March Phoenix,Phoenix Raceway,Denny Hamlin,11,11,1,200,68,Running,Toyota,12.2,13.0,0,0,0,0,1,5.98
2024,2024-03-10,March Phoenix,Phoenix Raceway,Derek Kraus,16,35,26,200,0,Running,Chevrolet,28.0,15.0,0,0,0,0,0,31.76
2024,2024-03-10,March Phoenix,Phoenix Raceway,Erik Jones,43,31,4,200,0,Running,Toyota,17.6,20.0,0,0,0,0,1,16.18
2024,2024-03-10,March Phoenix,Phoenix Raceway,Harrison Burton,21,27,24,200,0,Running,Ford,24.2,27.25,0,0,0,0,0,28.45
2024,2024-03-10,March Phoenix,Phoenix Raceway,Joey Logano,22,34,23,200,0,Running,Ford,18.4,9.5,1,1,0,0,1,26.58
2024,2024-03-10,March Phoenix,Phoenix Raceway,John Hunter Nemechek,42,25,19,200,0,Running,Toyota,21.8,15.0,0,0,0,0,1,23.85
2024,2024-03-10,March Phoenix,Phoenix Raceway,Josh Berry,4,26,36,200,0,Running,Ford,26.0,10.0,0,0,0,0,0,24.76
2024,2024-03-10,March Phoenix,Phoenix Raceway,Justin Haley,51,24,33,200,0,Running,Chevrolet,26.4,25.0,0,0,0,0,0,28.17
2024,2024-03-10,March Phoenix,Phoenix Raceway,Kaz Grala,15,30,32,200,0,Running,Chevrolet,26.2,15.0,0,0,0,0,0,32.09
2024,2024-03-10,March Phoenix,Phoenix Raceway,Kyle Busch,8,22,31,200,0,Running,Chevrolet,18.6,11.75,0,0,0,1,1,23.85
2024,2024-03-10,March Phoenix,Phoenix Raceway,Kyle Larson,5,14,17,200,0,Running,Chevrolet,10.6,12.5,0,1,1,1,1,16.22
2024,2024-03-10,March Phoenix,Phoenix Raceway,Martin Truex Jr,19,7,11,200,55,Running,Toyota,10.4,18.25,0,0,0,0,1,7.85
2024,2024-03-10,March Phoenix,Phoenix Raceway,Michael McDowell,34,8,9,200,0,Running,Ford,20.6,18.5,0,0,0,0,1,12.53
2024,2024-03-10,March Phoenix,Phoenix Raceway,Noah Gragson,10,12,7,200,0,Running,Ford,20.2,29.0,0,0,0,0,2,10.41
2024,2024-03-10,March Phoenix,Phoenix Raceway,Ricky Stenhouse Jr,47,21,20,200,0,Running,Chevrolet,19.2,25.5,0,0,0,0,1,22.69
2024,2024-03-10,March Phoenix,Phoenix Raceway,Ross Chastain,1,6,12,200,0,Running,Chevrolet,9.4,7.5,1,0,0,1,2,13.21
2024,2024-03-10,March Phoenix,Phoenix Raceway,Ryan Blaney,12,5,16,200,0,Running,Ford,7.6,2.5,0,1,0,2,2,9.17
2024,2024-03-10,March Phoenix,Phoenix Raceway,Ryan Preece,41,23,27,200,0,Running,Ford,19.2,13.0,0,0,0,0,0,18.21
2024,2024-03-10,March Phoenix,Phoenix Raceway,Todd Gilliland,38,17,29,200,14,Running,Ford,25.0,27.5,0,0,0,0,0,17.53
2024,2024-03-10,March Phoenix,Phoenix Raceway,Ty Gibbs,54,3,2,200,57,Running,Toyota,14.2,24.5,0,0,0,1,2,6.25
2024,2024-03-10,March Phoenix,Phoenix Raceway,Tyler Reddick,45,10,6,200,68,Running,Toyota,21.8,12.75,0,0,0,1,1,4.75
2024,2024-03-10,March Phoenix,Phoenix Raceway,William Byron,24,18,5,200,0,Running,Chevrolet,9.0,7.25,1,1,1,1,2,9.23
2024,2024-03-10,March Phoenix,Phoenix Raceway,Zane Smith,71,29,28,200,0,Running,Chevrolet,27.6,31.0,0,0,0,0,0,28.7
2024,2024-11-10,November Phoenix,Phoenix Raceway,Alex Bowman,48,14,16,200,1,Running,Chevrolet,15.8,18.8,0,0,1,8,17,15.0
2024,2024-11-10,November Phoenix,Phoenix Raceway,Austin Cindric,2,13,11,200,0,Running,Ford,20.2,26.2,0,0,1,4,7,13.0
2024,2024-11-10,November Phoenix,Phoenix Raceway,Austin Dillon,3,27,36,200,0,Running,Chevrolet,21.8,18.8,0,0,1,1,5,27.0
2024,2024-11-10,November Phoenix,Phoenix Raceway,Brad Keselowski,6,15,27,200,0,Running,Ford,17.4,19.0,0,0,1,9,14,19.0
2024,2024-11-10,November Phoenix,Phoenix Raceway,Bubba Wallace,23,7,29,200,0,Running,Toyota,13.2,16.8,0,0,0,6,13,12.0
2024,2024-11-10,November Phoenix,Phoenix Raceway,Carson Hocevar,77,18,15,200,0,Running,Chevrolet,16.6,17.0,0,0,0,1,6,12.0
2024,2024-11-10,November Phoenix,Phoenix Raceway,Chad Finchum,66,36,38,200,0,Running,Chevrolet,37.5,15.0,0,0,0,0,0,38.0
2024,2024-11-10,November Phoenix,Phoenix Raceway,Chase Briscoe,14,29,12,200,0,Running,Ford,23.8,9.0,1,0,1,3,9,28.0
2024,2024-11-10,November Phoenix,Phoenix Raceway,Chase Elliott,9,8,5,200,7,Running,Chevrolet,14.8,18.5,0,0,1,11,18,6.0
2024,2024-11-10,November Phoenix,Phoenix Raceway,Chris Buescher,17,9,24,200,0,Running,Ford,17.8,10.6,0,0,1,6,14,11.0
2024,2024-11-10,November Phoenix,Phoenix Raceway,Christopher Bell,20,5,7,200,143,Running,Toyota,7.2,15.8,1,0,3,14,22,3.0
2024,2024-11-10,November Phoenix,Phoenix Raceway,Corey LaJoie,51,32,20,200,0,Running,Chevrolet,27.8,28.8,0,0,0,1,3,30.0
2024,2024-11-10,November Phoenix,Phoenix Raceway,Daniel Hemric,31,23,22,200,0,Running,Chevrolet,25.4,22.5,0,0,0,0,4,27.0
2024,2024-11-10,November Phoenix,Phoenix Raceway,Daniel Suarez,99,10,34,200,0,Running,Chevrolet,19.6,15.8,0,0,1,4,8,15.0
2024,2024-11-10,November Phoenix,Phoenix Raceway,Denny Hamlin,11,11,14,200,0,Running,Toyota,8.0,12.6,0,1,3,12,18,10.0
2024,2024-11-10,November Phoenix,Phoenix Raceway,Derek Kraus,16,25,26,200,0,Running,Chevrolet,30.6,35.0,0,0,0,0,0,32.0
2024,2024-11-10,November Phoenix,Phoenix Raceway,Erik Jones,43,22,19,200,0,Running,Toyota,20.8,22.2,0,0,0,1,2,25.0
2024,2024-11-10,November Phoenix,Phoenix Raceway,Harrison Burton,21,16,9,200,0,Running,Ford,25.8,27.2,0,0,1,1,2,19.0
2024,2024-11-10,November Phoenix,Phoenix Raceway,Jeb Burton,50,38,40,200,0,Running,Chevrolet,15.0,15.0,0,0,0,0,0,39.0
2024,2024-11-10,November Phoenix,Phoenix Raceway,Jimmie Johnson,84,26,23,200,0,Running,Chevrolet,32.8,15.0,0,0,0,0,0,26.0
2024,2024-11-10,November Phoenix,Phoenix Raceway,JJ Yeley,44,35,37,200,0,Running,Chevrolet,32.0,27.0,0,0,0,0,0,36.0
2024,2024-11-10,November Phoenix,Phoenix Raceway,Joey Logano,22,1,2,200,107,Running,Ford,16.0,14.4,1,1,3,6,12,3.0
2024,2024-11-10,November Phoenix,Phoenix Raceway,John Hunter Nemechek,42,30,18,200,0,Running,Toyota,26.2,25.0,0,0,0,0,4,21.0
2024,2024-11-10,November Phoenix,Phoenix Raceway,Josh Berry,4,24,39,200,0,Running,Ford,21.8,18.0,0,0,0,2,4,27.0
2024,2024-11-10,November Phoenix,Phoenix Raceway,Justin Haley,7,28,13,200,0,Running,Chevrolet,22.6,24.8,0,0,0,0,3,27.0
2024,2024-11-10,November Phoenix,Phoenix Raceway,Kaz Grala,15,34,31,200,0,Running,Chevrolet,30.8,30.0,0,0,0,0,0,35.0
2024,2024-11-10,November Phoenix,Phoenix Raceway,Kyle Busch,8,21,25,200,0,Running,Chevrolet,20.8,13.8,0,0,0,5,10,22.0
2024,2024-11-10,November Phoenix,Phoenix Raceway,Kyle Larson,5,4,4,200,13,Running,Chevrolet,6.4,12.8,0,1,6,14,17,7.0
2024,2024-11-10,November Phoenix,Phoenix Raceway,Martin Truex Jr,19,17,1,200,9,Running,Toyota,17.0,16.0,0,0,0,5,11,9.0
2024,2024-11-10,November Phoenix,Phoenix Raceway,Michael McDowell,34,31,35,200,0,Running,Ford,23.8,16.4,0,0,0,2,7,33.0
2024,2024-11-10,November Phoenix,Phoenix Raceway,Noah Gragson,10,12,21,200,0,Running,Ford,20.8,20.5,0,0,0,1,7,16.0
2024,2024-11-10,November Phoenix,Phoenix Raceway,Ricky Stenhouse Jr,47,33,30,200,0,Running,Chevrolet,17.0,24.6,0,0,1,3,6,26.0
2024,2024-11-10,November Phoenix,Phoenix Raceway,Ross Chastain,1,19,3,200,0,Running,Chevrolet,23.2,7.2,1,0,1,6,14,16.0
2024,2024-11-10,November Phoenix,Phoenix Raceway,Ryan Blaney,12,2,17,200,12,Running,Ford,16.8,3.0,0,1,3,11,17,4.0
2024,2024-11-10,November Phoenix,Phoenix Raceway,Ryan Preece,41,37,33,200,0,Running,Ford,21.2,16.33,0,0,0,1,5,28.0
2024,2024-11-10,November Phoenix,Phoenix Raceway,Todd Gilliland,38,20,32,200,1,Running,Ford,23.6,25.4,0,0,0,0,4,22.0
2024,2024-11-10,November Phoenix,Phoenix Raceway,Ty Gibbs,54,40,6,200,0,Running,Toyota,29.2,17.33,0,0,0,8,12,40.0
2024,2024-11-10,November Phoenix,Phoenix Raceway,Tyler Reddick,45,6,10,200,0,Running,Toyota,20.2,12.2,0,0,3,12,20,8.0
2024,2024-11-10,November Phoenix,Phoenix Raceway,William Byron,24,3,8,200,19,Running,Chevrolet,4.4,9.4,1,1,3,12,20,4.0
2024,2024-11-10,November Phoenix,Phoenix Raceway,Zane Smith,71,39,28,200,0,Running,Chevrolet,21.4,30.0,0,0,0,2,4,29.0
2025,2025-03-09,March Phoenix,Phoenix Raceway,AJ Allmendinger,16,22,16,200,0,Running,Chevrolet,19.8,21.0,0,0,0,0,0,23.47
2025,2025-03-09,March Phoenix,Phoenix Raceway,Alex Bowman,48,7,32,200,0,Running,Chevrolet,13.6,18.0,0,0,0,0,2,16.04
2025,2025-03-09,March Phoenix,Phoenix Raceway,Austin Cindric,2,19,14,200,6,Running,Ford,15.6,24.0,0,0,0,0,1,11.66
2025,2025-03-09,March Phoenix,Phoenix Raceway,Austin Dillon,3,12,21,200,0,Running,Chevrolet,21.6,20.17,0,0,0,0,0,20.32
2025,2025-03-09,March Phoenix,Phoenix Raceway,Brad Keselowski,6,33,20,200,0,Running,Ford,20.8,18.33,0,0,0,0,0,28.52
2025,2025-03-09,March Phoenix,Phoenix Raceway,Bubba Wallace,23,29,19,200,0,Running,Toyota,16.6,15.17,0,0,0,0,1,18.97
2025,2025-03-09,March Phoenix,Phoenix Raceway,Carson Hocevar,77,36,3,200,0,Running,Chevrolet,17.6,17.33,0,0,0,1,1,27.63
2025,2025-03-09,March Phoenix,Phoenix Raceway,Chase Briscoe,19,35,30,200,0,Running,Toyota,16.6,12.33,1,0,0,1,1,30.63
2025,2025-03-09,March Phoenix,Phoenix Raceway,Chase Elliott,9,10,6,200,0,Running,Chevrolet,9.8,16.4,0,0,0,1,1,12.98
2025,2025-03-09,March Phoenix,Phoenix Raceway,Chris Buescher,17,5,13,200,0,Running,Ford,17.2,10.33,0,0,0,0,2,12.83
2025,2025-03-09,March Phoenix,Phoenix Raceway,Christopher Bell,20,1,11,200,105,Running,Toyota,12.0,14.0,1,0,2,2,2,2.63
2025,2025-03-09,March Phoenix,Phoenix Raceway,Cody Ware,51,24,35,200,0,Running,Ford,24.8,31.67,0,0,0,0,0,28.93
2025,2025-03-09,March Phoenix,Phoenix Raceway,Cole Custer,41,32,23,200,0,Running,Ford,26.4,16.0,0,0,0,0,0,30.77
2025,2025-03-09,March Phoenix,Phoenix Raceway,Daniel Suarez,99,23,31,200,0,Running,Chevrolet,23.0,14.83,0,0,0,0,0,17.3
2025,2025-03-09,March Phoenix,Phoenix Raceway,Denny Hamlin,11,2,10,200,3,Running,Toyota,13.4,12.33,0,1,0,0,1,7.33
2025,2025-03-09,March Phoenix,Phoenix Raceway,Erik Jones,43,18,5,200,0,Running,Toyota,22.2,22.17,0,0,0,0,0,15.78
2025,2025-03-09,March Phoenix,Phoenix Raceway,Joey Logano,22,13,2,200,81,Running,Ford,16.4,12.17,2,1,0,0,0,11.92
2025,2025-03-09,March Phoenix,Phoenix Raceway,John Hunter Nemechek,42,14,36,200,0,Running,Toyota,19.6,27.5,0,0,0,1,2,22.83
2025,2025-03-09,March Phoenix,Phoenix Raceway,Josh Berry,21,4,4,200,0,Running,Ford,25.6,20.0,0,0,0,0,0,9.1
2025,2025-03-09,March Phoenix,Phoenix Raceway,Justin Haley,7,34,8,200,0,Running,Chevrolet,23.2,25.33,0,0,0,0,0,28.17
2025,2025-03-09,March Phoenix,Phoenix Raceway,Katherine Legge,78,30,37,200,0,Running,Chevrolet,15.0,15.0,0,0,0,0,0,31.35
2025,2025-03-09,March Phoenix,Phoenix Raceway,Kyle Busch,8,8,15,200,0,Running,Chevrolet,19.0,15.0,0,0,0,1,2,11.15
2025,2025-03-09,March Phoenix,Phoenix Raceway,Kyle Larson,5,3,17,200,0,Running,Chevrolet,12.4,11.33,0,1,0,1,1,8.39
2025,2025-03-09,March Phoenix,Phoenix Raceway,Michael McDowell,71,27,7,200,0,Running,Chevrolet,19.8,18.83,0,0,0,0,0,28.2
2025,2025-03-09,March Phoenix,Phoenix Raceway,Noah Gragson,4,26,33,200,0,Running,Ford,18.6,17.67,0,0,0,0,1,25.6
2025,2025-03-09,March Phoenix,Phoenix Raceway,Ricky Stenhouse Jr,47,21,22,200,0,Running,Chevrolet,18.8,26.0,0,0,0,1,1,26.11
2025,2025-03-09,March Phoenix,Phoenix Raceway,Riley Herbst,35,37,18,200,0,Running,Toyota,24.2,15.0,0,0,0,0,0,33.91
2025,2025-03-09,March Phoenix,Phoenix Raceway,Ross Chastain,1,11,24,200,0,Running,Chevrolet,17.4,9.17,1,0,0,0,1,12.86
2025,2025-03-09,March Phoenix,Phoenix Raceway,Ryan Blaney,12,28,12,200,0,Running,Ford,6.6,2.83,0,1,0,1,2,9.52
2025,2025-03-09,March Phoenix,Phoenix Raceway,Ryan Preece,60,15,28,200,34,Running,Ford,26.8,21.5,0,0,0,0,0,10.68
2025,2025-03-09,March Phoenix,Phoenix Raceway,Shane van Gisbergen,88,31,29,200,0,Running,Chevrolet,20.6,15.0,0,0,0,0,1,30.22
2025,2025-03-09,March Phoenix,Phoenix Raceway,Todd Gilliland,34,17,27,200,0,Running,Ford,19.6,24.5,0,0,0,0,1,23.41
2025,2025-03-09,March Phoenix,Phoenix Raceway,Ty Dillon,10,16,25,200,0,Running,Chevrolet,23.6,24.75,0,0,0,0,0,23.02
2025,2025-03-09,March Phoenix,Phoenix Raceway,Ty Gibbs,54,25,34,200,0,Running,Toyota,30.8,23.0,0,0,0,0,0,23.07
2025,2025-03-09,March Phoenix,Phoenix Raceway,Tyler Reddick,45,20,9,200,0,Running,Toyota,12.8,11.17,0,0,0,2,2,5.96
2025,2025-03-09,March Phoenix,Phoenix Raceway,William Byron,24,6,1,200,83,Running,Chevrolet,7.8,8.33,1,1,1,2,2,3.77
2025,2025-03-09,March Phoenix,Phoenix Raceway,Zane Smith,38,9,26,200,0,Running,Chevrolet,27.2,33.0,0,0,0,0,0,17.98
2025,2025-11-02,November Phoenix,Phoenix Raceway,AJ Allmendinger,16,38,38,200,0,Running,Chevrolet,25.8,21.2,0,0,0,2,7,35.42
2025,2025-11-02,November Phoenix,Phoenix Raceway,Alex Bowman,48,15,8,200,0,Running,Chevrolet,21.0,16.43,0,0,0,6,16,12.65
2025,2025-11-02,November Phoenix,Phoenix Raceway,Austin Cindric,2,34,4,200,0,Running,Ford,25.4,23.29,0,0,1,2,5,16.13
2025,2025-11-02,November Phoenix,Phoenix Raceway,Austin Dillon,3,20,26,200,0,Running,Chevrolet,25.4,19.0,0,0,1,1,5,25.48
2025,2025-11-02,November Phoenix,Phoenix Raceway,Brad Keselowski,6,2,19,200,6,Running,Ford,16.8,20.43,0,0,0,5,12,16.44
2025,2025-11-02,November Phoenix,Phoenix Raceway,Bubba Wallace,23,37,23,200,0,Running,Toyota,12.8,17.14,0,0,1,6,14,33.65
2025,2025-11-02,November Phoenix,Phoenix Raceway,Carson Hocevar,77,28,6,200,0,Running,Chevrolet,25.4,22.0,0,0,0,2,9,12.21
2025,2025-11-02,November Phoenix,Phoenix Raceway,Casey Mears,66,36,36,200,0,Running,Chevrolet,28.75,15.0,0,0,0,0,0,36.95
2025,2025-11-02,November Phoenix,Phoenix Raceway,Chase Briscoe,19,18,12,200,3,Running,Toyota,12.0,15.57,1,0,3,15,19,11.93
2025,2025-11-02,November Phoenix,Phoenix Raceway,Chase Elliott,9,10,17,200,30,Running,Chevrolet,14.0,15.33,0,0,2,11,18,12.48
2025,2025-11-02,November Phoenix,Phoenix Raceway,Chris Buescher,17,12,9,200,0,Running,Ford,18.0,9.57,0,0,0,5,16,12.65
2025,2025-11-02,November Phoenix,Phoenix Raceway,Christopher Bell,20,11,20,200,0,Running,Toyota,4.8,12.14,2,0,4,13,22,8.62
2025,2025-11-02,November Phoenix,Phoenix Raceway,Cody Ware,51,30,33,200,0,Running,Ford,33.8,29.75,0,0,0,0,0,33.31
2025,2025-11-02,November Phoenix,Phoenix Raceway,Cole Custer,41,25,27,200,0,Running,Ford,18.4,21.33,0,0,0,2,3,25.02
2025,2025-11-02,November Phoenix,Phoenix Raceway,Daniel Suarez,99,19,14,200,0,Running,Chevrolet,15.6,16.0,0,0,0,2,7,21.48
2025,2025-11-02,November Phoenix,Phoenix Raceway,Denny Hamlin,11,6,1,200,208,Running,Toyota,17.0,10.86,0,1,6,14,17,2.29
2025,2025-11-02,November Phoenix,Phoenix Raceway,Erik Jones,43,16,15,200,0,Running,Toyota,26.2,21.57,0,0,0,4,5,20.38
2025,2025-11-02,November Phoenix,Phoenix Raceway,JJ Yeley,44,32,35,200,0,Running,Chevrolet,34.0,31.0,0,0,0,0,0,34.18
2025,2025-11-02,November Phoenix,Phoenix Raceway,Joey Logano,22,4,10,200,0,Running,Ford,14.2,12.29,2,1,1,6,12,7.29
2025,2025-11-02,November Phoenix,Phoenix Raceway,John Hunter Nemechek,42,31,28,200,0,Running,Toyota,24.4,23.0,0,0,0,2,8,31.54
2025,2025-11-02,November Phoenix,Phoenix Raceway,Josh Berry,21,7,7,200,0,Running,Ford,23.6,16.0,0,0,1,3,7,8.94
2025,2025-11-02,November Phoenix,Phoenix Raceway,Justin Haley,7,14,29,200,0,Running,Chevrolet,25.6,26.57,0,0,0,1,2,27.55
2025,2025-11-02,November Phoenix,Phoenix Raceway,Kyle Busch,8,5,11,200,0,Running,Chevrolet,18.8,14.0,0,0,0,2,9,19.98
2025,2025-11-02,November Phoenix,Phoenix Raceway,Kyle Larson,5,3,3,200,0,Running,Chevrolet,8.2,10.14,0,1,3,14,21,8.2
2025,2025-11-02,November Phoenix,Phoenix Raceway,Michael McDowell,71,8,37,200,0,Running,Chevrolet,15.2,20.0,0,0,0,3,5,24.42
2025,2025-11-02,November Phoenix,Phoenix Raceway,Noah Gragson,4,27,18,200,0,Running,Ford,26.0,19.75,0,0,0,1,3,19.43
2025,2025-11-02,November Phoenix,Phoenix Raceway,Ricky Stenhouse Jr,47,17,16,200,0,Running,Chevrolet,26.6,25.29,0,0,0,1,3,19.99
2025,2025-11-02,November Phoenix,Phoenix Raceway,Riley Herbst,35,23,32,200,0,Running,Toyota,27.4,37.0,0,0,0,0,0,25.5
2025,2025-11-02,November Phoenix,Phoenix Raceway,Ross Chastain,1,13,13,200,0,Running,Chevrolet,14.4,9.43,1,0,1,4,12,9.2
2025,2025-11-02,November Phoenix,Phoenix Raceway,Ryan Blaney,12,1,5,200,20,Running,Ford,20.0,6.43,0,1,3,14,18,3.76
2025,2025-11-02,November Phoenix,Phoenix Raceway,Ryan Preece,60,9,21,200,0,Running,Ford,12.4,20.2,0,0,0,3,13,22.44
2025,2025-11-02,November Phoenix,Phoenix Raceway,Shane van Gisbergen,88,24,31,200,0,Running,Chevrolet,13.8,31.0,0,0,5,5,7,31.29
2025,2025-11-02,November Phoenix,Phoenix Raceway,Todd Gilliland,34,22,30,200,0,Running,Ford,12.2,23.43,0,0,0,1,5,19.37
2025,2025-11-02,November Phoenix,Phoenix Raceway,Ty Dillon,10,35,34,200,0,Running,Chevrolet,24.6,23.0,0,0,0,0,1,33.3
2025,2025-11-02,November Phoenix,Phoenix Raceway,Ty Gibbs,54,21,25,200,0,Running,Toyota,17.2,23.4,0,0,0,5,10,21.13
2025,2025-11-02,November Phoenix,Phoenix Raceway,Tyler Reddick,45,26,24,200,0,Running,Toyota,8.0,12.43,0,0,0,7,14,14.53
2025,2025-11-02,November Phoenix,Phoenix Raceway,William Byron,24,33,2,200,52,Running,Chevrolet,16.4,8.0,1,2,3,11,16,3.35
2025,2025-11-02,November Phoenix,Phoenix Raceway,Zane Smith,38,29,22,200,0,Running,Chevrolet,22.6,27.0,0,0,0,1,5,18.58
2026,2026-03-08,March Phoenix,Phoenix Raceway,Ryan Blaney,12,1,5,65,28,Running,Ford,8.0,8.0,0,0,0,0,1,7.4
2026,2026-03-08,March Phoenix,Phoenix Raceway,Christopher Bell,20,2,12,54,176,Running,Toyota,3.0,3.0,0,0,0,1,1,2.7
2026,2026-03-08,March Phoenix,Phoenix Raceway,Kyle Larson,5,3,2,36,0,Running,Chevrolet,6.0,6.0,0,0,0,0,1,11.2
2026,2026-03-08,March Phoenix,Phoenix Raceway,Ty Gibbs,54,4,14,36,12,Running,Toyota,4.0,4.0,0,0,0,1,1,6.5
2026,2026-03-08,March Phoenix,Phoenix Raceway,Denny Hamlin,11,5,11,47,5,Running,Toyota,10.0,10.0,0,0,0,0,1,5.5
2026,2026-03-08,March Phoenix,Phoenix Raceway,Bubba Wallace,23,6,28,37,0,Running,Toyota,11.0,11.0,0,0,0,0,0,12.4
2026,2026-03-08,March Phoenix,Phoenix Raceway,William Byron,24,7,9,32,1,Running,Chevrolet,13.0,13.0,0,0,0,0,0,10.1
2026,2026-03-08,March Phoenix,Phoenix Raceway,Tyler Reddick,45,8,8,39,0,Running,Toyota,1.0,1.0,0,0,1,1,1,5.8
2026,2026-03-08,March Phoenix,Phoenix Raceway,Michael McDowell,71,9,16,28,0,Running,Ford,5.0,5.0,0,0,0,1,1,15.5
2026,2026-03-08,March Phoenix,Phoenix Raceway,Erik Jones,43,10,32,27,0,Running,Toyota,34.0,34.0,0,0,0,0,0,23.8
2026,2026-03-08,March Phoenix,Phoenix Raceway,Shane van Gisbergen,97,11,18,26,0,Running,Chevrolet,2.0,2.0,0,0,0,1,1,21.4
2026,2026-03-08,March Phoenix,Phoenix Raceway,Todd Gilliland,34,12,30,26,0,Running,Ford,21.0,21.0,0,0,0,0,0,17.9
2026,2026-03-08,March Phoenix,Phoenix Raceway,Ryan Preece,60,13,13,24,4,Running,Ford,18.0,18.0,0,0,0,0,0,17.7
2026,2026-03-08,March Phoenix,Phoenix Raceway,Chris Buescher,17,14,17,30,0,Running,Ford,24.0,24.0,0,0,0,0,0,12.5
2026,2026-03-08,March Phoenix,Phoenix Raceway,Brad Keselowski,6,15,37,22,0,Running,Ford,20.0,20.0,0,0,0,0,0,24.2
2026,2026-03-08,March Phoenix,Phoenix Raceway,Austin Dillon,3,16,25,21,0,Running,Chevrolet,19.0,19.0,0,0,0,0,0,16.9
2026,2026-03-08,March Phoenix,Phoenix Raceway,Kyle Busch,8,17,29,20,0,Running,Chevrolet,12.0,12.0,0,0,0,0,0,30.7
2026,2026-03-08,March Phoenix,Phoenix Raceway,Riley Herbst,35,18,22,19,0,Running,Toyota,23.0,23.0,0,0,0,0,0,22.3
2026,2026-03-08,March Phoenix,Phoenix Raceway,AJ Allmendinger,16,19,23,18,0,Running,Chevrolet,9.0,9.0,0,0,0,0,1,18.3
2026,2026-03-08,March Phoenix,Phoenix Raceway,Carson Hocevar,77,20,7,21,0,Running,Chevrolet,31.0,31.0,0,0,0,0,0,13.0
2026,2026-03-08,March Phoenix,Phoenix Raceway,Austin Hill,33,21,27,0,0,Running,Chevrolet,20.0,20.0,0,0,0,0,0,29.9
2026,2026-03-08,March Phoenix,Phoenix Raceway,Ricky Stenhouse Jr,47,22,21,15,0,Running,Chevrolet,28.0,28.0,0,0,0,0,0,26.3
2026,2026-03-08,March Phoenix,Phoenix Raceway,Chase Elliott,9,23,26,14,0,Running,Chevrolet,7.0,7.0,0,0,0,0,1,20.0
2026,2026-03-08,March Phoenix,Phoenix Raceway,Cody Ware,51,24,34,13,0,Running,Ford,30.0,30.0,0,0,0,0,0,31.7
2026,2026-03-08,March Phoenix,Phoenix Raceway,John Hunter Nemechek,42,25,15,12,0,Running,Chevrolet,17.0,17.0,0,0,0,0,0,17.6
2026,2026-03-08,March Phoenix,Phoenix Raceway,Ty Dillon,10,26,33,11,0,Running,Chevrolet,16.0,16.0,0,0,0,0,0,24.5
2026,2026-03-08,March Phoenix,Phoenix Raceway,Zane Smith,38,27,24,10,0,Running,Chevrolet,33.0,33.0,0,0,0,0,0,25.2
2026,2026-03-08,March Phoenix,Phoenix Raceway,Ross Chastain,1,28,6,10,0,Running,Chevrolet,35.0,35.0,0,0,0,0,0,18.5
2026,2026-03-08,March Phoenix,Phoenix Raceway,Connor Zilisch,88,29,19,8,0,Running,Chevrolet,20.0,20.0,0,0,0,0,0,27.1
2026,2026-03-08,March Phoenix,Phoenix Raceway,Daniel Suarez,7,30,4,11,0,Running,Chevrolet,25.0,25.0,0,0,0,0,0,21.1
2026,2026-03-08,March Phoenix,Phoenix Raceway,Joey Logano,22,31,1,23,73,Running,Ford,15.0,15.0,0,0,0,0,0,8.3
2026,2026-03-08,March Phoenix,Phoenix Raceway,Josh Berry,21,32,10,5,13,Running,Ford,26.0,26.0,0,0,0,0,0,19.9
2026,2026-03-08,March Phoenix,Phoenix Raceway,Anthony Alfredo,48,33,31,0,0,Running,Chevrolet,20.0,20.0,0,0,0,0,0,29.1
2026,2026-03-08,March Phoenix,Phoenix Raceway,Austin Cindric,2,34,3,13,0,Running,Ford,32.0,32.0,0,0,0,0,0,15.0
2026,2026-03-08,March Phoenix,Phoenix Raceway,Cole Custer,41,35,36,2,0,Running,Chevrolet,29.0,29.0,0,0,0,0,0,34.0
2026,2026-03-08,March Phoenix,Phoenix Raceway,Noah Gragson,4,36,35,1,0,Running,Chevrolet,22.0,22.0,0,0,0,0,0,33.8
2026,2026-03-08,March Phoenix,Phoenix Raceway,Chase Briscoe,19,37,20,1,0,Running,Toyota,37.0,37.0,0,0,0,0,0,25.1
2022,2022-07-24,July Pocono,Pocono Raceway,Alex Bowman,48,11,17,200,0,Running,Chevrolet,26.2,15.0,0,0,1,3,9,16.8
2022,2022-07-24,July Pocono,Pocono Raceway,Aric Almirola,10,13,12,200,0,Running,Ford,19.6,15.0,0,0,0,2,6,19.86
2022,2022-07-24,July Pocono,Pocono Raceway,Austin Cindric,2,31,20,200,0,Running,Ford,7.0,15.0,0,0,1,3,6,34.46
2022,2022-07-24,July Pocono,Pocono Raceway,Austin Dillon,3,10,15,200,0,Running,Chevrolet,22.8,15.0,0,0,0,3,6,16.37
2022,2022-07-24,July Pocono,Pocono Raceway,BJ McLeod,78,30,35,200,0,Running,Chevrolet,30.6,15.0,0,0,0,0,0,32.37
2022,2022-07-24,July Pocono,Pocono Raceway,Brad Keselowski,6,14,26,200,0,Running,Ford,19.4,15.0,0,0,0,0,3,21.37
2022,2022-07-24,July Pocono,Pocono Raceway,Bubba Wallace,23,8,7,200,4,Running,Toyota,20.0,15.0,0,0,0,2,3,12.27
2022,2022-07-24,July Pocono,Pocono Raceway,Chase Briscoe,14,15,13,200,0,Running,Ford,18.4,15.0,0,0,1,3,4,19.29
2022,2022-07-24,July Pocono,Pocono Raceway,Chase Elliott,9,1,3,200,0,Running,Chevrolet,2.8,15.0,0,0,3,7,14,10.3
2022,2022-07-24,July Pocono,Pocono Raceway,Chris Buescher,17,29,5,200,0,Running,Ford,17.6,15.0,0,0,0,1,5,20.51
2022,2022-07-24,July Pocono,Pocono Raceway,Christopher Bell,20,4,11,200,14,Running,Toyota,14.6,15.0,0,0,1,5,11,8.34
2022,2022-07-24,July Pocono,Pocono Raceway,Cody Ware,51,26,36,200,0,Running,Ford,28.8,15.0,0,0,0,0,0,27.94
2022,2022-07-24,July Pocono,Pocono Raceway,Cole Custer,41,17,32,200,0,Running,Ford,19.6,15.0,0,0,0,0,1,24.64
2022,2022-07-24,July Pocono,Pocono Raceway,Corey LaJoie,7,19,23,200,0,Running,Chevrolet,28.2,15.0,0,0,0,1,1,19.57
2022,2022-07-24,July Pocono,Pocono Raceway,Daniel Suarez,99,3,9,200,0,Running,Chevrolet,7.2,15.0,0,0,1,4,8,11.02
2022,2022-07-24,July Pocono,Pocono Raceway,Denny Hamlin,11,35,1,200,21,Running,Toyota,17.0,15.0,0,0,2,3,5,6.09
2022,2022-07-24,July Pocono,Pocono Raceway,Erik Jones,43,9,34,200,11,Running,Chevrolet,16.4,15.0,0,0,0,2,6,11.11
2022,2022-07-24,July Pocono,Pocono Raceway,Harrison Burton,21,23,28,200,4,Running,Ford,22.2,15.0,0,0,0,0,1,20.44
2022,2022-07-24,July Pocono,Pocono Raceway,JJ Yeley,15,28,33,200,0,Running,Chevrolet,27.2,15.0,0,0,0,0,0,31.31
2022,2022-07-24,July Pocono,Pocono Raceway,Joey Logano,22,20,14,200,0,Running,Ford,20.6,15.0,0,0,2,5,8,21.21
2022,2022-07-24,July Pocono,Pocono Raceway,Josh Bilicki,77,34,31,200,0,Running,Chevrolet,32.0,15.0,0,0,0,0,0,34.28
2022,2022-07-24,July Pocono,Pocono Raceway,Justin Haley,31,21,30,200,0,Running,Chevrolet,17.2,15.0,0,0,0,1,2,24.31
2022,2022-07-24,July Pocono,Pocono Raceway,Kevin Harvick,4,27,24,200,0,Running,Ford,8.2,15.0,0,0,0,5,11,16.9
2022,2022-07-24,July Pocono,Pocono Raceway,Kyle Busch,18,36,2,200,63,Running,Toyota,22.4,15.0,0,0,1,6,11,3.51
2022,2022-07-24,July Pocono,Pocono Raceway,Kyle Larson,5,5,4,200,18,Running,Chevrolet,9.8,15.0,0,0,1,8,10,9.18
2022,2022-07-24,July Pocono,Pocono Raceway,Martin Truex Jr,19,7,8,200,2,Running,Toyota,15.2,15.0,0,0,0,3,8,11.63
2022,2022-07-24,July Pocono,Pocono Raceway,Michael McDowell,34,6,25,200,0,Running,Ford,13.4,15.0,0,0,0,1,7,17.44
2022,2022-07-24,July Pocono,Pocono Raceway,Noah Gragson,16,24,22,200,0,Running,Chevrolet,24.6,15.0,0,0,0,0,0,22.74
2022,2022-07-24,July Pocono,Pocono Raceway,Ricky Stenhouse Jr,47,18,19,200,0,Running,Chevrolet,22.6,15.0,0,0,0,1,5,17.23
2022,2022-07-24,July Pocono,Pocono Raceway,Ross Chastain,1,32,21,200,16,Running,Chevrolet,5.2,15.0,0,0,2,10,14,10.93
2022,2022-07-24,July Pocono,Pocono Raceway,Ryan Blaney,12,33,6,200,7,Running,Ford,8.6,15.0,0,0,0,7,10,15.72
2022,2022-07-24,July Pocono,Pocono Raceway,Todd Gilliland,38,25,29,200,0,Running,Ford,23.0,15.0,0,0,0,0,0,23.94
2022,2022-07-24,July Pocono,Pocono Raceway,Ty Dillon,42,22,27,200,0,Running,Chevrolet,27.0,15.0,0,0,0,0,1,22.04
2022,2022-07-24,July Pocono,Pocono Raceway,Ty Gibbs,45,16,10,200,0,Running,Toyota,15.0,15.0,0,0,0,0,0,25.23
2022,2022-07-24,July Pocono,Pocono Raceway,Tyler Reddick,8,2,16,200,0,Running,Toyota,20.8,15.0,0,0,1,5,7,12.32
2022,2022-07-24,July Pocono,Pocono Raceway,William Byron,24,12,18,200,0,Running,Chevrolet,20.2,15.0,0,0,2,4,5,13.35
2023,2023-07-23,July Pocono,Pocono Raceway,AJ Allmendinger,16,17,16,200,0,Running,Chevrolet,11.0,15.0,0,0,0,1,4,16.9
2023,2023-07-23,July Pocono,Pocono Raceway,Alex Bowman,48,24,20,200,0,Running,Chevrolet,21.8,11.0,0,0,0,3,6,14.4
2023,2023-07-23,July Pocono,Pocono Raceway,Aric Almirola,10,12,27,200,0,Running,Ford,23.4,13.0,0,0,0,0,1,18.8
2023,2023-07-23,July Pocono,Pocono Raceway,Austin Cindric,2,23,9,200,0,Running,Ford,19.0,31.0,0,0,0,0,3,18.4
2023,2023-07-23,July Pocono,Pocono Raceway,Austin Dillon,3,34,23,200,0,Running,Chevrolet,19.6,10.0,0,0,0,1,5,26.4
2023,2023-07-23,July Pocono,Pocono Raceway,BJ McLeod,78,32,30,200,0,Running,Chevrolet,27.8,30.0,0,0,0,0,0,31.6
2023,2023-07-23,July Pocono,Pocono Raceway,Brad Keselowski,6,16,13,200,0,Running,Ford,12.4,14.0,0,0,0,4,8,14.7
2023,2023-07-23,July Pocono,Pocono Raceway,Bubba Wallace,23,11,10,200,0,Running,Toyota,19.2,8.0,0,0,0,4,6,13.8
2023,2023-07-23,July Pocono,Pocono Raceway,Chase Briscoe,14,29,29,200,0,Running,Ford,22.4,15.0,0,0,0,3,5,27.5
2023,2023-07-23,July Pocono,Pocono Raceway,Chase Elliott,9,10,35,200,0,Running,Chevrolet,7.4,1.0,1,0,0,5,7,14.2
2023,2023-07-23,July Pocono,Pocono Raceway,Chris Buescher,17,18,18,200,0,Running,Ford,12.4,29.0,0,0,0,3,8,14.8
2023,2023-07-23,July Pocono,Pocono Raceway,Christopher Bell,20,6,5,200,0,Running,Toyota,17.2,4.0,0,0,1,5,10,12.9
2023,2023-07-23,July Pocono,Pocono Raceway,Cole Custer,51,25,31,200,0,Running,Ford,24.2,17.0,0,0,0,0,0,30.1
2023,2023-07-23,July Pocono,Pocono Raceway,Corey LaJoie,7,27,12,200,5,Running,Chevrolet,23.6,19.0,0,0,0,1,1,21.3
2023,2023-07-23,July Pocono,Pocono Raceway,Daniel Suarez,99,36,17,200,0,Running,Chevrolet,15.8,3.0,0,0,0,2,6,32.8
2023,2023-07-23,July Pocono,Pocono Raceway,Denny Hamlin,11,1,8,200,9,Running,Toyota,14.2,35.0,0,1,1,5,8,8.3
2023,2023-07-23,July Pocono,Pocono Raceway,Erik Jones,43,9,24,200,0,Running,Chevrolet,15.6,9.0,0,0,0,0,3,16.2
2023,2023-07-23,July Pocono,Pocono Raceway,Harrison Burton,21,8,26,200,0,Running,Ford,25.2,23.0,0,0,0,0,1,20.1
2023,2023-07-23,July Pocono,Pocono Raceway,JJ Yeley,15,26,28,200,0,Running,Chevrolet,19.8,28.0,0,0,0,0,1,28.0
2023,2023-07-23,July Pocono,Pocono Raceway,Joey Logano,22,35,6,200,21,Running,Ford,9.8,20.0,0,0,1,6,10,28.2
2023,2023-07-23,July Pocono,Pocono Raceway,Justin Haley,31,33,19,200,0,Running,Chevrolet,14.2,21.0,0,0,0,1,5,20.8
2023,2023-07-23,July Pocono,Pocono Raceway,Kevin Harvick,4,4,4,200,0,Running,Ford,19.6,27.0,0,0,0,5,8,10.5
2023,2023-07-23,July Pocono,Pocono Raceway,Kyle Busch,8,21,25,200,0,Running,Chevrolet,11.4,36.0,0,0,3,7,12,21.2
2023,2023-07-23,July Pocono,Pocono Raceway,Kyle Larson,5,20,3,200,24,Running,Chevrolet,11.2,5.0,0,0,2,9,10,10.6
2023,2023-07-23,July Pocono,Pocono Raceway,Martin Truex Jr,19,3,2,200,20,Running,Toyota,13.0,7.0,0,0,3,7,10,6.5
2023,2023-07-23,July Pocono,Pocono Raceway,Michael McDowell,34,19,15,200,0,Running,Ford,11.8,6.0,0,0,0,1,5,17.6
2023,2023-07-23,July Pocono,Pocono Raceway,Noah Gragson,42,22,32,200,0,Running,Chevrolet,29.8,24.0,0,0,0,0,0,22.5
2023,2023-07-23,July Pocono,Pocono Raceway,Ricky Stenhouse Jr,47,7,22,200,0,Running,Chevrolet,19.2,18.0,0,0,1,2,6,19.4
2023,2023-07-23,July Pocono,Pocono Raceway,Ross Chastain,1,13,21,200,0,Running,Chevrolet,18.2,32.0,0,0,1,6,8,20.8
2023,2023-07-23,July Pocono,Pocono Raceway,Ryan Blaney,12,30,14,200,2,Running,Ford,26.2,33.0,0,0,1,4,10,12.7
2023,2023-07-23,July Pocono,Pocono Raceway,Ryan Preece,41,31,34,200,0,Running,Ford,19.2,15.0,0,0,0,0,0,22.3
2023,2023-07-23,July Pocono,Pocono Raceway,Todd Gilliland,38,15,36,200,0,Running,Ford,23.0,25.0,0,0,0,0,3,23.6
2023,2023-07-23,July Pocono,Pocono Raceway,Ty Dillon,77,28,33,200,0,Running,Chevrolet,27.0,22.0,0,0,0,0,0,24.3
2023,2023-07-23,July Pocono,Pocono Raceway,Ty Gibbs,54,5,11,200,4,Running,Toyota,20.4,16.0,0,0,0,0,5,8.6
2023,2023-07-23,July Pocono,Pocono Raceway,Tyler Reddick,45,2,7,200,15,Running,Toyota,24.8,2.0,0,0,1,5,8,9.5
2023,2023-07-23,July Pocono,Pocono Raceway,William Byron,24,14,1,200,60,Running,Chevrolet,11.6,12.0,0,0,4,8,11,6.0
2024,2024-07-14,July Pocono,Pocono Raceway,AJ Allmendinger,16,21,26,200,0,Running,Chevrolet,20.8,17.0,0,0,0,0,3,22.75
2024,2024-07-14,July Pocono,Pocono Raceway,Alex Bowman,48,3,6,200,0,Running,Chevrolet,14.8,17.5,0,0,1,5,11,10.54
2024,2024-07-14,July Pocono,Pocono Raceway,Austin Cindric,2,18,20,200,0,Running,Ford,20.2,27.0,0,0,1,2,2,20.62
2024,2024-07-14,July Pocono,Pocono Raceway,Austin Dillon,3,23,17,200,0,Running,Chevrolet,27.8,22.0,0,0,0,0,2,26.36
2024,2024-07-14,July Pocono,Pocono Raceway,Brad Keselowski,6,7,14,200,20,Running,Ford,18.8,15.0,0,0,1,7,9,7.67
2024,2024-07-14,July Pocono,Pocono Raceway,Bubba Wallace,23,10,29,200,0,Running,Toyota,18.2,9.5,0,0,0,3,6,20.25
2024,2024-07-14,July Pocono,Pocono Raceway,Carson Hocevar,77,17,15,200,0,Running,Chevrolet,17.6,15.0,0,0,0,0,2,19.66
2024,2024-07-14,July Pocono,Pocono Raceway,Chase Briscoe,14,15,28,200,0,Running,Ford,23.4,22.0,0,0,0,2,6,15.28
2024,2024-07-14,July Pocono,Pocono Raceway,Chase Elliott,9,9,11,200,0,Running,Chevrolet,12.8,5.5,1,0,1,7,9,8.65
2024,2024-07-14,July Pocono,Pocono Raceway,Chris Buescher,17,11,18,200,19,Running,Ford,10.2,23.5,0,0,0,5,9,10.2
2024,2024-07-14,July Pocono,Pocono Raceway,Christopher Bell,20,12,13,200,0,Running,Toyota,17.4,5.0,0,0,3,6,11,10.33
2024,2024-07-14,July Pocono,Pocono Raceway,Cody Ware,15,26,35,200,0,Running,Ford,28.2,26.0,0,0,0,0,0,30.39
2024,2024-07-14,July Pocono,Pocono Raceway,Corey LaJoie,7,19,30,200,0,Running,Chevrolet,20.4,23.0,0,0,0,1,1,19.83
2024,2024-07-14,July Pocono,Pocono Raceway,Daniel Hemric,31,25,27,200,0,Running,Chevrolet,21.8,15.0,0,0,0,0,3,29.76
2024,2024-07-14,July Pocono,Pocono Raceway,Daniel Suarez,99,16,16,200,0,Running,Chevrolet,15.4,19.5,0,0,1,2,3,18.88
2024,2024-07-14,July Pocono,Pocono Raceway,Denny Hamlin,11,2,4,200,31,Running,Toyota,25.6,18.0,1,1,3,7,8,5.0
2024,2024-07-14,July Pocono,Pocono Raceway,Erik Jones,43,14,23,200,0,Running,Toyota,25.4,9.0,0,0,0,0,1,11.73
2024,2024-07-14,July Pocono,Pocono Raceway,Harrison Burton,21,31,22,200,0,Running,Ford,22.4,15.5,0,0,0,0,1,25.25
2024,2024-07-14,July Pocono,Pocono Raceway,JJ Yeley,44,35,37,200,0,Running,Chevrolet,33.8,27.0,0,0,0,0,0,34.66
2024,2024-07-14,July Pocono,Pocono Raceway,Joey Logano,22,5,10,200,3,Running,Ford,16.6,27.5,0,0,1,3,6,9.22
2024,2024-07-14,July Pocono,Pocono Raceway,John Hunter Nemechek,42,28,32,200,0,Running,Toyota,25.8,15.0,0,0,0,0,3,24.55
2024,2024-07-14,July Pocono,Pocono Raceway,Josh Berry,4,20,5,200,8,Running,Ford,20.8,15.0,0,0,0,2,4,20.57
2024,2024-07-14,July Pocono,Pocono Raceway,Justin Haley,51,22,34,200,0,Running,Chevrolet,20.8,27.0,0,0,0,0,2,25.27
2024,2024-07-14,July Pocono,Pocono Raceway,Kyle Busch,8,32,24,200,0,Running,Chevrolet,23.6,28.5,0,0,0,2,6,28.6
2024,2024-07-14,July Pocono,Pocono Raceway,Kyle Larson,5,13,12,200,0,Running,Chevrolet,17.2,12.5,0,0,3,8,10,13.21
2024,2024-07-14,July Pocono,Pocono Raceway,Martin Truex Jr,19,8,3,200,14,Running,Toyota,21.6,5.0,0,0,0,4,8,7.63
2024,2024-07-14,July Pocono,Pocono Raceway,Michael McDowell,34,24,21,200,0,Running,Ford,16.0,12.5,0,0,0,2,6,19.19
2024,2024-07-14,July Pocono,Pocono Raceway,Noah Gragson,10,37,25,200,0,Running,Ford,18.6,23.0,0,0,0,1,6,35.94
2024,2024-07-14,July Pocono,Pocono Raceway,Ricky Stenhouse Jr,47,33,31,200,0,Running,Chevrolet,14.4,12.5,0,0,0,2,5,22.97
2024,2024-07-14,July Pocono,Pocono Raceway,Ross Chastain,1,36,19,200,0,Running,Chevrolet,16.2,22.5,0,0,0,2,7,31.15
2024,2024-07-14,July Pocono,Pocono Raceway,Ryan Blaney,12,1,8,200,44,Running,Ford,9.8,31.5,0,0,1,5,9,6.65
2024,2024-07-14,July Pocono,Pocono Raceway,Ryan Preece,41,30,36,200,0,Running,Ford,18.8,31.0,0,0,0,1,2,24.19
2024,2024-07-14,July Pocono,Pocono Raceway,Todd Gilliland,38,34,33,200,0,Running,Ford,11.6,20.0,0,0,0,0,3,29.18
2024,2024-07-14,July Pocono,Pocono Raceway,Ty Gibbs,54,27,1,200,21,Running,Toyota,20.8,10.5,0,0,0,5,9,15.68
2024,2024-07-14,July Pocono,Pocono Raceway,Tyler Reddick,45,6,7,200,0,Running,Toyota,8.2,2.0,0,0,1,8,13,11.89
2024,2024-07-14,July Pocono,Pocono Raceway,William Byron,24,4,2,200,0,Running,Chevrolet,17.0,13.0,0,1,3,6,11,7.51
2024,2024-07-14,July Pocono,Pocono Raceway,Zane Smith,71,29,9,200,0,Running,Chevrolet,19.2,15.0,0,0,0,1,1,21.77
2025,2025-06-22,June Pocono,Pocono Raceway,AJ Allmendinger,16,21,33,200,0,Running,Chevrolet,18.4,19.0,0,0,0,1,4,25.71
2025,2025-06-22,June Pocono,Pocono Raceway,Alex Bowman,48,11,25,200,15,Running,Chevrolet,22.0,12.67,0,0,0,3,8,13.33
2025,2025-06-22,June Pocono,Pocono Raceway,Austin Cindric,2,10,19,200,0,Running,Ford,21.8,24.0,0,0,1,1,3,12.88
2025,2025-06-22,June Pocono,Pocono Raceway,Austin Dillon,3,24,16,200,0,Running,Chevrolet,23.6,22.33,0,0,0,0,3,21.63
2025,2025-06-22,June Pocono,Pocono Raceway,Brad Keselowski,6,9,14,200,27,Running,Ford,20.0,12.33,0,0,0,1,2,11.36
2025,2025-06-22,June Pocono,Pocono Raceway,Brennan Poole,44,34,37,200,0,Running,Chevrolet,33.6,15.0,0,0,0,0,0,34.01
2025,2025-06-22,June Pocono,Pocono Raceway,Bubba Wallace,23,36,34,200,0,Running,Toyota,18.0,9.67,0,0,0,3,6,32.93
2025,2025-06-22,June Pocono,Pocono Raceway,Carson Hocevar,77,18,3,200,2,Running,Chevrolet,25.0,17.0,0,0,0,2,3,10.2
2025,2025-06-22,June Pocono,Pocono Raceway,Chase Briscoe,19,1,6,200,72,Running,Toyota,10.8,19.67,0,0,0,5,7,6.7
2025,2025-06-22,June Pocono,Pocono Raceway,Chase Elliott,9,5,18,200,0,Running,Chevrolet,10.8,6.67,1,0,0,4,8,9.04
2025,2025-06-22,June Pocono,Pocono Raceway,Chris Buescher,17,4,2,200,2,Running,Ford,11.2,19.33,0,0,0,2,8,6.45
2025,2025-06-22,June Pocono,Pocono Raceway,Christopher Bell,20,17,9,200,0,Running,Toyota,7.6,7.33,0,0,3,7,11,18.43
2025,2025-06-22,June Pocono,Pocono Raceway,Cody Ware,51,29,36,200,0,Running,Ford,29.0,26.0,0,0,0,0,0,30.77
2025,2025-06-22,June Pocono,Pocono Raceway,Cole Custer,41,22,5,200,0,Running,Ford,21.6,21.0,0,0,0,0,1,18.57
2025,2025-06-22,June Pocono,Pocono Raceway,Daniel Suarez,99,15,10,200,0,Running,Chevrolet,23.8,18.33,0,0,0,1,3,16.05
2025,2025-06-22,June Pocono,Pocono Raceway,Denny Hamlin,11,2,1,200,32,Running,Toyota,18.8,12.67,1,1,3,7,8,4.44
2025,2025-06-22,June Pocono,Pocono Raceway,Erik Jones,43,13,11,200,0,Running,Toyota,16.0,10.67,0,0,0,1,2,12.84
2025,2025-06-22,June Pocono,Pocono Raceway,Joey Logano,22,16,12,200,5,Running,Ford,14.6,20.0,0,0,1,2,4,12.67
2025,2025-06-22,June Pocono,Pocono Raceway,John Hunter Nemechek,42,6,4,200,0,Running,Toyota,20.8,28.0,0,0,0,1,5,12.29
2025,2025-06-22,June Pocono,Pocono Raceway,Josh Berry,21,12,35,200,0,Running,Ford,17.2,20.0,0,0,1,2,3,15.48
2025,2025-06-22,June Pocono,Pocono Raceway,Justin Haley,7,19,22,200,0,Running,Chevrolet,27.6,25.33,0,0,0,0,1,19.59
2025,2025-06-22,June Pocono,Pocono Raceway,Kyle Busch,8,20,26,200,0,Running,Chevrolet,18.6,29.67,0,0,0,1,5,23.66
2025,2025-06-22,June Pocono,Pocono Raceway,Kyle Larson,5,7,24,200,0,Running,Chevrolet,17.4,12.67,0,0,3,9,11,13.4
2025,2025-06-22,June Pocono,Pocono Raceway,Michael McDowell,71,35,28,200,0,Running,Chevrolet,17.2,16.33,0,0,0,1,2,31.43
2025,2025-06-22,June Pocono,Pocono Raceway,Noah Gragson,4,23,17,200,0,Running,Ford,23.8,27.67,0,0,0,1,3,24.9
2025,2025-06-22,June Pocono,Pocono Raceway,Ricky Stenhouse Jr,47,30,30,200,2,Running,Chevrolet,23.2,19.33,0,0,0,1,2,22.69
2025,2025-06-22,June Pocono,Pocono Raceway,Riley Herbst,35,37,29,200,0,Running,Toyota,26.6,15.0,0,0,0,0,0,33.73
2025,2025-06-22,June Pocono,Pocono Raceway,Ross Chastain,1,26,21,200,0,Running,Chevrolet,10.4,27.0,0,0,1,3,8,16.52
2025,2025-06-22,June Pocono,Pocono Raceway,Ryan Blaney,12,3,20,200,3,Running,Ford,17.6,21.33,1,0,1,6,7,13.6
2025,2025-06-22,June Pocono,Pocono Raceway,Ryan Preece,60,8,13,200,0,Running,Ford,13.6,30.5,0,0,0,1,6,16.54
2025,2025-06-22,June Pocono,Pocono Raceway,Shane van Gisbergen,88,31,23,200,0,Running,Chevrolet,15.6,15.0,0,0,1,1,2,26.84
2025,2025-06-22,June Pocono,Pocono Raceway,Todd Gilliland,34,28,32,200,0,Running,Ford,21.4,24.67,0,0,0,0,2,27.14
2025,2025-06-22,June Pocono,Pocono Raceway,Ty Dillon,10,33,27,200,0,Running,Chevrolet,27.4,25.0,0,0,0,0,0,32.04
2025,2025-06-22,June Pocono,Pocono Raceway,Ty Gibbs,54,14,7,200,0,Running,Toyota,19.4,16.0,0,1,0,2,3,16.13
2025,2025-06-22,June Pocono,Pocono Raceway,Tyler Reddick,45,32,8,200,0,Running,Toyota,17.0,3.33,0,0,0,3,5,23.66
2025,2025-06-22,June Pocono,Pocono Raceway,William Byron,24,27,31,200,0,Running,Chevrolet,13.6,10.0,0,1,1,7,10,16.94
2025,2025-06-22,June Pocono,Pocono Raceway,Zane Smith,38,25,15,200,0,Running,Chevrolet,22.0,29.0,0,0,0,0,2,18.39
2022,2022-04-03,April Richmond,Richmond Raceway,AJ Allmendinger,16,27,26,200,0,Running,Chevrolet,26.5,15.0,0,0,0,0,0,28.0
2022,2022-04-03,April Richmond,Richmond Raceway,Alex Bowman,48,8,28,200,0,Running,Chevrolet,10.4,15.0,0,0,1,2,3,16.0
2022,2022-04-03,April Richmond,Richmond Raceway,Aric Almirola,10,21,10,200,0,Running,Ford,13.0,15.0,0,0,0,1,3,19.0
2022,2022-04-03,April Richmond,Richmond Raceway,Austin Cindric,2,20,20,200,0,Running,Ford,19.0,15.0,0,0,1,1,2,18.0
2022,2022-04-03,April Richmond,Richmond Raceway,Austin Dillon,3,10,25,200,0,Running,Chevrolet,15.8,15.0,0,0,0,1,2,16.0
2022,2022-04-03,April Richmond,Richmond Raceway,BJ McLeod,78,34,34,200,0,Running,Chevrolet,25.8,15.0,0,0,0,0,0,34.0
2022,2022-04-03,April Richmond,Richmond Raceway,Brad Keselowski,6,13,19,200,0,Running,Ford,20.0,15.0,0,0,0,0,1,13.0
2022,2022-04-03,April Richmond,Richmond Raceway,Bubba Wallace,23,26,29,200,0,Running,Toyota,23.4,15.0,0,0,0,1,1,24.0
2022,2022-04-03,April Richmond,Richmond Raceway,Chase Briscoe,14,11,4,200,0,Running,Ford,19.4,15.0,0,0,1,2,2,17.0
2022,2022-04-03,April Richmond,Richmond Raceway,Chase Elliott,9,14,15,200,0,Running,Chevrolet,11.2,15.0,0,0,0,1,4,10.0
2022,2022-04-03,April Richmond,Richmond Raceway,Chris Buescher,17,15,18,200,0,Running,Ford,18.2,15.0,0,0,0,0,2,15.0
2022,2022-04-03,April Richmond,Richmond Raceway,Christopher Bell,20,6,9,200,63,Running,Toyota,19.6,15.0,0,0,0,1,2,6.0
2022,2022-04-03,April Richmond,Richmond Raceway,Cody Ware,51,36,33,200,0,Running,Ford,28.4,15.0,0,0,0,0,0,33.0
2022,2022-04-03,April Richmond,Richmond Raceway,Cole Custer,41,22,12,200,0,Running,Ford,23.4,15.0,0,0,0,0,0,23.0
2022,2022-04-03,April Richmond,Richmond Raceway,Corey LaJoie,7,31,31,200,0,Running,Chevrolet,24.0,15.0,0,0,0,1,1,31.0
2022,2022-04-03,April Richmond,Richmond Raceway,Daniel Suarez,99,16,14,200,0,Running,Chevrolet,15.6,15.0,0,0,0,2,3,17.0
2022,2022-04-03,April Richmond,Richmond Raceway,Denny Hamlin,11,1,13,200,5,Running,Toyota,21.4,15.0,0,0,0,0,0,8.0
2022,2022-04-03,April Richmond,Richmond Raceway,Erik Jones,43,23,5,200,0,Running,Chevrolet,16.4,15.0,0,0,0,1,2,17.0
2022,2022-04-03,April Richmond,Richmond Raceway,Greg Biffle,44,37,37,200,0,Running,Ford,30.0,15.0,0,0,0,0,0,37.0
2022,2022-04-03,April Richmond,Richmond Raceway,Harrison Burton,21,18,17,200,0,Running,Ford,24.0,15.0,0,0,0,0,0,17.0
2022,2022-04-03,April Richmond,Richmond Raceway,JJ Yeley,15,33,35,200,0,Running,Chevrolet,15.0,15.0,0,0,0,0,0,33.0
2022,2022-04-03,April Richmond,Richmond Raceway,Joey Logano,22,17,11,200,1,Running,Ford,13.4,15.0,0,0,0,1,3,9.0
2022,2022-04-03,April Richmond,Richmond Raceway,Justin Haley,31,29,36,200,0,Running,Chevrolet,16.6,15.0,0,0,0,0,0,26.0
2022,2022-04-03,April Richmond,Richmond Raceway,Kevin Harvick,4,2,7,200,0,Running,Ford,11.4,15.0,0,0,0,0,2,9.0
2022,2022-04-03,April Richmond,Richmond Raceway,Kurt Busch,45,35,27,200,0,Running,Toyota,12.2,15.0,0,0,0,2,3,36.0
2022,2022-04-03,April Richmond,Richmond Raceway,Kyle Busch,18,9,3,200,1,Running,Toyota,17.2,15.0,0,0,0,1,3,6.0
2022,2022-04-03,April Richmond,Richmond Raceway,Kyle Larson,5,5,21,200,0,Running,Chevrolet,19.2,15.0,0,0,1,2,2,12.0
2022,2022-04-03,April Richmond,Richmond Raceway,Landon Cassill,77,32,23,200,0,Running,Chevrolet,22.5,15.0,0,0,0,0,0,32.0
2022,2022-04-03,April Richmond,Richmond Raceway,Martin Truex Jr,19,4,6,200,80,Running,Toyota,14.2,15.0,0,0,0,0,3,4.0
2022,2022-04-03,April Richmond,Richmond Raceway,Michael McDowell,34,30,24,200,0,Running,Ford,24.4,15.0,0,0,0,0,1,30.0
2022,2022-04-03,April Richmond,Richmond Raceway,Ricky Stenhouse Jr,47,28,32,200,0,Running,Chevrolet,25.4,15.0,0,0,0,0,1,26.0
2022,2022-04-03,April Richmond,Richmond Raceway,Ross Chastain,1,19,8,200,0,Running,Chevrolet,7.4,15.0,0,0,1,4,4,8.0
2022,2022-04-03,April Richmond,Richmond Raceway,Ryan Blaney,12,7,1,200,128,Running,Ford,16.2,15.0,0,0,0,2,3,4.0
2022,2022-04-03,April Richmond,Richmond Raceway,Todd Gilliland,38,25,22,200,0,Running,Ford,21.0,15.0,0,0,0,0,0,25.0
2022,2022-04-03,April Richmond,Richmond Raceway,Ty Dillon,42,24,30,200,0,Running,Chevrolet,21.6,15.0,0,0,0,0,0,22.0
2022,2022-04-03,April Richmond,Richmond Raceway,Tyler Reddick,8,12,16,200,0,Running,Toyota,13.4,15.0,0,0,0,2,3,15.0
2022,2022-04-03,April Richmond,Richmond Raceway,William Byron,24,3,2,200,122,Running,Chevrolet,14.0,15.0,0,0,1,2,2,7.0
2022,2022-08-14,August Richmond,Richmond Raceway,Alex Bowman,48,20,5,200,0,Running,Chevrolet,23.8,8.0,0,0,1,3,10,19.1
2022,2022-08-14,August Richmond,Richmond Raceway,Aric Almirola,10,8,32,200,0,Running,Ford,24.8,21.0,0,0,0,2,6,9.4
2022,2022-08-14,August Richmond,Richmond Raceway,Austin Cindric,2,12,33,200,0,Running,Ford,17.2,20.0,0,0,1,4,7,18.5
2022,2022-08-14,August Richmond,Richmond Raceway,Austin Dillon,3,16,12,200,0,Running,Chevrolet,22.2,10.0,0,0,0,3,7,23.7
2022,2022-08-14,August Richmond,Richmond Raceway,BJ McLeod,78,33,36,200,0,Running,Chevrolet,31.4,34.0,0,0,0,0,0,34.2
2022,2022-08-14,August Richmond,Richmond Raceway,Brad Keselowski,6,15,8,200,0,Running,Ford,14.8,13.0,0,0,0,0,3,10.9
2022,2022-08-14,August Richmond,Richmond Raceway,Bubba Wallace,23,13,11,200,0,Running,Toyota,6.4,26.0,0,0,0,4,6,15.6
2022,2022-08-14,August Richmond,Richmond Raceway,Chase Briscoe,14,23,15,200,0,Running,Ford,17.8,11.0,0,0,1,3,4,13.7
2022,2022-08-14,August Richmond,Richmond Raceway,Chase Elliott,9,5,23,200,1,Running,Chevrolet,6.2,14.0,0,0,4,8,15,8.7
2022,2022-08-14,August Richmond,Richmond Raceway,Chris Buescher,17,3,18,200,0,Running,Ford,21.0,15.0,0,0,0,1,6,9.2
2022,2022-08-14,August Richmond,Richmond Raceway,Christopher Bell,20,2,21,200,0,Running,Toyota,12.4,6.0,0,0,1,6,12,13.3
2022,2022-08-14,August Richmond,Richmond Raceway,Cody Ware,51,34,28,200,0,Running,Ford,25.0,36.0,0,0,0,0,0,34.4
2022,2022-08-14,August Richmond,Richmond Raceway,Cole Custer,41,26,7,200,2,Running,Ford,18.6,22.0,0,0,0,0,2,19.6
2022,2022-08-14,August Richmond,Richmond Raceway,Corey LaJoie,7,28,31,200,0,Running,Chevrolet,21.8,31.0,0,0,0,1,1,30.2
2022,2022-08-14,August Richmond,Richmond Raceway,Daniel Suarez,99,19,24,200,0,Running,Chevrolet,14.2,16.0,0,0,1,5,9,23.0
2022,2022-08-14,August Richmond,Richmond Raceway,Denny Hamlin,11,4,3,200,22,Running,Toyota,16.6,1.0,1,0,2,4,6,3.8
2022,2022-08-14,August Richmond,Richmond Raceway,Erik Jones,43,35,9,200,0,Running,Chevrolet,11.0,23.0,0,0,0,2,8,25.6
2022,2022-08-14,August Richmond,Richmond Raceway,Harrison Burton,21,25,30,200,0,Running,Ford,18.8,18.0,0,0,0,1,2,24.8
2022,2022-08-14,August Richmond,Richmond Raceway,JJ Yeley,15,32,35,200,0,Running,Chevrolet,30.2,33.0,0,0,0,0,0,33.2
2022,2022-08-14,August Richmond,Richmond Raceway,Joey Logano,22,6,17,200,222,Running,Ford,16.0,17.0,0,0,2,6,10,3.2
2022,2022-08-14,August Richmond,Richmond Raceway,Justin Haley,31,21,27,200,0,Running,Chevrolet,16.8,29.0,0,0,0,1,2,23.1
2022,2022-08-14,August Richmond,Richmond Raceway,Kevin Harvick,4,1,13,200,55,Running,Ford,15.6,2.0,0,0,1,6,12,7.5
2022,2022-08-14,August Richmond,Richmond Raceway,Kyle Busch,18,9,29,200,0,Running,Toyota,23.0,9.0,0,0,1,6,11,12.9
2022,2022-08-14,August Richmond,Richmond Raceway,Kyle Larson,5,14,1,200,11,Running,Chevrolet,14.8,5.0,0,0,1,9,12,5.4
2022,2022-08-14,August Richmond,Richmond Raceway,Landon Cassill,77,30,25,200,0,Running,Chevrolet,25.4,32.0,0,0,0,0,0,31.7
2022,2022-08-14,August Richmond,Richmond Raceway,Martin Truex Jr,19,7,6,200,0,Running,Toyota,9.8,4.0,0,0,0,3,10,10.1
2022,2022-08-14,August Richmond,Richmond Raceway,Michael McDowell,34,29,34,200,0,Running,Ford,17.0,30.0,0,0,0,1,9,30.0
2022,2022-08-14,August Richmond,Richmond Raceway,Noah Gragson,16,24,19,200,0,Running,Chevrolet,26.0,15.0,0,0,0,0,0,22.1
2022,2022-08-14,August Richmond,Richmond Raceway,Ricky Stenhouse Jr,47,22,20,200,6,Running,Chevrolet,23.4,28.0,0,0,0,1,5,20.2
2022,2022-08-14,August Richmond,Richmond Raceway,Ross Chastain,1,18,2,200,80,Running,Chevrolet,18.6,19.0,0,0,2,10,14,10.7
2022,2022-08-14,August Richmond,Richmond Raceway,Ryan Blaney,12,10,10,200,1,Running,Ford,17.4,7.0,0,1,0,8,11,7.0
2022,2022-08-14,August Richmond,Richmond Raceway,Todd Gilliland,38,27,16,200,0,Running,Ford,19.6,25.0,0,0,0,1,1,25.0
2022,2022-08-14,August Richmond,Richmond Raceway,Ty Dillon,42,17,22,200,0,Running,Chevrolet,26.2,24.0,0,0,0,0,1,17.2
2022,2022-08-14,August Richmond,Richmond Raceway,Ty Gibbs,45,36,14,200,0,Running,Toyota,14.33,15.0,0,0,0,0,1,27.1
2022,2022-08-14,August Richmond,Richmond Raceway,Tyler Reddick,8,31,26,200,0,Running,Toyota,16.4,12.0,0,0,2,7,9,30.3
2022,2022-08-14,August Richmond,Richmond Raceway,William Byron,24,11,4,200,0,Running,Chevrolet,19.2,3.0,0,0,2,4,5,12.0
2023,2023-04-02,April Richmond,Richmond Raceway,AJ Allmendinger,16,27,25,200,0,Running,Chevrolet,24.8,27.0,0,0,0,0,1,28
2023,2023-04-02,April Richmond,Richmond Raceway,Alex Bowman,48,8,1,200,8,Running,Chevrolet,7.4,14.0,0,0,0,3,5,6
2023,2023-04-02,April Richmond,Richmond Raceway,Anthony Alfredo,78,33,35,200,0,Running,Chevrolet,15.0,15.0,0,0,0,0,0,33
2023,2023-04-02,April Richmond,Richmond Raceway,Aric Almirola,10,13,32,200,0,Running,Ford,28.8,14.5,0,0,0,0,0,17
2023,2023-04-02,April Richmond,Richmond Raceway,Austin Cindric,2,28,6,200,0,Running,Ford,15.2,16.0,0,0,0,0,2,24
2023,2023-04-02,April Richmond,Richmond Raceway,Austin Dillon,3,25,27,200,0,Running,Chevrolet,21.0,13.0,0,0,0,0,1,23
2023,2023-04-02,April Richmond,Richmond Raceway,Brad Keselowski,6,10,24,200,1,Running,Ford,15.8,14.0,0,0,0,1,2,9
2023,2023-04-02,April Richmond,Richmond Raceway,Bubba Wallace,23,22,28,200,1,Running,Toyota,22.4,19.5,0,0,0,1,1,17
2023,2023-04-02,April Richmond,Richmond Raceway,Chandler Smith,13,17,37,200,0,Running,Toyota,15.0,15.0,0,0,0,0,0,29
2023,2023-04-02,April Richmond,Richmond Raceway,Chase Briscoe,14,12,19,200,0,Running,Ford,18.8,17.0,0,0,0,0,1,14
2023,2023-04-02,April Richmond,Richmond Raceway,Chris Buescher,17,30,7,200,0,Running,Ford,18.4,9.0,0,0,0,1,2,27
2023,2023-04-02,April Richmond,Richmond Raceway,Christopher Bell,20,4,21,200,26,Running,Toyota,15.4,4.0,0,0,0,3,4,6
2023,2023-04-02,April Richmond,Richmond Raceway,Cody Ware,51,34,31,200,0,Running,Ford,29.2,35.0,0,0,0,0,0,34
2023,2023-04-02,April Richmond,Richmond Raceway,Corey LaJoie,7,21,16,200,0,Running,Chevrolet,15.0,29.5,0,0,0,1,1,24
2023,2023-04-02,April Richmond,Richmond Raceway,Daniel Suarez,99,23,20,200,0,Running,Chevrolet,18.4,17.5,0,0,0,1,3,16
2023,2023-04-02,April Richmond,Richmond Raceway,Denny Hamlin,11,20,11,200,71,Running,Toyota,12.4,2.5,1,0,0,0,2,10
2023,2023-04-02,April Richmond,Richmond Raceway,Erik Jones,43,31,22,200,0,Running,Chevrolet,18.0,29.0,0,0,0,0,1,30
2023,2023-04-02,April Richmond,Richmond Raceway,Harrison Burton,21,19,26,200,0,Running,Ford,26.4,21.5,0,0,0,0,0,23
2023,2023-04-02,April Richmond,Richmond Raceway,JJ Yeley,15,36,34,200,0,Running,Chevrolet,28.8,32.5,0,0,0,0,0,36
2023,2023-04-02,April Richmond,Richmond Raceway,Joey Logano,22,7,18,200,0,Running,Ford,17.2,11.5,0,0,1,2,3,14
2023,2023-04-02,April Richmond,Richmond Raceway,Josh Berry,9,2,30,200,10,Running,Chevrolet,19.0,15.0,0,0,0,0,1,20
2023,2023-04-02,April Richmond,Richmond Raceway,Justin Haley,31,29,29,200,0,Running,Chevrolet,19.4,25.0,0,0,0,0,1,27
2023,2023-04-02,April Richmond,Richmond Raceway,Kevin Harvick,4,5,10,200,0,Running,Ford,13.0,1.5,1,0,0,2,3,8
2023,2023-04-02,April Richmond,Richmond Raceway,Kyle Busch,8,14,2,200,1,Running,Chevrolet,7.0,9.0,0,0,1,2,4,14
2023,2023-04-02,April Richmond,Richmond Raceway,Kyle Larson,5,1,9,200,93,Running,Chevrolet,16.0,9.5,0,1,0,2,2,4
2023,2023-04-02,April Richmond,Richmond Raceway,Martin Truex Jr,19,11,12,200,56,Running,Toyota,14.2,5.5,0,0,0,0,1,7
2023,2023-04-02,April Richmond,Richmond Raceway,Michael McDowell,34,6,15,200,0,Running,Ford,17.8,29.5,0,0,0,0,0,17
2023,2023-04-02,April Richmond,Richmond Raceway,Noah Gragson,42,37,23,200,0,Running,Chevrolet,22.6,24.0,0,0,0,0,0,30
2023,2023-04-02,April Richmond,Richmond Raceway,Ricky Stenhouse Jr,47,35,8,200,0,Running,Chevrolet,15.8,25.0,0,0,1,1,2,34
2023,2023-04-02,April Richmond,Richmond Raceway,Ross Chastain,1,3,4,200,16,Running,Chevrolet,11.2,18.5,0,0,0,2,3,5
2023,2023-04-02,April Richmond,Richmond Raceway,Ryan Blaney,12,26,17,200,0,Running,Ford,13.8,8.5,0,1,0,1,3,21
2023,2023-04-02,April Richmond,Richmond Raceway,Ryan Preece,41,18,33,200,0,Running,Ford,25.6,15.0,0,0,0,0,0,15
2023,2023-04-02,April Richmond,Richmond Raceway,Todd Gilliland,38,15,13,200,0,Running,Ford,21.0,26.0,0,0,0,0,1,19
2023,2023-04-02,April Richmond,Richmond Raceway,Ty Dillon,77,32,36,200,0,Running,Chevrolet,31.4,20.5,0,0,0,0,0,31
2023,2023-04-02,April Richmond,Richmond Raceway,Ty Gibbs,54,9,14,200,0,Running,Toyota,16.8,36.0,0,0,0,0,2,13
2023,2023-04-02,April Richmond,Richmond Raceway,Tyler Reddick,45,16,5,200,0,Running,Toyota,11.6,21.5,0,0,1,3,3,16
2023,2023-04-02,April Richmond,Richmond Raceway,William Byron,24,24,3,200,117,Running,Chevrolet,12.8,7.0,0,0,2,3,3,3
2023,2023-07-30,July Richmond,Richmond Raceway,AJ Allmendinger,16,27,36,200,0,Running,Chevrolet,13.2,27.0,0,0,0,1,4,23.9
2023,2023-07-30,July Richmond,Richmond Raceway,Alex Bowman,48,18,15,200,0,Running,Chevrolet,23.6,12.0,0,1,0,3,6,14.7
2023,2023-07-30,July Richmond,Richmond Raceway,Aric Almirola,10,8,24,200,0,Running,Ford,20.2,14.0,0,0,0,0,1,13.7
2023,2023-07-30,July Richmond,Richmond Raceway,Austin Cindric,2,26,30,200,0,Running,Ford,18.6,20.0,0,0,0,0,3,26.6
2023,2023-07-30,July Richmond,Richmond Raceway,Austin Dillon,3,9,17,200,0,Running,Chevrolet,22.6,17.0,0,0,0,1,5,14.4
2023,2023-07-30,July Richmond,Richmond Raceway,BJ McLeod,78,36,21,200,0,Running,Chevrolet,27.8,33.5,0,0,0,0,0,35.7
2023,2023-07-30,July Richmond,Richmond Raceway,Brad Keselowski,6,6,13,200,102,Running,Ford,12.4,12.67,0,0,0,4,8,5.2
2023,2023-07-30,July Richmond,Richmond Raceway,Bubba Wallace,23,12,5,200,80,Running,Toyota,18.0,20.33,0,0,0,4,6,5.0
2023,2023-07-30,July Richmond,Richmond Raceway,Chase Briscoe,14,11,20,200,0,Running,Ford,22.4,15.33,0,0,0,3,5,15.9
2023,2023-07-30,July Richmond,Richmond Raceway,Chase Elliott,9,13,4,200,0,Running,Chevrolet,8.4,9.5,0,0,0,5,8,10.3
2023,2023-07-30,July Richmond,Richmond Raceway,Chris Buescher,17,1,26,200,88,Running,Ford,15.2,16.0,0,0,0,3,8,7.3
2023,2023-07-30,July Richmond,Richmond Raceway,Christopher Bell,20,20,29,200,0,Running,Toyota,16.6,4.0,0,0,1,5,11,22.1
2023,2023-07-30,July Richmond,Richmond Raceway,Corey LaJoie,7,32,31,200,0,Running,Chevrolet,25.0,26.67,0,0,0,1,1,32.2
2023,2023-07-30,July Richmond,Richmond Raceway,Daniel Suarez,99,33,33,200,0,Running,Chevrolet,18.6,19.33,0,0,0,2,6,27.5
2023,2023-07-30,July Richmond,Richmond Raceway,Denny Hamlin,11,2,3,200,20,Running,Toyota,7.2,8.33,1,0,2,6,9,3.8
2023,2023-07-30,July Richmond,Richmond Raceway,Erik Jones,43,23,27,200,0,Running,Chevrolet,11.0,29.67,0,0,0,0,4,23.9
2023,2023-07-30,July Richmond,Richmond Raceway,Harrison Burton,21,31,22,200,0,Running,Ford,21.4,20.67,0,0,0,0,2,32.4
2023,2023-07-30,July Richmond,Richmond Raceway,JJ Yeley,15,35,35,200,0,Running,Chevrolet,20.4,33.67,0,0,0,0,1,33.8
2023,2023-07-30,July Richmond,Richmond Raceway,Joey Logano,22,4,23,200,0,Running,Ford,16.2,10.0,0,0,1,6,10,10.8
2023,2023-07-30,July Richmond,Richmond Raceway,Justin Haley,31,30,28,200,0,Running,Chevrolet,16.6,26.33,0,0,0,1,5,31.6
2023,2023-07-30,July Richmond,Richmond Raceway,Kevin Harvick,4,10,8,200,0,Running,Ford,18.2,2.67,1,0,0,6,9,9.2
2023,2023-07-30,July Richmond,Richmond Raceway,Kyle Busch,8,3,2,200,0,Running,Chevrolet,15.2,10.67,0,0,3,7,12,7.3
2023,2023-07-30,July Richmond,Richmond Raceway,Kyle Larson,5,19,14,200,0,Running,Chevrolet,13.6,6.67,1,1,2,9,10,18.8
2023,2023-07-30,July Richmond,Richmond Raceway,Martin Truex Jr,19,7,10,200,18,Running,Toyota,13.4,7.33,0,0,3,8,11,13.6
2023,2023-07-30,July Richmond,Richmond Raceway,Michael McDowell,34,22,18,200,9,Running,Ford,14.2,21.67,0,0,0,1,5,17.3
2023,2023-07-30,July Richmond,Richmond Raceway,Noah Gragson,42,28,12,200,0,Running,Chevrolet,27.6,30.5,0,0,0,0,0,24.9
2023,2023-07-30,July Richmond,Richmond Raceway,Ricky Stenhouse Jr,47,17,9,200,0,Running,Chevrolet,18.2,28.33,0,0,1,2,7,15.0
2023,2023-07-30,July Richmond,Richmond Raceway,Ross Chastain,1,24,19,200,0,Running,Chevrolet,18.8,13.33,0,0,1,6,8,23.5
2023,2023-07-30,July Richmond,Richmond Raceway,Ryan Blaney,12,14,25,200,2,Running,Ford,26.0,14.33,0,1,1,4,10,18.8
2023,2023-07-30,July Richmond,Richmond Raceway,Ryan Newman,51,29,32,200,0,Running,Ford,29.0,15.0,0,0,0,0,0,29.5
2023,2023-07-30,July Richmond,Richmond Raceway,Ryan Preece,41,5,11,200,0,Running,Ford,22.8,18.0,0,0,0,0,0,8.2
2023,2023-07-30,July Richmond,Richmond Raceway,Todd Gilliland,38,25,16,200,0,Running,Ford,21.2,22.33,0,0,0,0,3,23.7
2023,2023-07-30,July Richmond,Richmond Raceway,Ty Dillon,77,34,34,200,0,Running,Chevrolet,28.0,24.33,0,0,0,0,0,33.9
2023,2023-07-30,July Richmond,Richmond Raceway,Ty Gibbs,54,15,7,200,0,Running,Toyota,17.8,22.5,0,0,0,1,6,11.0
2023,2023-07-30,July Richmond,Richmond Raceway,Tyler Reddick,45,16,1,200,81,Running,Toyota,18.6,19.67,0,0,1,6,9,4.3
2023,2023-07-30,July Richmond,Richmond Raceway,William Byron,24,21,6,200,0,Running,Chevrolet,11.6,12.67,0,0,4,8,11,16.5
2024,2024-03-31,March Richmond,Richmond Raceway,Alex Bowman,48,17,4,200,0,Running,Chevrolet,14.6,13.5,0,1,0,3,3,13.04
2024,2024-03-31,March Richmond,Richmond Raceway,Austin Cindric,2,23,9,200,0,Running,Ford,23.6,21.5,0,0,0,1,1,23.86
2024,2024-03-31,March Richmond,Richmond Raceway,Austin Dillon,3,24,22,200,0,Running,Chevrolet,23.8,15.0,0,0,0,0,0,24.26
2024,2024-03-31,March Richmond,Richmond Raceway,Brad Keselowski,6,8,23,200,0,Running,Ford,17.2,11.0,0,0,0,2,2,12.49
2024,2024-03-31,March Richmond,Richmond Raceway,Bubba Wallace,23,13,5,200,2,Running,Toyota,20.0,18.25,0,0,0,2,2,5.74
2024,2024-03-31,March Richmond,Richmond Raceway,Carson Hocevar,77,27,25,200,0,Running,Chevrolet,19.6,15.0,0,0,0,0,0,28.12
2024,2024-03-31,March Richmond,Richmond Raceway,Chase Briscoe,14,18,32,200,0,Running,Ford,17.4,14.25,0,0,0,0,2,21.55
2024,2024-03-31,March Richmond,Richmond Raceway,Chase Elliott,9,5,2,200,5,Running,Chevrolet,14.0,10.67,0,0,0,0,1,9.06
2024,2024-03-31,March Richmond,Richmond Raceway,Chris Buescher,17,9,14,200,0,Running,Ford,12.6,12.25,1,0,0,1,4,9.65
2024,2024-03-31,March Richmond,Richmond Raceway,Christopher Bell,20,6,29,200,9,Running,Toyota,16.0,8.0,0,0,1,3,4,10.95
2024,2024-03-31,March Richmond,Richmond Raceway,Corey LaJoie,7,36,21,200,0,Running,Chevrolet,24.6,28.0,0,0,0,1,1,33.85
2024,2024-03-31,March Richmond,Richmond Raceway,Daniel Hemric,31,30,34,200,0,Running,Chevrolet,26.0,15.0,0,0,0,0,0,32.23
2024,2024-03-31,March Richmond,Richmond Raceway,Daniel Suarez,99,22,20,200,0,Running,Chevrolet,14.8,22.75,0,0,1,1,1,20.27
2024,2024-03-31,March Richmond,Richmond Raceway,Denny Hamlin,11,1,11,200,17,Running,Toyota,11.4,6.75,1,0,1,1,2,8.17
2024,2024-03-31,March Richmond,Richmond Raceway,Erik Jones,43,14,27,200,0,Running,Toyota,24.4,28.0,0,0,0,0,1,19.14
2024,2024-03-31,March Richmond,Richmond Raceway,Harrison Burton,21,34,26,200,0,Running,Ford,26.0,23.25,0,0,0,0,0,31.44
2024,2024-03-31,March Richmond,Richmond Raceway,Joey Logano,22,2,10,200,0,Running,Ford,20.8,8.5,0,0,0,0,1,4.6
2024,2024-03-31,March Richmond,Richmond Raceway,John Hunter Nemechek,42,25,18,200,0,Running,Toyota,19.0,15.0,0,0,0,0,2,25.57
2024,2024-03-31,March Richmond,Richmond Raceway,Josh Berry,4,11,30,200,2,Running,Ford,24.4,2.0,0,0,0,0,0,8.28
2024,2024-03-31,March Richmond,Richmond Raceway,Justin Haley,51,32,36,200,0,Running,Chevrolet,25.4,27.25,0,0,0,0,0,29.51
2024,2024-03-31,March Richmond,Richmond Raceway,Kaz Grala,15,31,35,200,0,Running,Chevrolet,24.2,15.0,0,0,0,0,0,29.89
2024,2024-03-31,March Richmond,Richmond Raceway,Kyle Busch,8,20,15,200,0,Running,Chevrolet,17.0,8.75,0,0,0,1,2,19.94
2024,2024-03-31,March Richmond,Richmond Raceway,Kyle Larson,5,3,1,200,144,Running,Chevrolet,13.8,9.75,1,1,1,2,2,2.71
2024,2024-03-31,March Richmond,Richmond Raceway,Martin Truex Jr,19,4,7,200,228,Running,Toyota,7.6,7.25,0,0,0,1,4,2.88
2024,2024-03-31,March Richmond,Richmond Raceway,Michael McDowell,34,26,31,200,0,Running,Ford,18.0,21.75,0,0,0,0,2,29.23
2024,2024-03-31,March Richmond,Richmond Raceway,Noah Gragson,10,12,17,200,0,Running,Ford,24.4,29.67,0,0,0,0,2,13.89
2024,2024-03-31,March Richmond,Richmond Raceway,Ricky Stenhouse Jr,47,33,24,200,0,Running,Chevrolet,21.0,25.5,0,0,0,0,1,25.38
2024,2024-03-31,March Richmond,Richmond Raceway,Ross Chastain,1,15,3,200,0,Running,Chevrolet,7.8,16.0,0,0,0,1,4,12.85
2024,2024-03-31,March Richmond,Richmond Raceway,Ryan Blaney,12,19,12,200,0,Running,Ford,7.6,14.25,0,1,0,3,3,23.06
2024,2024-03-31,March Richmond,Richmond Raceway,Ryan Preece,41,28,16,200,0,Running,Ford,19.8,11.5,0,0,0,0,0,23.33
2024,2024-03-31,March Richmond,Richmond Raceway,Todd Gilliland,38,21,6,200,0,Running,Ford,23.8,23.0,0,0,0,0,0,17.35
2024,2024-03-31,March Richmond,Richmond Raceway,Ty Dillon,16,29,33,200,0,Running,Chevrolet,26.2,26.75,0,0,0,0,0,28.49
2024,2024-03-31,March Richmond,Richmond Raceway,Ty Gibbs,54,16,8,200,0,Running,Toyota,6.0,20.0,0,0,0,3,5,14.31
2024,2024-03-31,March Richmond,Richmond Raceway,Tyler Reddick,45,10,19,200,0,Running,Toyota,15.4,18.75,0,1,0,2,3,12.9
2024,2024-03-31,March Richmond,Richmond Raceway,William Byron,24,7,13,200,0,Running,Chevrolet,16.2,14.75,0,0,2,2,3,10.52
2024,2024-03-31,March Richmond,Richmond Raceway,Zane Smith,71,35,28,200,0,Running,Chevrolet,31.0,15.0,0,0,0,0,0,27.51
2024,2024-08-11,August Richmond,Richmond Raceway,Alex Bowman,48,28,17,200,0,Running,Chevrolet,17.0,14.2,0,1,1,6,12,22.97
2024,2024-08-11,August Richmond,Richmond Raceway,Austin Cindric,2,24,18,200,0,Running,Ford,14.8,21.8,0,0,1,2,3,20.63
2024,2024-08-11,August Richmond,Richmond Raceway,Austin Dillon,3,1,6,200,35,Running,Chevrolet,24.0,16.8,0,0,0,0,2,6.23
2024,2024-08-11,August Richmond,Richmond Raceway,Brad Keselowski,6,16,29,200,0,Running,Ford,19.8,10.4,0,0,1,7,10,21.62
2024,2024-08-11,August Richmond,Richmond Raceway,Bubba Wallace,23,4,8,200,0,Running,Toyota,13.8,17.2,0,0,0,4,8,7.84
2024,2024-08-11,August Richmond,Richmond Raceway,Carson Hocevar,77,8,19,200,2,Running,Chevrolet,17.2,27.0,0,0,0,0,2,13.31
2024,2024-08-11,August Richmond,Richmond Raceway,Chase Briscoe,14,21,25,200,0,Running,Ford,18.8,15.0,0,0,0,2,6,23.94
2024,2024-08-11,August Richmond,Richmond Raceway,Chase Elliott,9,9,4,200,5,Running,Chevrolet,15.2,9.25,0,0,1,7,11,11.22
2024,2024-08-11,August Richmond,Richmond Raceway,Chris Buescher,17,18,7,200,0,Running,Ford,12.6,11.6,1,0,0,5,9,17.98
2024,2024-08-11,August Richmond,Richmond Raceway,Christopher Bell,20,6,5,200,122,Running,Toyota,18.0,7.6,0,0,3,7,12,4.94
2024,2024-08-11,August Richmond,Richmond Raceway,Corey LaJoie,7,34,24,200,0,Running,Chevrolet,20.6,29.6,0,0,0,1,1,33.38
2024,2024-08-11,August Richmond,Richmond Raceway,Daniel Hemric,31,30,32,200,0,Running,Chevrolet,21.4,30.0,0,0,0,0,3,32.21
2024,2024-08-11,August Richmond,Richmond Raceway,Daniel Suarez,99,10,21,200,93,Running,Chevrolet,15.6,22.6,0,0,1,2,4,8.91
2024,2024-08-11,August Richmond,Richmond Raceway,Denny Hamlin,11,2,1,200,124,Running,Toyota,20.0,5.6,2,0,3,8,9,2.81
2024,2024-08-11,August Richmond,Richmond Raceway,Erik Jones,43,29,27,200,0,Running,Toyota,23.6,25.2,0,0,0,0,1,29.13
2024,2024-08-11,August Richmond,Richmond Raceway,Harrison Burton,21,32,31,200,0,Running,Ford,26.8,25.4,0,0,0,0,1,32.16
2024,2024-08-11,August Richmond,Richmond Raceway,Joey Logano,22,19,9,200,2,Running,Ford,19.0,7.2,0,0,1,4,7,4.51
2024,2024-08-11,August Richmond,Richmond Raceway,John Hunter Nemechek,42,31,35,200,0,Running,Toyota,26.2,25.0,0,0,0,0,3,32.56
2024,2024-08-11,August Richmond,Richmond Raceway,Josh Berry,4,14,3,200,0,Running,Ford,24.0,6.5,0,0,0,2,4,12.82
2024,2024-08-11,August Richmond,Richmond Raceway,Justin Haley,51,27,36,200,0,Running,Chevrolet,20.0,28.2,0,0,0,0,2,30.78
2024,2024-08-11,August Richmond,Richmond Raceway,Kyle Busch,8,12,12,200,0,Running,Chevrolet,25.6,11.0,0,0,0,2,6,18.5
2024,2024-08-11,August Richmond,Richmond Raceway,Kyle Larson,5,7,15,200,17,Running,Chevrolet,13.0,8.4,1,2,4,9,11,10.8
2024,2024-08-11,August Richmond,Richmond Raceway,Martin Truex Jr,19,37,2,200,0,Running,Toyota,20.2,6.6,0,0,0,4,9,18.0
2024,2024-08-11,August Richmond,Richmond Raceway,Michael McDowell,34,15,28,200,0,Running,Ford,19.0,22.6,0,0,0,2,6,13.77
2024,2024-08-11,August Richmond,Richmond Raceway,Noah Gragson,10,20,16,200,0,Running,Ford,19.4,25.25,0,0,0,1,7,24.34
2024,2024-08-11,August Richmond,Richmond Raceway,Parker Retzlaff,66,35,37,200,0,Running,Chevrolet,15.0,15.0,0,0,0,0,0,36.37
2024,2024-08-11,August Richmond,Richmond Raceway,Ricky Stenhouse Jr,47,36,33,200,0,Running,Chevrolet,17.4,27.0,0,0,0,2,5,17.4
2024,2024-08-11,August Richmond,Richmond Raceway,Riley Herbst,15,33,34,200,0,Running,Toyota,28.6,15.0,0,0,0,0,0,33.85
2024,2024-08-11,August Richmond,Richmond Raceway,Ross Chastain,1,5,22,200,0,Running,Chevrolet,23.2,15.8,0,0,0,2,7,9.64
2024,2024-08-11,August Richmond,Richmond Raceway,Ryan Blaney,12,11,11,200,0,Running,Ford,9.0,15.2,0,1,2,7,11,13.4
2024,2024-08-11,August Richmond,Richmond Raceway,Ryan Preece,41,25,26,200,0,Running,Ford,21.0,17.0,0,0,0,1,2,22.03
2024,2024-08-11,August Richmond,Richmond Raceway,Todd Gilliland,38,17,23,200,0,Running,Ford,15.2,22.6,0,0,0,0,4,20.84
2024,2024-08-11,August Richmond,Richmond Raceway,Ty Dillon,16,26,30,200,0,Running,Chevrolet,24.0,27.2,0,0,0,0,0,29.64
2024,2024-08-11,August Richmond,Richmond Raceway,Ty Gibbs,54,22,14,200,0,Running,Toyota,18.4,19.0,0,0,0,5,9,20.86
2024,2024-08-11,August Richmond,Richmond Raceway,Tyler Reddick,45,3,10,200,8,Running,Toyota,3.8,17.0,0,1,1,9,15,7.18
2024,2024-08-11,August Richmond,Richmond Raceway,William Byron,24,13,13,200,0,Running,Chevrolet,19.0,13.2,0,0,3,7,12,12.52
2024,2024-08-11,August Richmond,Richmond Raceway,Zane Smith,71,23,20,200,0,Running,Chevrolet,19.0,35.0,0,0,0,1,1,23.96
2025,2025-08-16,August Richmond,Richmond Raceway,AJ Allmendinger,16,22,3,200,0,Running,Chevrolet,21.4,27.0,0,0,0,1,5,21.12
2025,2025-08-16,August Richmond,Richmond Raceway,Alex Bowman,48,2,9,200,0,Running,Chevrolet,11.6,16.5,0,1,0,5,13,8.35
2025,2025-08-16,August Richmond,Richmond Raceway,Austin Cindric,2,5,13,200,2,Running,Ford,17.8,22.17,0,0,1,1,4,7.86
2025,2025-08-16,August Richmond,Richmond Raceway,Austin Dillon,3,1,11,200,107,Running,Chevrolet,19.8,14.17,1,0,0,0,4,5.97
2025,2025-08-16,August Richmond,Richmond Raceway,Brad Keselowski,6,9,6,200,2,Running,Ford,12.0,11.33,0,0,0,4,7,11.43
2025,2025-08-16,August Richmond,Richmond Raceway,Bubba Wallace,23,28,7,200,123,Running,Toyota,9.6,15.0,0,0,1,4,10,10.64
2025,2025-08-16,August Richmond,Richmond Raceway,Carson Hocevar,77,15,15,200,10,Running,Chevrolet,20.6,17.5,0,0,0,2,6,14.74
2025,2025-08-16,August Richmond,Richmond Raceway,Chase Briscoe,19,13,19,200,0,Running,Toyota,5.8,16.0,0,0,1,10,12,15.03
2025,2025-08-16,August Richmond,Richmond Raceway,Chase Elliott,9,38,5,200,0,Running,Chevrolet,12.4,9.2,0,0,1,7,12,27.56
2025,2025-08-16,August Richmond,Richmond Raceway,Chris Buescher,17,30,12,200,0,Running,Ford,12.8,12.67,1,0,0,4,12,21.5
2025,2025-08-16,August Richmond,Richmond Raceway,Christopher Bell,20,21,8,200,0,Running,Toyota,10.0,7.33,0,0,3,9,14,12.96
2025,2025-08-16,August Richmond,Richmond Raceway,Cody Ware,51,32,37,200,0,Running,Ford,33.6,34.67,0,0,0,0,0,35.32
2025,2025-08-16,August Richmond,Richmond Raceway,Cole Custer,41,24,24,200,0,Running,Ford,26.4,24.0,0,0,0,0,1,24.05
2025,2025-08-16,August Richmond,Richmond Raceway,Corey Heim,67,29,32,200,0,Running,Toyota,25.2,15.0,0,0,0,0,0,33.62
2025,2025-08-16,August Richmond,Richmond Raceway,Daniel Suarez,99,7,21,200,1,Running,Chevrolet,19.8,20.5,0,0,0,1,4,7.75
2025,2025-08-16,August Richmond,Richmond Raceway,Denny Hamlin,11,10,4,200,0,Running,Toyota,14.6,5.0,2,1,4,11,12,13.54
2025,2025-08-16,August Richmond,Richmond Raceway,Erik Jones,43,26,18,200,0,Running,Toyota,24.0,25.83,0,0,0,2,3,20.34
2025,2025-08-16,August Richmond,Richmond Raceway,Jesse Love,33,33,35,200,0,Running,Chevrolet,28.75,15.0,0,0,0,0,0,33.59
2025,2025-08-16,August Richmond,Richmond Raceway,Joey Logano,22,4,38,200,0,Running,Ford,15.6,9.17,0,0,1,2,6,11.88
2025,2025-08-16,August Richmond,Richmond Raceway,John Hunter Nemechek,42,36,34,200,0,Running,Toyota,21.6,28.0,0,0,0,1,6,31.89
2025,2025-08-16,August Richmond,Richmond Raceway,Josh Berry,21,8,17,200,0,Running,Ford,22.2,9.0,0,0,1,2,3,11.38
2025,2025-08-16,August Richmond,Richmond Raceway,Justin Haley,7,37,25,200,0,Running,Chevrolet,18.6,28.0,0,0,0,0,1,30.43
2025,2025-08-16,August Richmond,Richmond Raceway,Kyle Busch,8,16,28,200,0,Running,Chevrolet,17.6,11.17,0,0,0,2,7,23.9
2025,2025-08-16,August Richmond,Richmond Raceway,Kyle Larson,5,6,30,200,9,Running,Chevrolet,21.6,8.17,1,2,3,11,14,13.69
2025,2025-08-16,August Richmond,Richmond Raceway,Michael McDowell,71,17,10,200,6,Running,Chevrolet,18.6,21.33,0,0,0,2,3,17.57
2025,2025-08-16,August Richmond,Richmond Raceway,Noah Gragson,4,27,22,200,0,Running,Ford,30.4,24.2,0,0,0,1,3,28.47
2025,2025-08-16,August Richmond,Richmond Raceway,Ricky Stenhouse Jr,47,23,36,200,0,Running,Chevrolet,29.4,28.5,0,0,0,1,3,28.55
2025,2025-08-16,August Richmond,Richmond Raceway,Riley Herbst,35,31,26,200,0,Running,Toyota,25.8,33.0,0,0,0,0,0,31.71
2025,2025-08-16,August Richmond,Richmond Raceway,Ross Chastain,1,19,33,200,0,Running,Chevrolet,23.4,14.0,0,0,1,3,10,20.78
2025,2025-08-16,August Richmond,Richmond Raceway,Ryan Blaney,12,3,20,200,39,Running,Ford,12.2,14.5,0,1,1,8,12,5.58
2025,2025-08-16,August Richmond,Richmond Raceway,Ryan Preece,60,35,1,200,60,Running,Ford,10.6,19.0,0,0,0,3,10,18.1
2025,2025-08-16,August Richmond,Richmond Raceway,Shane van Gisbergen,88,14,27,200,0,Running,Chevrolet,16.4,15.0,0,0,4,4,5,18.91
2025,2025-08-16,August Richmond,Richmond Raceway,Todd Gilliland,34,25,31,200,0,Running,Ford,23.0,21.67,0,0,0,0,3,24.36
2025,2025-08-16,August Richmond,Richmond Raceway,Ty Dillon,10,20,16,200,0,Running,Chevrolet,26.0,27.0,0,0,0,0,1,23.7
2025,2025-08-16,August Richmond,Richmond Raceway,Ty Gibbs,54,18,23,200,0,Running,Toyota,17.4,19.6,0,0,0,4,6,24.95
2025,2025-08-16,August Richmond,Richmond Raceway,Tyler Reddick,45,34,2,200,41,Running,Toyota,15.0,14.67,0,1,0,5,9,18.0
2025,2025-08-16,August Richmond,Richmond Raceway,William Byron,24,12,14,200,0,Running,Chevrolet,12.0,13.17,0,0,2,9,13,11.77
2025,2025-08-16,August Richmond,Richmond Raceway,Zane Smith,38,11,29,200,0,Running,Chevrolet,26.6,29.0,0,0,0,0,3,19.99
2022,2022-07-03,July Road America,Road America,AJ Allmendinger,16,9,21,200,0,Running,Chevrolet,21.0,20.67,0,0,0,0,1,18.42
2022,2022-07-03,July Road America,Road America,Alex Bowman,48,12,8,200,0,Running,Chevrolet,16.8,17.2,0,0,1,3,9,14.66
2022,2022-07-03,July Road America,Road America,Aric Almirola,10,28,24,200,0,Running,Ford,15.8,13.8,0,0,0,2,5,29.94
2022,2022-07-03,July Road America,Road America,Austin Cindric,2,7,5,200,0,Running,Ford,13.6,14.0,0,1,1,2,4,10.26
2022,2022-07-03,July Road America,Road America,Austin Dillon,3,31,20,200,0,Running,Chevrolet,15.0,15.2,0,0,0,3,6,15.81
2022,2022-07-03,July Road America,Road America,Brad Keselowski,6,33,11,200,0,Running,Ford,20.6,20.4,0,0,0,0,2,23.66
2022,2022-07-03,July Road America,Road America,Bubba Wallace,23,35,25,200,0,Running,Toyota,22.4,21.6,0,0,0,1,2,25.06
2022,2022-07-03,July Road America,Road America,Chase Briscoe,14,14,2,200,4,Running,Ford,19.8,23.8,0,2,1,3,4,12.35
2022,2022-07-03,July Road America,Road America,Chase Elliott,9,2,1,200,36,Running,Chevrolet,18.4,11.6,1,0,2,4,11,2.27
2022,2022-07-03,July Road America,Road America,Chris Buescher,17,6,7,200,0,Running,Ford,20.2,23.25,0,0,0,1,4,8.81
2022,2022-07-03,July Road America,Road America,Christopher Bell,20,18,16,200,0,Running,Toyota,10.8,15.8,0,0,0,4,10,15.84
2022,2022-07-03,July Road America,Road America,Cody Ware,51,32,31,200,0,Running,Ford,29.2,29.4,0,0,0,0,0,32.34
2022,2022-07-03,July Road America,Road America,Cole Custer,41,15,10,200,0,Running,Ford,23.8,24.6,0,0,0,0,0,14.18
2022,2022-07-03,July Road America,Road America,Corey LaJoie,7,34,35,200,0,Running,Chevrolet,28.8,25.0,0,0,0,1,1,35.76
2022,2022-07-03,July Road America,Road America,Daniel Suarez,99,5,17,200,0,Running,Chevrolet,19.4,14.0,0,0,1,3,5,9.66
2022,2022-07-03,July Road America,Road America,Denny Hamlin,11,17,14,200,1,Running,Toyota,15.2,20.4,0,1,2,3,4,18.92
2022,2022-07-03,July Road America,Road America,Erik Jones,43,26,27,200,0,Running,Chevrolet,17.2,8.8,0,0,0,1,5,22.35
2022,2022-07-03,July Road America,Road America,Harrison Burton,21,22,23,200,1,Running,Ford,22.0,25.0,0,0,0,0,0,20.19
2022,2022-07-03,July Road America,Road America,Joey Hand,15,21,9,200,0,Running,Ford,27.5,35.0,0,0,0,0,0,16.06
2022,2022-07-03,July Road America,Road America,Joey Logano,22,27,18,200,0,Running,Ford,12.8,11.0,1,0,2,5,8,20.5
2022,2022-07-03,July Road America,Road America,Josh Bilicki,77,36,26,200,0,Running,Chevrolet,30.8,25.8,0,0,0,0,0,31.63
2022,2022-07-03,July Road America,Road America,Justin Haley,31,24,34,200,0,Running,Chevrolet,22.2,17.2,0,0,0,1,1,25.42
2022,2022-07-03,July Road America,Road America,Kevin Harvick,4,10,28,200,0,Running,Ford,13.0,16.4,0,0,0,4,9,18.55
2022,2022-07-03,July Road America,Road America,Kurt Busch,45,23,22,200,0,Running,Toyota,11.0,9.6,0,0,1,5,7,19.16
2022,2022-07-03,July Road America,Road America,Kyle Busch,18,29,13,200,0,Running,Toyota,11.6,19.6,0,0,1,6,11,28.6
2022,2022-07-03,July Road America,Road America,Kyle Larson,5,3,3,200,0,Running,Chevrolet,8.4,15.2,1,0,1,7,9,4.18
2022,2022-07-03,July Road America,Road America,Kyle Tilley,78,30,37,200,0,Running,Chevrolet,15.0,15.0,0,0,0,0,0,31.11
2022,2022-07-03,July Road America,Road America,Loris Hezemans,27,37,36,200,0,Running,Chevrolet,34.0,34.0,0,0,0,0,0,36.45
2022,2022-07-03,July Road America,Road America,Martin Truex Jr,19,13,15,200,0,Running,Toyota,14.4,11.2,0,0,0,2,7,12.27
2022,2022-07-03,July Road America,Road America,Michael McDowell,34,8,6,200,0,Running,Ford,13.0,19.8,0,0,0,1,6,9.24
2022,2022-07-03,July Road America,Road America,Ricky Stenhouse Jr,47,19,33,200,0,Running,Chevrolet,17.6,25.2,0,0,0,1,5,23.74
2022,2022-07-03,July Road America,Road America,Ross Chastain,1,4,12,200,0,Running,Chevrolet,8.4,9.0,1,0,2,8,11,6.24
2022,2022-07-03,July Road America,Road America,Ryan Blaney,12,11,19,200,4,Running,Ford,10.8,9.6,0,1,0,6,9,15.73
2022,2022-07-03,July Road America,Road America,Todd Gilliland,38,25,32,200,0,Running,Ford,22.2,21.8,0,0,0,0,0,28.02
2022,2022-07-03,July Road America,Road America,Ty Dillon,42,20,30,200,0,Running,Chevrolet,22.8,26.2,0,0,0,0,1,20.05
2022,2022-07-03,July Road America,Road America,Tyler Reddick,8,1,4,200,16,Running,Toyota,21.0,18.2,0,0,0,4,6,3.56
2022,2022-07-03,July Road America,Road America,William Byron,24,16,29,200,0,Running,Chevrolet,22.2,20.2,1,0,2,4,5,22.0
2022,2022-06-12,June Sonoma,Sonoma Raceway,AJ Allmendinger,16,19,16,200,0,Running,Chevrolet,25.4,15.0,0,0,0,0,1,19.92
2022,2022-06-12,June Sonoma,Sonoma Raceway,Alex Bowman,48,16,19,200,0,Running,Chevrolet,13.2,15.0,0,0,1,3,9,14.49
2022,2022-06-12,June Sonoma,Sonoma Raceway,Aric Almirola,10,14,21,200,0,Running,Ford,15.6,15.0,0,0,0,2,5,19.6
2022,2022-06-12,June Sonoma,Sonoma Raceway,Austin Cindric,2,5,25,200,0,Running,Ford,22.0,15.0,0,0,1,1,2,12.22
2022,2022-06-12,June Sonoma,Sonoma Raceway,Austin Dillon,3,11,13,200,0,Running,Chevrolet,16.4,15.0,0,0,0,3,6,13.95
2022,2022-06-12,June Sonoma,Sonoma Raceway,Brad Keselowski,6,10,22,200,3,Running,Ford,23.6,15.0,0,0,0,0,1,11.75
2022,2022-06-12,June Sonoma,Sonoma Raceway,Bubba Wallace,23,36,27,200,0,Running,Toyota,21.4,15.0,0,0,0,1,2,35.29
2022,2022-06-12,June Sonoma,Sonoma Raceway,Chase Briscoe,14,13,15,200,0,Running,Ford,17.0,15.0,0,0,1,3,4,14.16
2022,2022-06-12,June Sonoma,Sonoma Raceway,Chase Elliott,9,8,2,200,26,Running,Chevrolet,17.8,15.0,0,0,1,3,9,9.45
2022,2022-06-12,June Sonoma,Sonoma Raceway,Chris Buescher,17,2,3,200,4,Running,Ford,23.0,15.0,0,0,0,0,3,3.07
2022,2022-06-12,June Sonoma,Sonoma Raceway,Christopher Bell,20,27,31,200,0,Running,Toyota,5.8,15.0,0,0,0,4,9,28.12
2022,2022-06-12,June Sonoma,Sonoma Raceway,Cody Ware,51,32,36,200,0,Running,Ford,28.0,15.0,0,0,0,0,0,30.77
2022,2022-06-12,June Sonoma,Sonoma Raceway,Cole Custer,41,21,6,200,0,Running,Ford,22.6,15.0,0,0,0,0,0,15.02
2022,2022-06-12,June Sonoma,Sonoma Raceway,Corey LaJoie,7,34,30,200,0,Running,Chevrolet,28.6,15.0,0,0,0,1,1,30.39
2022,2022-06-12,June Sonoma,Sonoma Raceway,Daniel Suarez,99,1,8,200,47,Running,Chevrolet,21.0,15.0,0,0,0,2,4,3.55
2022,2022-06-12,June Sonoma,Sonoma Raceway,Denny Hamlin,11,31,10,200,0,Running,Toyota,16.2,15.0,0,0,2,3,3,16.96
2022,2022-06-12,June Sonoma,Sonoma Raceway,Erik Jones,43,22,33,200,0,Running,Chevrolet,17.6,15.0,0,0,0,1,5,26.64
2022,2022-06-12,June Sonoma,Sonoma Raceway,Harrison Burton,21,28,26,200,0,Running,Ford,19.0,15.0,0,0,0,0,0,23.53
2022,2022-06-12,June Sonoma,Sonoma Raceway,Joey Hand,15,20,17,200,0,Running,Ford,35.0,15.0,0,0,0,0,0,20.08
2022,2022-06-12,June Sonoma,Sonoma Raceway,Joey Logano,22,17,9,200,4,Running,Ford,13.6,15.0,0,0,2,5,7,16.86
2022,2022-06-12,June Sonoma,Sonoma Raceway,Josh Bilicki,77,29,29,200,0,Running,Chevrolet,31.8,15.0,0,0,0,0,0,30.09
2022,2022-06-12,June Sonoma,Sonoma Raceway,Justin Haley,31,12,18,200,0,Running,Chevrolet,18.0,15.0,0,0,0,1,1,20.31
2022,2022-06-12,June Sonoma,Sonoma Raceway,Kevin Harvick,4,4,23,200,0,Running,Ford,12.8,15.0,0,0,0,3,7,8.35
2022,2022-06-12,June Sonoma,Sonoma Raceway,Kurt Busch,45,18,11,200,0,Running,Toyota,18.8,15.0,0,0,1,4,6,21.63
2022,2022-06-12,June Sonoma,Sonoma Raceway,Kyle Busch,18,30,12,200,0,Running,Toyota,9.4,15.0,0,0,1,6,11,21.54
2022,2022-06-12,June Sonoma,Sonoma Raceway,Kyle Larson,5,15,1,200,26,Running,Chevrolet,13.0,15.0,0,0,1,6,8,12.1
2022,2022-06-12,June Sonoma,Sonoma Raceway,Martin Truex Jr,19,26,28,200,0,Running,Toyota,12.0,15.0,0,0,0,2,7,20.26
2022,2022-06-12,June Sonoma,Sonoma Raceway,Michael McDowell,34,3,4,200,0,Running,Ford,14.6,15.0,0,0,0,0,5,4.92
2022,2022-06-12,June Sonoma,Sonoma Raceway,Ricky Stenhouse Jr,47,25,32,200,0,Running,Chevrolet,11.4,15.0,0,0,0,1,5,26.05
2022,2022-06-12,June Sonoma,Sonoma Raceway,Ross Chastain,1,7,7,200,0,Running,Chevrolet,12.6,15.0,0,0,2,7,9,9.05
2022,2022-06-12,June Sonoma,Sonoma Raceway,Ryan Blaney,12,6,14,200,0,Running,Ford,17.6,15.0,0,0,0,5,7,8.79
2022,2022-06-12,June Sonoma,Sonoma Raceway,Scott Heckert,78,33,35,200,0,Running,Chevrolet,15.0,15.0,0,0,0,0,0,32.32
2022,2022-06-12,June Sonoma,Sonoma Raceway,Todd Gilliland,38,24,24,200,0,Running,Ford,21.2,15.0,0,0,0,0,0,23.74
2022,2022-06-12,June Sonoma,Sonoma Raceway,Ty Dillon,42,23,34,200,0,Running,Chevrolet,19.8,15.0,0,0,0,0,1,24.21
2022,2022-06-12,June Sonoma,Sonoma Raceway,Tyler Reddick,8,35,5,200,0,Running,Toyota,16.8,15.0,0,0,0,4,6,20.22
2022,2022-06-12,June Sonoma,Sonoma Raceway,William Byron,24,9,20,200,0,Running,Chevrolet,20.4,15.0,0,0,2,4,4,16.62
2023,2023-06-11,June Sonoma,Sonoma Raceway,AJ Allmendinger,16,6,5,200,0,Running,Chevrolet,16.6,19.0,0,0,0,0,1,8.4
2023,2023-06-11,June Sonoma,Sonoma Raceway,Alex Bowman,48,15,14,200,0,Running,Chevrolet,18.4,16.0,0,0,0,3,6,14.3
2023,2023-06-11,June Sonoma,Sonoma Raceway,Andy Lally,15,35,33,200,0,Running,Chevrolet,39.0,15.0,0,0,0,0,0,34.7
2023,2023-06-11,June Sonoma,Sonoma Raceway,Aric Almirola,10,28,20,200,0,Running,Ford,20.4,14.0,0,0,0,0,1,21.2
2023,2023-06-11,June Sonoma,Sonoma Raceway,Austin Cindric,2,25,34,200,0,Running,Ford,24.0,5.0,0,0,0,0,2,31.1
2023,2023-06-11,June Sonoma,Sonoma Raceway,Austin Dillon,3,19,11,200,0,Running,Chevrolet,22.4,11.0,0,0,0,1,4,20.6
2023,2023-06-11,June Sonoma,Sonoma Raceway,Brad Keselowski,6,16,25,200,0,Running,Ford,15.6,10.0,0,0,0,3,6,21.9
2023,2023-06-11,June Sonoma,Sonoma Raceway,Bubba Wallace,23,17,18,200,0,Running,Toyota,11.0,36.0,0,0,0,4,5,20.8
2023,2023-06-11,June Sonoma,Sonoma Raceway,Chase Briscoe,14,29,24,200,0,Running,Ford,26.6,13.0,0,0,0,3,4,23.1
2023,2023-06-11,June Sonoma,Sonoma Raceway,Chase Elliott,9,5,10,200,7,Running,Chevrolet,13.4,8.0,0,0,0,2,4,8.2
2023,2023-06-11,June Sonoma,Sonoma Raceway,Chris Buescher,17,4,7,200,0,Running,Ford,11.2,2.0,0,0,0,2,6,7.6
2023,2023-06-11,June Sonoma,Sonoma Raceway,Christopher Bell,20,9,4,200,0,Running,Toyota,18.2,27.0,0,0,1,5,8,6.2
2023,2023-06-11,June Sonoma,Sonoma Raceway,Corey LaJoie,7,20,19,200,0,Running,Chevrolet,19.2,34.0,0,0,0,1,1,20.5
2023,2023-06-11,June Sonoma,Sonoma Raceway,Daniel Suarez,99,22,9,200,0,Running,Chevrolet,22.8,1.0,1,0,0,1,5,22.4
2023,2023-06-11,June Sonoma,Sonoma Raceway,Denny Hamlin,11,36,1,200,33,Running,Toyota,11.0,31.0,0,0,1,4,6,11.3
2023,2023-06-11,June Sonoma,Sonoma Raceway,Erik Jones,43,32,28,200,0,Running,Chevrolet,22.4,22.0,0,0,0,0,2,28.0
2023,2023-06-11,June Sonoma,Sonoma Raceway,Grant Enfinger,42,26,35,200,0,Running,Chevrolet,15.0,15.0,0,0,0,0,0,33.2
2023,2023-06-11,June Sonoma,Sonoma Raceway,Harrison Burton,21,27,36,200,0,Running,Ford,19.4,28.0,0,0,0,0,1,32.0
2023,2023-06-11,June Sonoma,Sonoma Raceway,Joey Logano,22,3,17,200,0,Running,Ford,15.8,17.0,0,0,1,4,7,9.3
2023,2023-06-11,June Sonoma,Sonoma Raceway,Josh Bilicki,78,30,29,200,0,Running,Chevrolet,27.2,29.0,0,0,0,0,0,27.5
2023,2023-06-11,June Sonoma,Sonoma Raceway,Justin Haley,31,21,23,200,0,Running,Chevrolet,16.0,12.0,0,0,0,0,3,23.5
2023,2023-06-11,June Sonoma,Sonoma Raceway,Kevin Harvick,4,11,21,200,0,Running,Ford,10.6,4.0,0,0,0,4,7,16.0
2023,2023-06-11,June Sonoma,Sonoma Raceway,Kyle Busch,8,2,12,200,17,Running,Chevrolet,14.0,30.0,0,0,3,4,8,6.8
2023,2023-06-11,June Sonoma,Sonoma Raceway,Kyle Larson,5,8,16,200,0,Running,Chevrolet,17.6,15.0,0,1,2,6,6,11.1
2023,2023-06-11,June Sonoma,Sonoma Raceway,Martin Truex Jr,19,1,8,200,51,Running,Toyota,9.6,26.0,0,0,1,4,7,2.5
2023,2023-06-11,June Sonoma,Sonoma Raceway,Michael McDowell,34,7,3,200,1,Running,Ford,23.6,3.0,0,0,0,0,2,6.7
2023,2023-06-11,June Sonoma,Sonoma Raceway,Ricky Stenhouse Jr,47,12,13,200,0,Running,Chevrolet,15.8,25.0,0,0,1,2,5,13.0
2023,2023-06-11,June Sonoma,Sonoma Raceway,Ross Chastain,1,10,15,200,1,Running,Chevrolet,16.0,7.0,0,0,0,5,6,11.7
2023,2023-06-11,June Sonoma,Sonoma Raceway,Ryan Blaney,12,31,31,200,0,Running,Ford,7.0,6.0,0,0,1,4,9,25.7
2023,2023-06-11,June Sonoma,Sonoma Raceway,Ryan Preece,41,13,22,200,0,Running,Ford,17.8,15.0,0,0,0,0,0,17.1
2023,2023-06-11,June Sonoma,Sonoma Raceway,Todd Gilliland,51,24,32,200,0,Running,Ford,21.6,24.0,0,0,0,0,3,29.5
2023,2023-06-11,June Sonoma,Sonoma Raceway,Ty Dillon,77,23,27,200,0,Running,Chevrolet,27.4,23.0,0,0,0,0,0,28.2
2023,2023-06-11,June Sonoma,Sonoma Raceway,Ty Gibbs,54,18,6,200,0,Running,Toyota,21.8,15.0,0,0,0,0,4,13.0
2023,2023-06-11,June Sonoma,Sonoma Raceway,Tyler Reddick,45,33,2,200,0,Running,Toyota,15.6,35.0,0,0,1,5,7,13.9
2023,2023-06-11,June Sonoma,Sonoma Raceway,William Byron,24,14,26,200,0,Running,Chevrolet,3.6,9.0,0,0,3,7,9,14.0
2023,2023-06-11,June Sonoma,Sonoma Raceway,Zane Smith,38,34,30,200,0,Running,Chevrolet,25.0,15.0,0,0,0,0,1,31.4
2024,2024-06-09,June Sonoma,Sonoma Raceway,AJ Allmendinger,16,6,11,200,3,Running,Chevrolet,16.0,12.5,0,0,0,0,2,10.2
2024,2024-06-09,June Sonoma,Sonoma Raceway,Alex Bowman,48,15,8,200,0,Running,Chevrolet,12.0,15.5,0,0,0,4,9,13.7
2024,2024-06-09,June Sonoma,Sonoma Raceway,Austin Cindric,2,22,28,200,0,Running,Ford,18.6,15.0,0,0,1,2,2,21.7
2024,2024-06-09,June Sonoma,Sonoma Raceway,Austin Dillon,3,36,16,200,0,Running,Chevrolet,22.6,15.0,0,0,0,0,2,30.0
2024,2024-06-09,June Sonoma,Sonoma Raceway,Brad Keselowski,6,13,35,200,0,Running,Ford,9.4,13.0,0,0,1,7,8,17.6
2024,2024-06-09,June Sonoma,Sonoma Raceway,Bubba Wallace,23,20,18,200,0,Running,Toyota,17.6,26.5,0,0,0,3,5,20.9
2024,2024-06-09,June Sonoma,Sonoma Raceway,Cam Waters,60,35,31,200,0,Running,Chevrolet,15.0,15.0,0,0,0,0,0,29.0
2024,2024-06-09,June Sonoma,Sonoma Raceway,Carson Hocevar,77,17,13,200,0,Running,Chevrolet,20.2,15.0,0,0,0,0,2,17.3
2024,2024-06-09,June Sonoma,Sonoma Raceway,Chase Briscoe,14,34,23,200,0,Running,Ford,17.4,21.0,0,0,0,1,5,27.7
2024,2024-06-09,June Sonoma,Sonoma Raceway,Chase Elliott,9,4,4,200,3,Running,Chevrolet,8.0,6.5,0,0,1,5,7,8.3
2024,2024-06-09,June Sonoma,Sonoma Raceway,Chris Buescher,17,3,26,200,32,Running,Ford,17.2,3.0,0,0,0,2,6,10.6
2024,2024-06-09,June Sonoma,Sonoma Raceway,Christopher Bell,20,9,15,200,0,Running,Toyota,12.2,18.0,0,0,2,4,8,16.6
2024,2024-06-09,June Sonoma,Sonoma Raceway,Corey LaJoie,7,11,17,200,0,Running,Chevrolet,26.0,27.0,0,0,0,1,1,14.6
2024,2024-06-09,June Sonoma,Sonoma Raceway,Daniel Hemric,31,28,34,200,0,Running,Chevrolet,21.6,15.0,0,0,0,0,2,23.7
2024,2024-06-09,June Sonoma,Sonoma Raceway,Daniel Suarez,99,14,7,200,0,Running,Chevrolet,23.2,11.5,1,0,1,2,2,13.2
2024,2024-06-09,June Sonoma,Sonoma Raceway,Denny Hamlin,11,38,25,200,0,Running,Toyota,3.4,33.5,0,1,3,7,8,37.8
2024,2024-06-09,June Sonoma,Sonoma Raceway,Erik Jones,43,19,38,200,0,Running,Toyota,23.6,27.0,0,0,0,0,1,18.0
2024,2024-06-09,June Sonoma,Sonoma Raceway,Harrison Burton,21,25,22,200,0,Running,Ford,29.4,27.5,0,0,0,0,1,25.1
2024,2024-06-09,June Sonoma,Sonoma Raceway,Joey Logano,22,21,1,200,16,Running,Ford,18.0,10.0,0,0,0,2,4,18.1
2024,2024-06-09,June Sonoma,Sonoma Raceway,John Hunter Nemechek,42,29,37,200,0,Running,Toyota,24.2,15.0,0,0,0,0,2,30.2
2024,2024-06-09,June Sonoma,Sonoma Raceway,Josh Berry,4,32,32,200,0,Running,Ford,15.6,15.0,0,0,0,1,2,27.8
2024,2024-06-09,June Sonoma,Sonoma Raceway,Justin Haley,51,33,27,200,0,Running,Chevrolet,16.2,16.5,0,0,0,0,2,26.0
2024,2024-06-09,June Sonoma,Sonoma Raceway,Kaz Grala,15,23,36,200,0,Running,Chevrolet,26.8,15.0,0,0,0,0,0,27.2
2024,2024-06-09,June Sonoma,Sonoma Raceway,Kyle Busch,8,12,29,200,1,Running,Chevrolet,17.8,16.0,0,0,0,2,5,12.0
2024,2024-06-09,June Sonoma,Sonoma Raceway,Kyle Larson,5,1,5,200,19,Running,Chevrolet,13.6,11.5,0,1,2,6,7,5.5
2024,2024-06-09,June Sonoma,Sonoma Raceway,Martin Truex Jr,19,27,21,200,1,Running,Toyota,15.6,13.5,1,0,0,4,7,11.3
2024,2024-06-09,June Sonoma,Sonoma Raceway,Michael McDowell,34,2,12,200,0,Running,Ford,19.4,5.0,0,0,0,0,4,11.8
2024,2024-06-09,June Sonoma,Sonoma Raceway,Noah Gragson,10,26,19,200,0,Running,Ford,17.8,15.0,0,0,0,1,5,23.7
2024,2024-06-09,June Sonoma,Sonoma Raceway,Ricky Stenhouse Jr,47,24,33,200,0,Running,Chevrolet,25.0,18.5,0,0,0,1,2,23.6
2024,2024-06-09,June Sonoma,Sonoma Raceway,Ross Chastain,1,5,9,200,0,Running,Chevrolet,12.4,8.5,0,0,0,1,5,9.9
2024,2024-06-09,June Sonoma,Sonoma Raceway,Ryan Blaney,12,7,3,200,1,Running,Ford,23.6,18.5,0,0,0,4,5,9.6
2024,2024-06-09,June Sonoma,Sonoma Raceway,Ryan Preece,41,18,30,200,0,Running,Ford,27.4,13.0,0,0,0,0,1,19.0
2024,2024-06-09,June Sonoma,Sonoma Raceway,Todd Gilliland,38,10,14,200,0,Running,Ford,18.6,24.0,0,0,0,0,1,11.2
2024,2024-06-09,June Sonoma,Sonoma Raceway,Ty Gibbs,54,37,10,200,0,Running,Toyota,12.2,18.0,0,0,0,4,8,33.2
2024,2024-06-09,June Sonoma,Sonoma Raceway,Tyler Reddick,45,8,2,200,35,Running,Toyota,14.2,34.0,0,0,1,6,9,8.6
2024,2024-06-09,June Sonoma,Sonoma Raceway,Will Brown,33,31,24,200,0,Running,Chevrolet,15.0,15.0,0,0,0,0,0,30.2
2024,2024-06-09,June Sonoma,Sonoma Raceway,William Byron,24,30,6,200,0,Running,Chevrolet,16.0,11.5,0,0,3,5,9,26.2
2024,2024-06-09,June Sonoma,Sonoma Raceway,Zane Smith,71,16,20,200,0,Running,Chevrolet,28.0,34.0,0,0,0,0,0,20.3
2025,2025-07-13,July Sonoma,Sonoma Raceway,AJ Allmendinger,16,18,5,200,0,Running,Chevrolet,13.8,10.33,0,0,0,1,5,19.7
2025,2025-07-13,July Sonoma,Sonoma Raceway,Alex Bowman,48,19,9,200,0,Running,Chevrolet,12.4,15.33,0,0,0,4,10,16.1
2025,2025-07-13,July Sonoma,Sonoma Raceway,Austin Cindric,2,30,24,200,0,Running,Ford,24.8,17.33,0,0,1,1,4,20.0
2025,2025-07-13,July Sonoma,Sonoma Raceway,Austin Dillon,3,21,33,200,0,Running,Chevrolet,25.4,22.0,0,0,0,0,3,23.1
2025,2025-07-13,July Sonoma,Sonoma Raceway,Brad Keselowski,6,11,21,200,0,Running,Ford,16.6,13.0,0,0,0,2,4,15.1
2025,2025-07-13,July Sonoma,Sonoma Raceway,Bubba Wallace,23,26,30,200,0,Running,Toyota,20.4,24.33,0,0,0,3,6,24.1
2025,2025-07-13,July Sonoma,Sonoma Raceway,Carson Hocevar,77,32,23,200,0,Running,Chevrolet,25.2,17.0,0,0,0,2,4,26.4
2025,2025-07-13,July Sonoma,Sonoma Raceway,Chase Briscoe,19,2,2,200,2,Running,Toyota,17.8,25.33,0,0,1,6,8,3.1
2025,2025-07-13,July Sonoma,Sonoma Raceway,Chase Elliott,9,3,13,200,0,Running,Chevrolet,8.0,5.67,0,0,1,6,10,8.1
2025,2025-07-13,July Sonoma,Sonoma Raceway,Chris Buescher,17,16,14,200,0,Running,Ford,8.6,3.0,0,0,0,3,10,9.0
2025,2025-07-13,July Sonoma,Sonoma Raceway,Christopher Bell,20,5,10,200,1,Running,Toyota,17.8,15.0,0,0,3,7,11,6.7
2025,2025-07-13,July Sonoma,Sonoma Raceway,Cody Ware,51,34,36,200,0,Running,Ford,25.0,32.0,0,0,0,0,0,32.2
2025,2025-07-13,July Sonoma,Sonoma Raceway,Cole Custer,41,23,27,200,0,Running,Ford,23.4,21.0,0,0,0,0,1,26.0
2025,2025-07-13,July Sonoma,Sonoma Raceway,Daniel Suarez,99,14,19,200,0,Running,Chevrolet,22.2,12.33,1,0,0,1,3,20.0
2025,2025-07-13,July Sonoma,Sonoma Raceway,Denny Hamlin,11,20,16,200,0,Running,Toyota,8.2,35.0,0,1,3,9,10,26.9
2025,2025-07-13,July Sonoma,Sonoma Raceway,Erik Jones,43,29,31,200,0,Running,Toyota,14.2,24.33,0,0,0,2,3,29.9
2025,2025-07-13,July Sonoma,Sonoma Raceway,Joey Logano,22,9,22,200,0,Running,Ford,21.2,13.67,0,1,1,2,4,19.0
2025,2025-07-13,July Sonoma,Sonoma Raceway,John Hunter Nemechek,42,28,18,200,0,Running,Toyota,17.4,29.0,0,0,0,1,6,27.3
2025,2025-07-13,July Sonoma,Sonoma Raceway,Josh Berry,21,13,25,200,0,Running,Ford,23.2,32.0,0,0,1,2,3,23.9
2025,2025-07-13,July Sonoma,Sonoma Raceway,Justin Haley,7,15,29,200,0,Running,Chevrolet,21.8,22.0,0,0,0,0,1,26.1
2025,2025-07-13,July Sonoma,Sonoma Raceway,Katherine Legge,78,31,37,200,0,Running,Chevrolet,27.0,15.0,0,0,0,0,0,33.3
2025,2025-07-13,July Sonoma,Sonoma Raceway,Kyle Busch,8,10,17,200,0,Running,Chevrolet,18.2,14.67,0,0,0,2,6,22.8
2025,2025-07-13,July Sonoma,Sonoma Raceway,Kyle Larson,5,35,11,200,3,Running,Chevrolet,15.6,8.0,1,1,3,9,12,16.1
2025,2025-07-13,July Sonoma,Sonoma Raceway,Michael McDowell,71,4,15,200,3,Running,Chevrolet,24.0,4.0,0,0,0,1,2,12.7
2025,2025-07-13,July Sonoma,Sonoma Raceway,Noah Gragson,4,37,32,200,0,Running,Ford,27.0,26.0,0,0,0,1,3,27.6
2025,2025-07-13,July Sonoma,Sonoma Raceway,Ricky Stenhouse Jr,47,33,34,200,0,Running,Chevrolet,22.8,20.33,0,0,0,1,3,21.5
2025,2025-07-13,July Sonoma,Sonoma Raceway,Riley Herbst,35,25,28,200,0,Running,Toyota,27.2,15.0,0,0,0,0,0,25.1
2025,2025-07-13,July Sonoma,Sonoma Raceway,Ross Chastain,1,24,4,200,4,Running,Chevrolet,18.2,7.33,0,0,1,3,9,12.5
2025,2025-07-13,July Sonoma,Sonoma Raceway,Ryan Blaney,12,36,7,200,0,Running,Ford,20.2,14.67,0,0,1,7,8,19.5
2025,2025-07-13,July Sonoma,Sonoma Raceway,Ryan Preece,60,12,20,200,0,Running,Ford,10.8,15.5,0,0,0,1,8,13.8
2025,2025-07-13,July Sonoma,Sonoma Raceway,Shane van Gisbergen,88,1,1,200,97,Running,Chevrolet,15.0,15.0,0,0,2,2,3,1.2
2025,2025-07-13,July Sonoma,Sonoma Raceway,Todd Gilliland,34,22,35,200,0,Running,Ford,29.6,19.33,0,0,0,0,2,26.0
2025,2025-07-13,July Sonoma,Sonoma Raceway,Ty Dillon,10,17,26,200,0,Running,Chevrolet,23.6,23.0,0,0,0,0,1,24.2
2025,2025-07-13,July Sonoma,Sonoma Raceway,Ty Gibbs,54,7,6,200,0,Running,Toyota,8.8,27.5,0,0,0,3,4,9.1
2025,2025-07-13,July Sonoma,Sonoma Raceway,Tyler Reddick,45,6,8,200,0,Running,Toyota,14.4,25.33,0,0,0,5,7,13.0
2025,2025-07-13,July Sonoma,Sonoma Raceway,William Byron,24,8,3,200,0,Running,Chevrolet,28.2,17.67,0,0,1,7,10,4.3
2025,2025-07-13,July Sonoma,Sonoma Raceway,Zane Smith,38,27,12,200,0,Running,Chevrolet,17.6,25.0,0,0,0,0,3,17.8
2022,2022-04-24,April Talladega,Talladega Superspeedway,Alex Bowman,48,9,27,200,0,Running,Chevrolet,7.6,15.0,0,0,1,2,5,14.02
2022,2022-04-24,April Talladega,Talladega Superspeedway,Aric Almirola,10,13,23,200,0,Running,Ford,18.6,15.0,0,0,0,1,4,19.41
2022,2022-04-24,April Talladega,Talladega Superspeedway,Austin Cindric,2,21,18,200,0,Running,Ford,17.4,15.0,0,0,1,1,2,20.93
2022,2022-04-24,April Talladega,Talladega Superspeedway,Austin Dillon,3,2,14,200,0,Running,Chevrolet,17.8,15.0,0,0,0,2,4,13.31
2022,2022-04-24,April Talladega,Talladega Superspeedway,BJ McLeod,78,26,37,200,2,Running,Chevrolet,30.0,15.0,0,0,0,0,0,27.96
2022,2022-04-24,April Talladega,Talladega Superspeedway,Brad Keselowski,6,23,15,200,0,Running,Ford,13.4,15.0,0,0,0,0,1,21.05
2022,2022-04-24,April Talladega,Talladega Superspeedway,Bubba Wallace,23,17,9,200,15,Running,Toyota,24.2,15.0,0,0,0,1,1,11.46
2022,2022-04-24,April Talladega,Talladega Superspeedway,Chase Briscoe,14,37,17,200,0,Running,Ford,17.4,15.0,0,0,1,2,3,33.69
2022,2022-04-24,April Talladega,Talladega Superspeedway,Chase Elliott,9,7,28,200,0,Running,Chevrolet,8.4,15.0,0,0,0,1,6,7.76
2022,2022-04-24,April Talladega,Talladega Superspeedway,Chris Buescher,17,38,30,200,0,Running,Ford,14.6,15.0,0,0,0,0,2,33.74
2022,2022-04-24,April Talladega,Talladega Superspeedway,Christopher Bell,20,22,1,200,7,Running,Toyota,11.8,15.0,0,0,0,1,4,11.49
2022,2022-04-24,April Talladega,Talladega Superspeedway,Cody Ware,51,28,34,200,0,Running,Ford,29.6,15.0,0,0,0,0,0,29.24
2022,2022-04-24,April Talladega,Talladega Superspeedway,Cole Custer,41,29,29,200,1,Running,Ford,22.6,15.0,0,0,0,0,0,23.99
2022,2022-04-24,April Talladega,Talladega Superspeedway,Corey LaJoie,7,14,33,200,1,Running,Chevrolet,24.6,15.0,0,0,0,1,1,20.63
2022,2022-04-24,April Talladega,Talladega Superspeedway,Daniel Hemric,16,36,3,200,0,Running,Chevrolet,14.33,15.0,0,0,0,0,1,26.98
2022,2022-04-24,April Talladega,Talladega Superspeedway,Daniel Suarez,99,31,4,200,28,Running,Chevrolet,17.0,15.0,0,0,0,2,3,22.68
2022,2022-04-24,April Talladega,Talladega Superspeedway,David Ragan,15,24,36,200,0,Running,Ford,13.0,15.0,0,0,0,0,1,24.01
2022,2022-04-24,April Talladega,Talladega Superspeedway,Denny Hamlin,11,18,7,200,9,Running,Toyota,22.2,15.0,0,0,1,1,1,17.95
2022,2022-04-24,April Talladega,Talladega Superspeedway,Erik Jones,43,6,16,200,25,Running,Chevrolet,16.6,15.0,0,0,0,1,2,5.94
2022,2022-04-24,April Talladega,Talladega Superspeedway,Greg Biffle,44,35,35,200,0,Running,Ford,31.75,15.0,0,0,0,0,0,31.6
2022,2022-04-24,April Talladega,Talladega Superspeedway,Harrison Burton,21,34,25,200,0,Running,Ford,21.2,15.0,0,0,0,0,0,26.11
2022,2022-04-24,April Talladega,Talladega Superspeedway,JJ Yeley,55,25,38,200,1,Running,Chevrolet,32.33,15.0,0,0,0,0,0,28.5
2022,2022-04-24,April Talladega,Talladega Superspeedway,Joey Logano,22,32,13,200,1,Running,Ford,12.4,15.0,0,0,0,3,5,22.36
2022,2022-04-24,April Talladega,Talladega Superspeedway,Justin Haley,31,12,11,200,0,Running,Chevrolet,20.0,15.0,0,0,0,0,0,15.59
2022,2022-04-24,April Talladega,Talladega Superspeedway,Kevin Harvick,4,10,24,200,0,Running,Ford,16.4,15.0,0,0,0,1,3,11.03
2022,2022-04-24,April Talladega,Talladega Superspeedway,Kurt Busch,45,16,6,200,1,Running,Toyota,21.6,15.0,0,0,0,2,4,10.33
2022,2022-04-24,April Talladega,Talladega Superspeedway,Kyle Busch,18,3,12,200,3,Running,Toyota,15.6,15.0,0,0,1,2,6,14.79
2022,2022-04-24,April Talladega,Talladega Superspeedway,Kyle Larson,5,4,5,200,32,Running,Chevrolet,17.4,15.0,0,0,1,4,4,4.75
2022,2022-04-24,April Talladega,Talladega Superspeedway,Landon Cassill,77,19,39,200,0,Running,Chevrolet,25.67,15.0,0,0,0,0,0,28.13
2022,2022-04-24,April Talladega,Talladega Superspeedway,Martin Truex Jr,19,5,2,200,0,Running,Toyota,12.4,15.0,0,0,0,1,4,8.06
2022,2022-04-24,April Talladega,Talladega Superspeedway,Michael McDowell,34,8,21,200,0,Running,Ford,20.2,15.0,0,0,0,0,2,25.09
2022,2022-04-24,April Talladega,Talladega Superspeedway,Noah Gragson,62,20,31,200,0,Running,Chevrolet,31.67,15.0,0,0,0,0,0,23.51
2022,2022-04-24,April Talladega,Talladega Superspeedway,Ricky Stenhouse Jr,47,30,26,200,0,Running,Chevrolet,30.4,15.0,0,0,0,0,1,24.55
2022,2022-04-24,April Talladega,Talladega Superspeedway,Ross Chastain,1,1,19,200,1,Running,Chevrolet,12.0,15.0,0,0,1,5,5,16.98
2022,2022-04-24,April Talladega,Talladega Superspeedway,Ryan Blaney,12,11,22,200,23,Running,Ford,7.8,15.0,0,0,0,4,6,12.12
2022,2022-04-24,April Talladega,Talladega Superspeedway,Todd Gilliland,38,27,32,200,0,Running,Ford,23.0,15.0,0,0,0,0,0,25.22
2022,2022-04-24,April Talladega,Talladega Superspeedway,Ty Dillon,42,33,20,200,0,Running,Chevrolet,22.6,15.0,0,0,0,0,1,24.41
2022,2022-04-24,April Talladega,Talladega Superspeedway,Tyler Reddick,8,39,10,200,0,Running,Toyota,13.0,15.0,0,0,0,3,4,35.73
2022,2022-04-24,April Talladega,Talladega Superspeedway,William Byron,24,15,8,200,38,Running,Chevrolet,7.0,15.0,0,0,2,4,4,4.91
2022,2022-10-02,October Talladega,Talladega Superspeedway,Aric Almirola,10,14,4,200,36,Running,Ford,21.0,13.0,0,0,0,2,7,9.3
2022,2022-10-02,October Talladega,Talladega Superspeedway,Austin Cindric,2,9,17,200,0,Running,Ford,13.2,21.0,0,0,1,5,8,17.8
2022,2022-10-02,October Talladega,Talladega Superspeedway,Austin Dillon,3,13,20,200,0,Running,Chevrolet,16.0,2.0,0,0,1,4,8,24.4
2022,2022-10-02,October Talladega,Talladega Superspeedway,BJ McLeod,78,33,35,200,0,Running,Chevrolet,23.4,26.0,0,0,0,0,1,32.1
2022,2022-10-02,October Talladega,Talladega Superspeedway,Brad Keselowski,6,24,18,200,0,Running,Ford,17.6,23.0,0,0,0,0,5,20.5
2022,2022-10-02,October Talladega,Talladega Superspeedway,Bubba Wallace,45,16,27,200,0,Running,Toyota,15.0,17.0,0,0,1,5,8,21.1
2022,2022-10-02,October Talladega,Talladega Superspeedway,Chase Briscoe,14,10,5,200,0,Running,Ford,18.0,37.0,0,0,1,4,5,17.7
2022,2022-10-02,October Talladega,Talladega Superspeedway,Chase Elliott,9,1,16,200,10,Running,Chevrolet,22.0,7.0,0,0,4,11,18,7.9
2022,2022-10-02,October Talladega,Talladega Superspeedway,Chris Buescher,17,25,23,200,1,Running,Ford,19.8,38.0,0,0,1,3,9,21.0
2022,2022-10-02,October Talladega,Talladega Superspeedway,Christopher Bell,20,17,1,200,0,Running,Toyota,16.4,22.0,0,1,1,10,17,16.3
2022,2022-10-02,October Talladega,Talladega Superspeedway,Cody Ware,51,32,37,200,0,Running,Ford,23.0,28.0,0,0,0,0,1,31.3
2022,2022-10-02,October Talladega,Talladega Superspeedway,Cole Custer,41,21,28,200,2,Running,Ford,19.0,29.0,0,0,0,0,3,13.7
2022,2022-10-02,October Talladega,Talladega Superspeedway,Corey LaJoie,7,35,32,200,1,Running,Chevrolet,23.2,14.0,0,0,0,1,1,32.0
2022,2022-10-02,October Talladega,Talladega Superspeedway,Daniel Hemric,16,34,13,200,0,Running,Chevrolet,27.6,36.0,0,0,0,0,1,17.9
2022,2022-10-02,October Talladega,Talladega Superspeedway,Daniel Suarez,99,8,14,200,2,Running,Chevrolet,16.6,31.0,0,0,1,6,11,12.9
2022,2022-10-02,October Talladega,Talladega Superspeedway,Denny Hamlin,11,5,3,200,20,Running,Toyota,9.6,18.0,0,0,2,7,11,12.9
2022,2022-10-02,October Talladega,Talladega Superspeedway,Erik Jones,43,6,12,200,23,Running,Chevrolet,14.8,6.0,0,0,1,3,11,7.2
2022,2022-10-02,October Talladega,Talladega Superspeedway,Harrison Burton,21,36,15,200,0,Running,Ford,21.2,34.0,0,0,0,1,2,33.4
2022,2022-10-02,October Talladega,Talladega Superspeedway,JJ Yeley,15,31,36,200,0,Running,Chevrolet,30.4,25.0,0,0,0,0,0,28.5
2022,2022-10-02,October Talladega,Talladega Superspeedway,Joey Logano,22,27,11,200,0,Running,Ford,12.4,32.0,0,0,2,9,14,21.3
2022,2022-10-02,October Talladega,Talladega Superspeedway,Justin Allgaier,62,30,31,200,0,Running,Chevrolet,36.0,15.0,0,0,0,0,0,30.9
2022,2022-10-02,October Talladega,Talladega Superspeedway,Justin Haley,31,15,21,200,0,Running,Chevrolet,16.2,12.0,0,0,0,2,3,17.6
2022,2022-10-02,October Talladega,Talladega Superspeedway,Kevin Harvick,4,29,24,200,0,Running,Ford,23.6,10.0,0,0,2,7,14,14.1
2022,2022-10-02,October Talladega,Talladega Superspeedway,Kyle Busch,18,20,26,200,3,Running,Toyota,27.2,3.0,0,0,1,6,13,10.5
2022,2022-10-02,October Talladega,Talladega Superspeedway,Kyle Larson,5,18,2,200,8,Running,Chevrolet,14.2,4.0,0,0,2,11,16,10.9
2022,2022-10-02,October Talladega,Talladega Superspeedway,Landon Cassill,77,11,33,200,1,Running,Chevrolet,19.4,19.0,0,0,0,1,1,21.9
2022,2022-10-02,October Talladega,Talladega Superspeedway,Martin Truex Jr,19,26,22,200,1,Running,Toyota,22.2,5.0,0,0,0,4,13,28.8
2022,2022-10-02,October Talladega,Talladega Superspeedway,Michael McDowell,34,3,29,200,0,Running,Ford,15.2,8.0,0,0,0,1,11,19.8
2022,2022-10-02,October Talladega,Talladega Superspeedway,Noah Gragson,48,19,7,200,0,Running,Chevrolet,19.6,20.0,0,0,0,1,1,17.7
2022,2022-10-02,October Talladega,Talladega Superspeedway,Ricky Stenhouse Jr,47,22,25,200,0,Running,Chevrolet,29.4,30.0,0,0,0,1,5,15.9
2022,2022-10-02,October Talladega,Talladega Superspeedway,Ross Chastain,1,4,6,200,36,Running,Chevrolet,15.8,1.0,1,0,2,10,16,6.5
2022,2022-10-02,October Talladega,Talladega Superspeedway,Ryan Blaney,12,2,19,200,31,Running,Ford,14.2,11.0,0,0,0,9,14,11.2
2022,2022-10-02,October Talladega,Talladega Superspeedway,Todd Gilliland,38,7,34,200,1,Running,Ford,24.0,27.0,0,0,0,1,1,11.4
2022,2022-10-02,October Talladega,Talladega Superspeedway,Ty Dillon,42,23,30,200,0,Running,Chevrolet,20.4,33.0,0,0,0,0,1,21.8
2022,2022-10-02,October Talladega,Talladega Superspeedway,Ty Gibbs,23,37,10,200,0,Running,Toyota,23.4,15.0,0,0,0,0,1,35.5
2022,2022-10-02,October Talladega,Talladega Superspeedway,Tyler Reddick,8,28,8,200,11,Running,Toyota,13.2,39.0,0,0,3,10,13,16.7
2022,2022-10-02,October Talladega,Talladega Superspeedway,William Byron,24,12,9,200,1,Running,Chevrolet,11.6,15.0,0,0,2,5,9,12.9
2023,2023-04-23,April Talladega,Talladega Superspeedway,AJ Allmendinger,16,29,19,200,0,Running,Chevrolet,24.0,15.0,0,0,0,0,1,22.61
2023,2023-04-23,April Talladega,Talladega Superspeedway,Alex Bowman,48,14,27,200,8,Running,Chevrolet,13.0,9.0,0,0,0,3,6,20.4
2023,2023-04-23,April Talladega,Talladega Superspeedway,Aric Almirola,10,20,2,200,11,Running,Ford,22.0,13.5,0,0,0,0,1,8.93
2023,2023-04-23,April Talladega,Talladega Superspeedway,Austin Cindric,2,26,15,200,0,Running,Ford,19.4,15.0,0,0,0,0,2,16.27
2023,2023-04-23,April Talladega,Talladega Superspeedway,Austin Dillon,3,38,14,200,0,Running,Chevrolet,18.6,7.5,0,0,0,1,2,23.63
2023,2023-04-23,April Talladega,Talladega Superspeedway,Austin Hill,62,23,31,200,0,Running,Chevrolet,18.0,15.0,0,0,0,0,0,32.46
2023,2023-04-23,April Talladega,Talladega Superspeedway,BJ McLeod,78,19,37,200,1,Running,Chevrolet,30.8,29.5,0,0,0,0,0,32.97
2023,2023-04-23,April Talladega,Talladega Superspeedway,Brad Keselowski,6,5,20,200,2,Running,Ford,17.6,23.5,0,0,0,1,3,24.48
2023,2023-04-23,April Talladega,Talladega Superspeedway,Bubba Wallace,23,28,12,200,35,Running,Toyota,21.4,16.5,0,0,0,1,2,9.43
2023,2023-04-23,April Talladega,Talladega Superspeedway,Chase Briscoe,14,4,4,200,1,Running,Ford,12.2,23.5,0,0,0,2,3,26.54
2023,2023-04-23,April Talladega,Talladega Superspeedway,Chase Elliott,9,12,29,200,18,Running,Chevrolet,17.6,4.0,1,0,0,1,2,13.78
2023,2023-04-23,April Talladega,Talladega Superspeedway,Chris Buescher,17,3,10,200,0,Running,Ford,21.0,31.5,0,0,0,1,2,22.91
2023,2023-04-23,April Talladega,Talladega Superspeedway,Christopher Bell,20,8,6,200,0,Running,Toyota,11.0,19.5,0,2,1,5,6,17.18
2023,2023-04-23,April Talladega,Talladega Superspeedway,Corey LaJoie,7,24,34,200,0,Running,Chevrolet,18.4,24.5,0,0,0,1,1,21.1
2023,2023-04-23,April Talladega,Talladega Superspeedway,Daniel Suarez,99,9,22,200,5,Running,Chevrolet,24.2,19.5,0,0,0,1,3,19.11
2023,2023-04-23,April Talladega,Talladega Superspeedway,Denny Hamlin,11,15,1,200,7,Running,Toyota,13.6,11.5,0,0,0,1,3,10.89
2023,2023-04-23,April Talladega,Talladega Superspeedway,Erik Jones,43,6,24,200,3,Running,Chevrolet,21.4,6.0,0,0,0,0,1,20.47
2023,2023-04-23,April Talladega,Talladega Superspeedway,Harrison Burton,21,36,25,200,11,Running,Ford,23.8,35.0,0,0,0,0,0,17.06
2023,2023-04-23,April Talladega,Talladega Superspeedway,JJ Yeley,51,11,38,200,0,Running,Chevrolet,30.2,28.0,0,0,0,0,0,25.38
2023,2023-04-23,April Talladega,Talladega Superspeedway,Joey Logano,22,30,8,200,3,Running,Ford,15.0,29.5,0,0,1,3,5,16.9
2023,2023-04-23,April Talladega,Talladega Superspeedway,Justin Haley,31,18,26,200,0,Running,Chevrolet,20.8,13.5,0,0,0,0,2,19.18
2023,2023-04-23,April Talladega,Talladega Superspeedway,Kevin Harvick,4,21,11,200,11,Running,Ford,16.0,19.5,0,0,0,3,5,11.62
2023,2023-04-23,April Talladega,Talladega Superspeedway,Kyle Busch,8,1,17,200,3,Running,Chevrolet,15.8,11.5,0,0,1,2,4,16.43
2023,2023-04-23,April Talladega,Talladega Superspeedway,Kyle Larson,5,33,9,200,0,Running,Chevrolet,16.4,11.0,0,0,2,4,4,15.02
2023,2023-04-23,April Talladega,Talladega Superspeedway,Martin Truex Jr,19,27,7,200,19,Running,Toyota,11.4,15.5,0,0,0,1,3,9.7
2023,2023-04-23,April Talladega,Talladega Superspeedway,Michael McDowell,34,35,21,200,0,Running,Ford,13.8,5.5,0,0,0,0,1,37.33
2023,2023-04-23,April Talladega,Talladega Superspeedway,Noah Gragson,42,32,30,200,1,Running,Chevrolet,26.4,19.5,0,0,0,0,0,13.77
2023,2023-04-23,April Talladega,Talladega Superspeedway,Ricky Stenhouse Jr,47,16,33,200,0,Running,Chevrolet,14.2,26.0,0,0,1,2,4,22.04
2023,2023-04-23,April Talladega,Talladega Superspeedway,Riley Herbst,15,25,36,200,0,Running,Toyota,10.0,15.0,0,0,0,0,1,25.41
2023,2023-04-23,April Talladega,Talladega Superspeedway,Ross Chastain,1,22,23,200,3,Running,Chevrolet,12.2,2.5,1,0,0,3,4,11.96
2023,2023-04-23,April Talladega,Talladega Superspeedway,Ryan Blaney,12,2,5,200,47,Running,Ford,16.8,6.5,0,0,0,1,4,9.96
2023,2023-04-23,April Talladega,Talladega Superspeedway,Ryan Preece,41,34,16,200,2,Running,Ford,23.4,15.0,0,0,0,0,0,16.4
2023,2023-04-23,April Talladega,Talladega Superspeedway,Todd Gilliland,36,10,28,200,0,Running,Ford,14.6,17.0,0,0,0,0,2,23.46
2023,2023-04-23,April Talladega,Talladega Superspeedway,Ty Dillon,77,17,32,200,0,Running,Chevrolet,29.4,28.0,0,0,0,0,0,19.91
2023,2023-04-23,April Talladega,Talladega Superspeedway,Ty Gibbs,54,31,3,200,4,Running,Toyota,11.0,37.0,0,0,0,0,4,15.16
2023,2023-04-23,April Talladega,Talladega Superspeedway,Tyler Reddick,45,13,13,200,0,Running,Toyota,9.2,33.5,0,0,1,4,4,21.88
2023,2023-04-23,April Talladega,Talladega Superspeedway,William Byron,24,7,18,200,1,Running,Chevrolet,19.4,13.5,0,0,2,3,3,19.4
2023,2023-04-23,April Talladega,Talladega Superspeedway,Zane Smith,38,37,35,200,0,Running,Chevrolet,23.75,15.0,0,0,0,0,0,29.81
2023,2023-10-01,October Talladega,Talladega Superspeedway,AJ Allmendinger,16,20,31,200,0,Running,Chevrolet,26.2,29.0,0,0,0,2,5,27.21
2023,2023-10-01,October Talladega,Talladega Superspeedway,Alex Bowman,48,28,20,200,13,Running,Chevrolet,14.8,11.5,0,0,0,4,9,13.56
2023,2023-10-01,October Talladega,Talladega Superspeedway,Aric Almirola,10,17,1,200,7,Running,Ford,14.0,15.67,0,0,0,1,3,11.17
2023,2023-10-01,October Talladega,Talladega Superspeedway,Austin Cindric,2,5,7,200,15,Running,Ford,31.6,18.67,0,0,0,0,3,16.66
2023,2023-10-01,October Talladega,Talladega Superspeedway,Austin Dillon,3,33,14,200,1,Running,Chevrolet,27.8,17.67,0,0,0,1,6,19.13
2023,2023-10-01,October Talladega,Talladega Superspeedway,BJ McLeod,78,29,37,200,0,Running,Chevrolet,29.6,26.0,0,0,0,0,0,34.31
2023,2023-10-01,October Talladega,Talladega Superspeedway,Brad Keselowski,6,32,5,200,5,Running,Ford,6.4,17.33,0,0,0,6,15,16.82
2023,2023-10-01,October Talladega,Talladega Superspeedway,Brennan Poole,15,30,29,200,0,Running,Chevrolet,33.8,15.0,0,0,0,0,0,35.62
2023,2023-10-01,October Talladega,Talladega Superspeedway,Bubba Wallace,23,23,9,200,3,Running,Toyota,13.6,20.33,0,0,0,5,8,16.83
2023,2023-10-01,October Talladega,Talladega Superspeedway,Carson Hocevar,42,35,38,200,0,Running,Chevrolet,20.0,15.0,0,0,0,0,0,30.54
2023,2023-10-01,October Talladega,Talladega Superspeedway,Chandler Smith,13,11,34,200,0,Running,Toyota,16.0,15.0,0,0,0,0,0,22.64
2023,2023-10-01,October Talladega,Talladega Superspeedway,Chase Briscoe,14,13,3,200,0,Running,Ford,20.2,17.0,0,0,0,3,7,20.38
2023,2023-10-01,October Talladega,Talladega Superspeedway,Chase Elliott,9,7,23,200,8,Running,Chevrolet,7.2,6.67,1,0,0,7,13,11.61
2023,2023-10-01,October Talladega,Talladega Superspeedway,Chris Buescher,17,19,24,200,3,Running,Ford,9.8,22.0,0,0,3,8,14,21.8
2023,2023-10-01,October Talladega,Talladega Superspeedway,Christopher Bell,20,14,15,200,2,Running,Toyota,10.8,15.67,0,2,1,8,16,21.99
2023,2023-10-01,October Talladega,Talladega Superspeedway,Corey LaJoie,7,4,36,200,0,Running,Chevrolet,21.0,24.33,0,0,0,1,2,18.95
2023,2023-10-01,October Talladega,Talladega Superspeedway,Daniel Suarez,99,10,28,200,0,Running,Chevrolet,19.8,16.0,0,0,0,3,9,18.93
2023,2023-10-01,October Talladega,Talladega Superspeedway,Denny Hamlin,11,3,12,200,3,Running,Toyota,11.8,12.67,0,1,3,12,15,24.84
2023,2023-10-01,October Talladega,Talladega Superspeedway,Erik Jones,43,26,26,200,4,Running,Chevrolet,17.0,6.0,0,0,0,1,7,18.73
2023,2023-10-01,October Talladega,Talladega Superspeedway,Harrison Burton,21,31,21,200,0,Running,Ford,29.2,35.33,0,0,0,0,2,24.32
2023,2023-10-01,October Talladega,Talladega Superspeedway,JJ Yeley,51,36,27,200,0,Running,Chevrolet,28.2,22.33,0,0,0,0,1,34.61
2023,2023-10-01,October Talladega,Talladega Superspeedway,Joey Logano,22,24,2,200,48,Running,Ford,15.4,29.67,0,0,1,9,14,10.17
2023,2023-10-01,October Talladega,Talladega Superspeedway,Justin Haley,31,6,30,200,1,Running,Chevrolet,22.8,15.0,0,0,0,1,5,19.47
2023,2023-10-01,October Talladega,Talladega Superspeedway,Kevin Harvick,4,38,11,200,11,Running,Ford,14.8,20.0,0,0,0,6,13,11.72
2023,2023-10-01,October Talladega,Talladega Superspeedway,Kyle Busch,8,25,25,200,2,Running,Chevrolet,15.8,8.0,1,0,3,8,15,14.81
2023,2023-10-01,October Talladega,Talladega Superspeedway,Kyle Larson,5,15,4,200,1,Running,Chevrolet,13.0,18.33,0,0,3,13,15,8.34
2023,2023-10-01,October Talladega,Talladega Superspeedway,Martin Truex Jr,19,18,16,200,0,Running,Toyota,22.8,19.33,0,0,3,9,15,18.73
2023,2023-10-01,October Talladega,Talladega Superspeedway,Michael McDowell,34,21,18,200,5,Running,Ford,18.4,15.33,0,0,1,2,7,20.47
2023,2023-10-01,October Talladega,Talladega Superspeedway,Ricky Stenhouse Jr,47,22,35,200,14,Running,Chevrolet,18.4,22.67,0,0,1,2,9,13.98
2023,2023-10-01,October Talladega,Talladega Superspeedway,Riley Herbst,36,9,6,200,10,Running,Toyota,24.33,25.0,0,0,0,0,1,18.86
2023,2023-10-01,October Talladega,Talladega Superspeedway,Ross Chastain,1,37,32,200,0,Running,Chevrolet,12.0,9.0,1,0,1,8,11,33.2
2023,2023-10-01,October Talladega,Talladega Superspeedway,Ryan Blaney,12,1,10,200,8,Running,Ford,21.4,5.0,0,0,1,4,13,8.69
2023,2023-10-01,October Talladega,Talladega Superspeedway,Ryan Preece,41,8,19,200,8,Running,Ford,22.4,34.0,0,0,0,1,1,15.94
2023,2023-10-01,October Talladega,Talladega Superspeedway,Todd Gilliland,38,12,17,200,0,Running,Ford,26.8,14.67,0,0,0,0,3,19.45
2023,2023-10-01,October Talladega,Talladega Superspeedway,Ty Dillon,77,27,33,200,2,Running,Chevrolet,24.0,24.33,0,0,0,0,0,19.33
2023,2023-10-01,October Talladega,Talladega Superspeedway,Ty Gibbs,54,34,22,200,0,Running,Toyota,21.6,34.0,0,0,0,3,8,22.45
2023,2023-10-01,October Talladega,Talladega Superspeedway,Tyler Reddick,45,16,13,200,2,Running,Toyota,13.6,26.67,0,0,2,9,13,16.28
2023,2023-10-01,October Talladega,Talladega Superspeedway,William Byron,24,2,8,200,12,Running,Chevrolet,7.4,11.33,0,0,6,11,16,8.45
2024,2024-04-21,April Talladega,Talladega Superspeedway,Alex Bowman,48,5,12,200,0,Running,Chevrolet,14.0,17.0,0,0,0,3,4,16.5
2024,2024-04-21,April Talladega,Talladega Superspeedway,Anthony Alfredo,62,6,24,200,4,Running,Chevrolet,31.67,15.0,0,0,0,0,0,20.2
2024,2024-04-21,April Talladega,Talladega Superspeedway,Austin Cindric,2,23,2,200,16,Running,Ford,24.0,15.25,0,0,0,1,1,10.9
2024,2024-04-21,April Talladega,Talladega Superspeedway,Austin Dillon,3,30,5,200,0,Running,Chevrolet,23.0,21.5,0,0,0,0,1,17.9
2024,2024-04-21,April Talladega,Talladega Superspeedway,BJ McLeod,78,32,37,200,5,Running,Chevrolet,30.6,26.75,0,0,0,0,0,30.2
2024,2024-04-21,April Talladega,Talladega Superspeedway,Brad Keselowski,6,2,22,200,2,Running,Ford,14.0,21.0,0,0,0,3,4,17.8
2024,2024-04-21,April Talladega,Talladega Superspeedway,Bubba Wallace,23,36,14,200,0,Running,Toyota,13.6,21.0,0,0,0,3,4,17.3
2024,2024-04-21,April Talladega,Talladega Superspeedway,Carson Hocevar,77,17,35,200,1,Running,Chevrolet,20.6,35.0,0,0,0,0,1,28.6
2024,2024-04-21,April Talladega,Talladega Superspeedway,Chase Briscoe,14,12,26,200,3,Running,Ford,12.0,16.0,0,0,0,0,4,25.3
2024,2024-04-21,April Talladega,Talladega Superspeedway,Chase Elliott,9,15,9,200,5,Running,Chevrolet,6.6,6.75,1,0,1,3,4,15.8
2024,2024-04-21,April Talladega,Talladega Superspeedway,Chris Buescher,17,25,8,200,6,Running,Ford,10.8,21.25,0,0,0,1,5,17.4
2024,2024-04-21,April Talladega,Talladega Superspeedway,Christopher Bell,20,38,10,200,0,Running,Toyota,14.0,15.25,0,2,1,3,5,22.7
2024,2024-04-21,April Talladega,Talladega Superspeedway,Cody Ware,15,24,34,200,0,Running,Ford,30.6,30.0,0,0,0,0,0,26.7
2024,2024-04-21,April Talladega,Talladega Superspeedway,Corey LaJoie,7,18,31,200,0,Running,Chevrolet,27.0,19.25,0,0,0,1,1,18.2
2024,2024-04-21,April Talladega,Talladega Superspeedway,Daniel Hemric,31,9,19,200,8,Running,Chevrolet,28.6,35.0,0,0,0,0,0,15.9
2024,2024-04-21,April Talladega,Talladega Superspeedway,Daniel Suarez,99,26,25,200,0,Running,Chevrolet,19.6,14.5,0,0,1,2,2,20.4
2024,2024-04-21,April Talladega,Talladega Superspeedway,Denny Hamlin,11,37,23,200,4,Running,Toyota,11.4,10.25,0,1,2,2,3,25.0
2024,2024-04-21,April Talladega,Talladega Superspeedway,Erik Jones,43,35,28,200,0,Running,Toyota,19.4,11.0,0,0,0,0,1,24.5
2024,2024-04-21,April Talladega,Talladega Superspeedway,Harrison Burton,21,10,16,200,0,Running,Ford,31.4,34.25,0,0,0,0,0,19.0
2024,2024-04-21,April Talladega,Talladega Superspeedway,Joey Logano,22,19,7,200,22,Running,Ford,10.4,28.25,0,0,0,1,3,16.3
2024,2024-04-21,April Talladega,Talladega Superspeedway,John Hunter Nemechek,42,33,20,200,20,Running,Toyota,24.4,15.0,0,0,0,0,2,25.1
2024,2024-04-21,April Talladega,Talladega Superspeedway,Josh Berry,4,16,29,200,3,Running,Ford,23.8,15.0,0,0,0,0,0,18.5
2024,2024-04-21,April Talladega,Talladega Superspeedway,Justin Haley,51,34,27,200,4,Running,Chevrolet,28.4,12.75,0,0,0,0,0,26.2
2024,2024-04-21,April Talladega,Talladega Superspeedway,Kyle Busch,8,27,4,200,4,Running,Chevrolet,15.8,12.25,1,0,0,1,3,12.1
2024,2024-04-21,April Talladega,Talladega Superspeedway,Kyle Larson,5,21,38,200,0,Running,Chevrolet,9.6,17.5,0,0,1,4,4,21.0
2024,2024-04-21,April Talladega,Talladega Superspeedway,Martin Truex Jr,19,11,6,200,16,Running,Toyota,9.6,19.0,0,0,0,2,5,16.9
2024,2024-04-21,April Talladega,Talladega Superspeedway,Michael McDowell,34,31,1,200,36,Running,Ford,26.2,16.75,0,0,0,0,2,13.3
2024,2024-04-21,April Talladega,Talladega Superspeedway,Noah Gragson,10,3,36,200,5,Running,Ford,23.6,23.67,0,0,0,0,2,10.7
2024,2024-04-21,April Talladega,Talladega Superspeedway,Ricky Stenhouse Jr,47,4,33,200,0,Running,Chevrolet,29.2,22.5,0,0,0,0,1,21.9
2024,2024-04-21,April Talladega,Talladega Superspeedway,Ross Chastain,1,13,32,200,6,Running,Chevrolet,16.6,16.0,1,0,0,1,4,13.9
2024,2024-04-21,April Talladega,Talladega Superspeedway,Ryan Blaney,12,20,21,200,1,Running,Ford,17.0,4.0,1,0,0,4,4,22.5
2024,2024-04-21,April Talladega,Talladega Superspeedway,Ryan Preece,41,14,11,200,0,Running,Ford,17.2,21.0,0,0,0,0,1,20.0
2024,2024-04-21,April Talladega,Talladega Superspeedway,Shane van Gisbergen,16,28,17,200,3,Running,Chevrolet,10.33,15.0,0,0,0,0,0,19.9
2024,2024-04-21,April Talladega,Talladega Superspeedway,Todd Gilliland,38,8,3,200,0,Running,Ford,23.4,14.0,0,0,0,0,0,13.3
2024,2024-04-21,April Talladega,Talladega Superspeedway,Ty Gibbs,54,22,15,200,1,Running,Toyota,12.0,34.0,0,0,0,3,5,15.8
2024,2024-04-21,April Talladega,Talladega Superspeedway,Tyler Reddick,45,1,18,200,13,Running,Toyota,11.2,24.0,0,0,0,3,6,17.0
2024,2024-04-21,April Talladega,Talladega Superspeedway,William Byron,24,7,13,200,0,Running,Chevrolet,9.4,9.0,0,0,3,4,6,16.7
2024,2024-04-21,April Talladega,Talladega Superspeedway,Zane Smith,71,29,30,200,0,Running,Chevrolet,29.4,37.0,0,0,0,0,0,29.6
2024,2024-10-06,October Talladega,Talladega Superspeedway,AJ Allmendinger,13,28,25,200,9,Running,Chevrolet,29.4,24.5,0,0,0,0,3,25.0
2024,2024-10-06,October Talladega,Talladega Superspeedway,Alex Bowman,48,16,23,200,1,Running,Chevrolet,11.4,14.0,0,0,1,7,15,15.0
2024,2024-10-06,October Talladega,Talladega Superspeedway,Anthony Alfredo,62,24,33,200,0,Running,Chevrolet,25.25,6.0,0,0,0,0,1,36.0
2024,2024-10-06,October Talladega,Talladega Superspeedway,Austin Cindric,2,32,2,200,29,Running,Ford,16.0,16.8,0,0,1,2,5,6.0
2024,2024-10-06,October Talladega,Talladega Superspeedway,Austin Dillon,3,8,7,200,1,Running,Chevrolet,19.2,23.2,0,0,1,1,3,19.0
2024,2024-10-06,October Talladega,Talladega Superspeedway,BJ McLeod,78,22,38,200,1,Running,Chevrolet,30.4,27.8,0,0,0,0,0,28.0
2024,2024-10-06,October Talladega,Talladega Superspeedway,Brad Keselowski,6,2,13,200,2,Running,Ford,21.4,17.2,0,0,1,8,12,19.0
2024,2024-10-06,October Talladega,Talladega Superspeedway,Bubba Wallace,23,9,26,200,3,Running,Toyota,16.4,24.0,0,0,0,6,11,19.0
2024,2024-10-06,October Talladega,Talladega Superspeedway,Carson Hocevar,77,14,37,200,0,Running,Chevrolet,20.4,26.0,0,0,0,1,5,28.0
2024,2024-10-06,October Talladega,Talladega Superspeedway,Chase Briscoe,14,30,36,200,0,Running,Ford,15.4,15.2,0,0,1,3,9,17.0
2024,2024-10-06,October Talladega,Talladega Superspeedway,Chase Elliott,9,29,11,200,1,Running,Chevrolet,9.8,8.4,1,0,1,8,15,14.0
2024,2024-10-06,October Talladega,Talladega Superspeedway,Chris Buescher,17,17,20,200,12,Running,Ford,13.6,22.0,0,0,1,6,13,12.0
2024,2024-10-06,October Talladega,Talladega Superspeedway,Christopher Bell,20,6,21,200,0,Running,Toyota,6.6,19.8,0,2,3,11,18,20.0
2024,2024-10-06,October Talladega,Talladega Superspeedway,Cody Ware,15,12,34,200,1,Running,Ford,19.8,28.0,0,0,0,1,1,26.0
2024,2024-10-06,October Talladega,Talladega Superspeedway,Corey LaJoie,51,18,28,200,5,Running,Chevrolet,16.6,19.0,0,0,0,1,3,20.0
2024,2024-10-06,October Talladega,Talladega Superspeedway,Daniel Hemric,31,38,10,200,1,Running,Chevrolet,22.0,26.33,0,0,0,0,4,21.0
2024,2024-10-06,October Talladega,Talladega Superspeedway,Daniel Suarez,99,26,31,200,0,Running,Chevrolet,15.4,16.8,0,0,1,3,7,38.0
2024,2024-10-06,October Talladega,Talladega Superspeedway,Denny Hamlin,11,10,8,200,0,Running,Toyota,13.2,15.6,0,1,3,10,14,20.0
2024,2024-10-06,October Talladega,Talladega Superspeedway,Erik Jones,43,5,30,200,0,Running,Toyota,29.6,15.8,0,0,0,0,1,23.0
2024,2024-10-06,October Talladega,Talladega Superspeedway,Harrison Burton,21,34,9,200,0,Running,Ford,26.8,29.4,0,0,1,1,2,18.0
2024,2024-10-06,October Talladega,Talladega Superspeedway,JJ Yeley,44,27,40,200,0,Running,Chevrolet,33.8,25.75,0,0,0,0,0,36.0
2024,2024-10-06,October Talladega,Talladega Superspeedway,Joey Logano,22,33,6,200,19,Running,Ford,13.2,26.4,0,0,2,5,9,12.0
2024,2024-10-06,October Talladega,Talladega Superspeedway,John Hunter Nemechek,42,31,29,200,0,Running,Toyota,28.4,33.0,0,0,0,0,3,28.0
2024,2024-10-06,October Talladega,Talladega Superspeedway,Josh Berry,4,36,19,200,0,Running,Ford,30.2,16.0,0,0,0,2,4,26.0
2024,2024-10-06,October Talladega,Talladega Superspeedway,Justin Haley,7,7,35,200,4,Running,Chevrolet,24.6,17.0,0,0,0,0,2,21.0
2024,2024-10-06,October Talladega,Talladega Superspeedway,Kyle Busch,8,19,4,200,7,Running,Chevrolet,16.6,15.2,1,0,0,5,10,12.0
2024,2024-10-06,October Talladega,Talladega Superspeedway,Kyle Larson,5,4,12,200,1,Running,Chevrolet,16.0,18.2,0,0,5,11,14,14.0
2024,2024-10-06,October Talladega,Talladega Superspeedway,Martin Truex Jr,19,11,24,200,0,Running,Toyota,23.6,17.4,0,0,0,5,10,26.0
2024,2024-10-06,October Talladega,Talladega Superspeedway,Michael McDowell,34,37,1,200,42,Running,Ford,19.4,19.6,0,1,0,2,7,19.0
2024,2024-10-06,October Talladega,Talladega Superspeedway,Noah Gragson,10,25,22,200,0,Running,Ford,21.4,18.5,0,0,0,1,7,20.0
2024,2024-10-06,October Talladega,Talladega Superspeedway,Ricky Stenhouse Jr,47,1,32,200,19,Running,Chevrolet,25.6,18.8,0,0,0,2,5,11.0
2024,2024-10-06,October Talladega,Talladega Superspeedway,Ross Chastain,1,40,27,200,17,Running,Chevrolet,6.6,15.4,1,0,1,6,12,24.0
2024,2024-10-06,October Talladega,Talladega Superspeedway,Ryan Blaney,12,39,5,200,6,Running,Ford,17.6,7.2,1,0,2,9,14,19.0
2024,2024-10-06,October Talladega,Talladega Superspeedway,Ryan Preece,41,35,18,200,0,Running,Ford,12.4,18.67,0,0,0,1,4,20.0
2024,2024-10-06,October Talladega,Talladega Superspeedway,Shane van Gisbergen,16,15,17,200,9,Running,Chevrolet,27.0,28.0,0,0,0,1,1,19.0
2024,2024-10-06,October Talladega,Talladega Superspeedway,Todd Gilliland,38,23,3,200,2,Running,Ford,23.8,12.8,0,0,0,0,4,18.0
2024,2024-10-06,October Talladega,Talladega Superspeedway,Ty Gibbs,54,13,15,200,0,Running,Toyota,15.8,31.0,0,0,0,8,12,17.0
2024,2024-10-06,October Talladega,Talladega Superspeedway,Tyler Reddick,45,20,14,200,2,Running,Toyota,17.6,19.4,1,0,2,11,19,18.0
2024,2024-10-06,October Talladega,Talladega Superspeedway,William Byron,24,3,16,200,1,Running,Chevrolet,18.4,8.6,0,0,3,9,15,14.0
2024,2024-10-06,October Talladega,Talladega Superspeedway,Zane Smith,71,21,39,200,0,Running,Chevrolet,15.0,33.0,0,0,0,2,4,24.0
2025,2025-04-27,April Talladega,Talladega Superspeedway,AJ Allmendinger,16,24,19,200,0,Running,Chevrolet,13.0,25.67,0,0,0,0,3,27.6
2025,2025-04-27,April Talladega,Talladega Superspeedway,Alex Bowman,48,7,18,200,0,Running,Chevrolet,21.6,14.4,0,0,0,1,5,17.1
2025,2025-04-27,April Talladega,Talladega Superspeedway,Anthony Alfredo,62,28,31,200,19,Running,Chevrolet,25.0,15.0,0,0,0,0,0,20.9
2025,2025-04-27,April Talladega,Talladega Superspeedway,Austin Cindric,2,1,7,200,7,Running,Ford,18.0,19.33,0,0,0,0,2,12.6
2025,2025-04-27,April Talladega,Talladega Superspeedway,Austin Dillon,3,10,5,200,0,Running,Chevrolet,19.2,20.67,0,0,0,0,1,20.3
2025,2025-04-27,April Talladega,Talladega Superspeedway,BJ McLeod,78,33,38,200,0,Running,Chevrolet,22.0,15.0,0,0,0,0,0,33.7
2025,2025-04-27,April Talladega,Talladega Superspeedway,Brad Keselowski,6,36,22,200,0,Running,Ford,22.4,14.67,0,0,0,0,0,32.3
2025,2025-04-27,April Talladega,Talladega Superspeedway,Bubba Wallace,23,8,20,200,5,Running,Toyota,14.8,21.5,0,0,0,2,3,11.1
2025,2025-04-27,April Talladega,Talladega Superspeedway,Carson Hocevar,77,6,28,200,3,Running,Chevrolet,25.8,22.0,0,0,0,1,1,20.9
2025,2025-04-27,April Talladega,Talladega Superspeedway,Chase Briscoe,19,15,17,200,20,Running,Toyota,12.4,17.67,0,0,0,3,4,17
2025,2025-04-27,April Talladega,Talladega Superspeedway,Chase Elliott,9,5,30,200,1,Running,Chevrolet,11.0,11.83,1,0,0,2,5,15.6
2025,2025-04-27,April Talladega,Talladega Superspeedway,Chris Buescher,17,34,6,200,2,Running,Ford,14.8,21.17,0,0,0,1,5,28.9
2025,2025-04-27,April Talladega,Talladega Superspeedway,Christopher Bell,20,35,11,200,0,Running,Toyota,10.8,17.5,0,2,3,5,6,30.2
2025,2025-04-27,April Talladega,Talladega Superspeedway,Cody Ware,51,31,33,200,0,Running,Ford,32.6,24.0,0,0,0,0,0,20.6
2025,2025-04-27,April Talladega,Talladega Superspeedway,Cole Custer,41,13,12,200,2,Running,Ford,27.6,25.0,0,0,0,0,0,14.6
2025,2025-04-27,April Talladega,Talladega Superspeedway,Daniel Suarez,99,9,24,200,2,Running,Chevrolet,18.6,18.33,0,0,0,1,1,19.8
2025,2025-04-27,April Talladega,Talladega Superspeedway,Denny Hamlin,11,21,13,200,7,Running,Toyota,6.8,14.67,0,1,2,5,6,16.7
2025,2025-04-27,April Talladega,Talladega Superspeedway,Erik Jones,43,18,34,200,0,Running,Toyota,24.6,14.0,0,0,0,0,0,21.7
2025,2025-04-27,April Talladega,Talladega Superspeedway,JJ Yeley,44,32,39,200,2,Running,Chevrolet,36.6,26.0,0,0,0,0,0,30
2025,2025-04-27,April Talladega,Talladega Superspeedway,Joey Logano,22,39,3,200,24,Running,Ford,14.8,27.5,0,0,0,0,1,7
2025,2025-04-27,April Talladega,Talladega Superspeedway,John Hunter Nemechek,42,30,29,200,1,Running,Toyota,23.8,32.0,0,0,0,1,2,25.9
2025,2025-04-27,April Talladega,Talladega Superspeedway,Josh Berry,21,26,8,200,12,Running,Ford,19.6,26.0,0,0,1,2,2,13.6
2025,2025-04-27,April Talladega,Talladega Superspeedway,Justin Haley,7,25,37,200,0,Running,Chevrolet,17.8,15.33,0,0,0,0,1,24
2025,2025-04-27,April Talladega,Talladega Superspeedway,Kyle Busch,8,27,2,200,3,Running,Chevrolet,19.0,15.83,1,0,0,1,4,20.6
2025,2025-04-27,April Talladega,Talladega Superspeedway,Kyle Larson,5,2,25,200,3,Running,Chevrolet,10.6,15.83,0,0,2,5,6,14.8
2025,2025-04-27,April Talladega,Talladega Superspeedway,Michael McDowell,71,11,14,200,10,Running,Chevrolet,21.4,22.5,0,2,0,0,0,20.6
2025,2025-04-27,April Talladega,Talladega Superspeedway,Noah Gragson,4,4,27,200,0,Running,Ford,23.6,19.8,0,0,0,0,1,15.8
2025,2025-04-27,April Talladega,Talladega Superspeedway,Ricky Stenhouse Jr,47,12,35,200,0,Running,Chevrolet,21.8,15.83,1,0,0,1,1,17.2
2025,2025-04-27,April Talladega,Talladega Superspeedway,Riley Herbst,35,22,23,200,0,Running,Toyota,29.0,17.0,0,0,0,0,0,16.3
2025,2025-04-27,April Talladega,Talladega Superspeedway,Ross Chastain,1,20,32,200,11,Running,Chevrolet,11.2,19.5,1,0,0,1,5,18.9
2025,2025-04-27,April Talladega,Talladega Superspeedway,Ryan Blaney,12,37,9,200,0,Running,Ford,18.4,12.5,1,0,0,3,4,35.5
2025,2025-04-27,April Talladega,Talladega Superspeedway,Ryan Preece,60,38,4,200,6,Running,Ford,13.0,22.75,0,0,0,1,3,11.6
2025,2025-04-27,April Talladega,Talladega Superspeedway,Shane van Gisbergen,88,29,36,200,0,Running,Chevrolet,31.6,21.5,0,0,0,0,1,27.3
2025,2025-04-27,April Talladega,Talladega Superspeedway,Todd Gilliland,34,16,15,200,0,Running,Ford,23.6,14.5,0,0,0,0,2,15.7
2025,2025-04-27,April Talladega,Talladega Superspeedway,Ty Dillon,10,23,21,200,1,Running,Chevrolet,22.2,25.0,0,0,0,0,0,19.9
2025,2025-04-27,April Talladega,Talladega Superspeedway,Ty Gibbs,54,17,10,200,32,Running,Toyota,14.4,27.4,0,0,0,1,2,18.4
2025,2025-04-27,April Talladega,Talladega Superspeedway,Tyler Reddick,45,14,26,200,0,Running,Toyota,13.6,19.5,1,0,0,3,4,17.1
2025,2025-04-27,April Talladega,Talladega Superspeedway,William Byron,24,3,16,200,10,Running,Chevrolet,9.2,7.67,0,0,1,4,6,15.5
2025,2025-04-27,April Talladega,Talladega Superspeedway,Zane Smith,38,19,1,200,5,Running,Chevrolet,17.8,29.0,0,0,0,0,1,12.5
2025,2025-10-19,October Talladega,Talladega Superspeedway,AJ Allmendinger,16,37,34,200,1,Running,Chevrolet,24.0,25.25,0,0,0,2,7,34.8
2025,2025-10-19,October Talladega,Talladega Superspeedway,Alex Bowman,48,29,11,200,0,Running,Chevrolet,15.2,13.17,0,0,0,6,16,21.1
2025,2025-10-19,October Talladega,Talladega Superspeedway,Anthony Alfredo,62,21,38,200,2,Running,Chevrolet,24.0,19.33,0,0,0,0,0,17.2
2025,2025-10-19,October Talladega,Talladega Superspeedway,Austin Cindric,2,34,4,200,2,Running,Ford,25.0,16.71,1,0,1,2,5,33.2
2025,2025-10-19,October Talladega,Talladega Superspeedway,Austin Dillon,3,27,21,200,0,Running,Chevrolet,25.0,19.14,0,0,1,1,5,30.8
2025,2025-10-19,October Talladega,Talladega Superspeedway,Austin Hill,33,22,33,200,0,Running,Chevrolet,24.0,23.0,0,0,0,0,1,19.5
2025,2025-10-19,October Talladega,Talladega Superspeedway,BJ McLeod,78,28,39,200,0,Running,Chevrolet,25.75,33.0,0,0,0,0,0,32.3
2025,2025-10-19,October Talladega,Talladega Superspeedway,Brad Keselowski,6,10,20,200,7,Running,Ford,15.8,17.71,0,0,0,5,11,11.5
2025,2025-10-19,October Talladega,Talladega Superspeedway,Bubba Wallace,23,4,10,200,5,Running,Toyota,20.4,19.57,0,0,1,5,13,13.7
2025,2025-10-19,October Talladega,Talladega Superspeedway,Carson Hocevar,77,6,32,200,0,Running,Chevrolet,21.6,18.0,0,0,0,2,8,18.0
2025,2025-10-19,October Talladega,Talladega Superspeedway,Casey Mears,66,18,40,200,0,Running,Chevrolet,32.0,15.0,0,0,0,0,0,29.7
2025,2025-10-19,October Talladega,Talladega Superspeedway,Chase Briscoe,19,1,2,200,16,Running,Toyota,8.2,17.29,0,0,2,14,18,12.9
2025,2025-10-19,October Talladega,Talladega Superspeedway,Chase Elliott,9,40,25,200,0,Running,Chevrolet,14.0,10.86,1,0,2,10,17,36.6
2025,2025-10-19,October Talladega,Talladega Superspeedway,Chris Buescher,17,30,14,200,4,Running,Ford,12.0,23.0,0,0,0,5,16,13.5
2025,2025-10-19,October Talladega,Talladega Superspeedway,Christopher Bell,20,8,7,200,0,Running,Toyota,3.2,20.0,0,2,4,13,20,13.0
2025,2025-10-19,October Talladega,Talladega Superspeedway,Cody Ware,51,31,35,200,5,Running,Ford,33.2,25.4,0,0,0,0,0,22.6
2025,2025-10-19,October Talladega,Talladega Superspeedway,Cole Custer,41,5,12,200,0,Running,Ford,25.4,21.0,0,0,0,1,2,21.0
2025,2025-10-19,October Talladega,Talladega Superspeedway,Daniel Suarez,99,12,26,200,2,Running,Chevrolet,23.4,17.0,0,0,0,2,7,18.7
2025,2025-10-19,October Talladega,Talladega Superspeedway,Denny Hamlin,11,24,17,200,3,Running,Toyota,13.8,15.57,0,1,6,14,17,20.4
2025,2025-10-19,October Talladega,Talladega Superspeedway,Erik Jones,43,35,30,200,0,Running,Toyota,22.0,14.57,0,0,0,4,5,34.6
2025,2025-10-19,October Talladega,Talladega Superspeedway,Joey Logano,22,16,16,200,35,Running,Ford,11.2,29.14,0,0,1,6,11,7.6
2025,2025-10-19,October Talladega,Talladega Superspeedway,John Hunter Nemechek,42,14,28,200,11,Running,Toyota,27.0,31.33,0,0,0,2,8,19.1
2025,2025-10-19,October Talladega,Talladega Superspeedway,Josh Berry,21,33,6,200,27,Running,Ford,23.2,26.0,0,0,1,3,6,17.1
2025,2025-10-19,October Talladega,Talladega Superspeedway,Justin Haley,7,39,22,200,0,Running,Chevrolet,23.2,16.71,0,0,0,1,2,30.9
2025,2025-10-19,October Talladega,Talladega Superspeedway,Kyle Busch,8,19,3,200,26,Running,Chevrolet,21.6,17.43,1,0,0,2,9,10.4
2025,2025-10-19,October Talladega,Talladega Superspeedway,Kyle Larson,5,26,19,200,6,Running,Chevrolet,9.8,13.86,0,0,3,13,20,16.5
2025,2025-10-19,October Talladega,Talladega Superspeedway,Michael McDowell,71,17,1,200,5,Running,Chevrolet,12.0,20.86,0,2,0,3,5,12.6
2025,2025-10-19,October Talladega,Talladega Superspeedway,Noah Gragson,4,36,36,200,2,Running,Ford,20.6,17.17,0,0,0,1,3,30.0
2025,2025-10-19,October Talladega,Talladega Superspeedway,Ricky Stenhouse Jr,47,38,37,200,0,Running,Chevrolet,23.0,15.29,1,0,0,1,3,32.5
2025,2025-10-19,October Talladega,Talladega Superspeedway,Riley Herbst,35,32,9,200,1,Running,Toyota,21.8,18.67,0,0,0,0,0,22.5
2025,2025-10-19,October Talladega,Talladega Superspeedway,Ross Chastain,1,13,24,200,3,Running,Chevrolet,16.6,19.57,1,0,1,3,11,18.7
2025,2025-10-19,October Talladega,Talladega Superspeedway,Ryan Blaney,12,23,8,200,3,Running,Ford,16.0,16.0,1,0,3,13,17,12.9
2025,2025-10-19,October Talladega,Talladega Superspeedway,Ryan Preece,60,15,5,200,1,Running,Ford,15.2,25.8,0,0,0,3,12,15.0
2025,2025-10-19,October Talladega,Talladega Superspeedway,Shane van Gisbergen,88,11,31,200,0,Running,Chevrolet,20.4,24.0,0,0,5,5,7,18.3
2025,2025-10-19,October Talladega,Talladega Superspeedway,Todd Gilliland,34,2,27,200,11,Running,Ford,18.6,14.71,0,0,0,0,3,15.2
2025,2025-10-19,October Talladega,Talladega Superspeedway,Ty Dillon,10,20,29,200,2,Running,Chevrolet,26.6,24.6,0,0,0,0,1,17.9
2025,2025-10-19,October Talladega,Talladega Superspeedway,Ty Gibbs,54,3,18,200,4,Running,Toyota,23.2,25.67,0,0,0,4,9,14.1
2025,2025-10-19,October Talladega,Talladega Superspeedway,Tyler Reddick,45,7,15,200,3,Running,Toyota,11.6,18.71,1,0,0,7,13,16.2
2025,2025-10-19,October Talladega,Talladega Superspeedway,William Byron,24,25,13,200,4,Running,Chevrolet,14.2,7.0,0,0,2,10,15,16.1
2025,2025-10-19,October Talladega,Talladega Superspeedway,Zane Smith,38,9,23,200,2,Running,Chevrolet,21.8,26.5,0,1,0,1,4,21.6
2022,2022-09-25,September Texas,Texas Motor Speedway,Alex Bowman,48,29,17,200,0,Running,Chevrolet,14.8,15.0,0,0,1,4,12,26.0
2022,2022-09-25,September Texas,Texas Motor Speedway,Aric Almirola,10,24,25,200,0,Running,Ford,22.0,15.0,0,0,0,2,7,21.0
2022,2022-09-25,September Texas,Texas Motor Speedway,Austin Cindric,2,15,11,200,0,Running,Ford,12.8,15.0,0,0,1,5,8,17.0
2022,2022-09-25,September Texas,Texas Motor Speedway,Austin Dillon,3,17,7,200,3,Running,Chevrolet,16.0,15.0,0,0,1,4,8,12.0
2022,2022-09-25,September Texas,Texas Motor Speedway,BJ McLeod,78,26,34,200,1,Running,Chevrolet,24.8,15.0,0,0,0,0,1,30.0
2022,2022-09-25,September Texas,Texas Motor Speedway,Brad Keselowski,6,8,1,200,31,Running,Ford,19.8,15.0,0,0,0,0,4,13.0
2022,2022-09-25,September Texas,Texas Motor Speedway,Bubba Wallace,45,25,19,200,0,Running,Toyota,17.0,15.0,0,0,1,5,8,22.0
2022,2022-09-25,September Texas,Texas Motor Speedway,Chase Briscoe,14,5,30,200,0,Running,Ford,22.0,15.0,0,0,1,3,4,20.0
2022,2022-09-25,September Texas,Texas Motor Speedway,Chase Elliott,9,32,6,200,44,Running,Chevrolet,16.4,15.0,0,0,4,11,18,17.0
2022,2022-09-25,September Texas,Texas Motor Speedway,Chris Buescher,17,30,13,200,0,Running,Ford,15.6,15.0,0,0,1,3,9,18.0
2022,2022-09-25,September Texas,Texas Motor Speedway,Christopher Bell,20,34,22,200,0,Running,Toyota,11.2,15.0,0,0,1,10,17,26.0
2022,2022-09-25,September Texas,Texas Motor Speedway,Cody Ware,51,33,36,200,0,Running,Ford,23.2,15.0,0,0,0,0,1,33.0
2022,2022-09-25,September Texas,Texas Motor Speedway,Cole Custer,41,35,24,200,0,Running,Ford,14.2,15.0,0,0,0,0,3,32.0
2022,2022-09-25,September Texas,Texas Motor Speedway,Corey LaJoie,7,14,29,200,0,Running,Chevrolet,25.8,15.0,0,0,0,1,1,23.0
2022,2022-09-25,September Texas,Texas Motor Speedway,Daniel Suarez,99,12,10,200,1,Running,Chevrolet,15.2,15.0,0,0,1,6,11,12.0
2022,2022-09-25,September Texas,Texas Motor Speedway,Denny Hamlin,11,10,8,200,2,Running,Toyota,11.6,15.0,0,0,2,7,10,11.0
2022,2022-09-25,September Texas,Texas Motor Speedway,Erik Jones,43,6,27,200,1,Running,Chevrolet,15.6,15.0,0,0,1,3,10,12.0
2022,2022-09-25,September Texas,Texas Motor Speedway,Garrett Smithley,15,23,33,200,0,Running,Chevrolet,27.5,15.0,0,0,0,0,0,29.0
2022,2022-09-25,September Texas,Texas Motor Speedway,Harrison Burton,21,18,20,200,15,Running,Ford,23.2,15.0,0,0,0,1,2,18.0
2022,2022-09-25,September Texas,Texas Motor Speedway,Joey Logano,22,2,2,200,15,Running,Ford,12.6,15.0,0,0,2,8,13,9.0
2022,2022-09-25,September Texas,Texas Motor Speedway,Justin Haley,31,3,31,200,0,Running,Chevrolet,19.2,15.0,0,0,0,1,2,18.0
2022,2022-09-25,September Texas,Texas Motor Speedway,Kevin Harvick,4,19,23,200,9,Running,Ford,22.2,15.0,0,0,2,7,14,16.0
2022,2022-09-25,September Texas,Texas Motor Speedway,Kyle Busch,18,36,18,200,0,Running,Toyota,26.4,15.0,0,0,1,6,13,33.0
2022,2022-09-25,September Texas,Texas Motor Speedway,Kyle Larson,5,9,9,200,19,Running,Chevrolet,12.6,15.0,0,0,2,11,15,10.0
2022,2022-09-25,September Texas,Texas Motor Speedway,Landon Cassill,77,22,35,200,0,Running,Chevrolet,21.0,15.0,0,0,0,1,1,26.0
2022,2022-09-25,September Texas,Texas Motor Speedway,Martin Truex Jr,19,31,15,200,15,Running,Toyota,20.6,15.0,0,0,0,4,13,15.0
2022,2022-09-25,September Texas,Texas Motor Speedway,Michael McDowell,34,11,5,200,12,Running,Ford,14.2,15.0,0,0,0,1,11,10.0
2022,2022-09-25,September Texas,Texas Motor Speedway,Noah Gragson,16,21,26,200,0,Running,Chevrolet,20.2,15.0,0,0,0,1,1,18.0
2022,2022-09-25,September Texas,Texas Motor Speedway,Ricky Stenhouse Jr,47,27,21,200,23,Running,Chevrolet,27.0,15.0,0,0,0,1,5,18.0
2022,2022-09-25,September Texas,Texas Motor Speedway,Ross Chastain,1,13,12,200,1,Running,Chevrolet,17.4,15.0,0,0,2,10,16,10.0
2022,2022-09-25,September Texas,Texas Motor Speedway,Ryan Blaney,12,4,14,200,29,Running,Ford,18.2,15.0,0,0,0,8,13,10.0
2022,2022-09-25,September Texas,Texas Motor Speedway,Todd Gilliland,38,28,28,200,1,Running,Ford,26.0,15.0,0,0,0,1,1,24.0
2022,2022-09-25,September Texas,Texas Motor Speedway,Ty Dillon,42,16,32,200,0,Running,Chevrolet,20.4,15.0,0,0,0,0,1,19.0
2022,2022-09-25,September Texas,Texas Motor Speedway,Ty Gibbs,23,20,16,200,0,Running,Toyota,24.6,15.0,0,0,0,0,1,22.0
2022,2022-09-25,September Texas,Texas Motor Speedway,Tyler Reddick,8,1,4,200,70,Running,Toyota,14.4,15.0,0,0,2,9,12,9.0
2022,2022-09-25,September Texas,Texas Motor Speedway,William Byron,24,7,3,200,42,Running,Chevrolet,14.6,15.0,0,0,2,5,8,7.0
2023,2023-09-24,September Texas,Texas Motor Speedway,AJ Allmendinger,16,29,6,200,1,Running,Chevrolet,21.2,15.0,0,0,0,2,5,15.96
2023,2023-09-24,September Texas,Texas Motor Speedway,Alex Bowman,48,12,14,200,1,Running,Chevrolet,17.0,29.0,0,0,0,4,9,16.04
2023,2023-09-24,September Texas,Texas Motor Speedway,Aric Almirola,10,18,21,200,0,Running,Ford,16.4,24.0,0,0,0,1,3,21.53
2023,2023-09-24,September Texas,Texas Motor Speedway,Austin Cindric,2,27,32,200,1,Running,Ford,29.4,15.0,0,0,0,0,3,28.26
2023,2023-09-24,September Texas,Texas Motor Speedway,Austin Dillon,3,36,13,200,0,Running,Chevrolet,26.8,17.0,0,0,0,1,6,32.37
2023,2023-09-24,September Texas,Texas Motor Speedway,BJ McLeod,78,22,34,200,0,Running,Chevrolet,31.6,26.0,0,0,0,0,0,31.53
2023,2023-09-24,September Texas,Texas Motor Speedway,Brad Keselowski,6,7,3,200,0,Running,Ford,8.0,8.0,0,1,0,6,14,7.7
2023,2023-09-24,September Texas,Texas Motor Speedway,Bubba Wallace,23,3,1,200,111,Running,Toyota,15.4,25.0,0,0,0,4,7,4.18
2023,2023-09-24,September Texas,Texas Motor Speedway,Carson Hocevar,42,16,19,200,0,Running,Chevrolet,21.0,15.0,0,0,0,0,0,16.87
2023,2023-09-24,September Texas,Texas Motor Speedway,Chase Briscoe,14,10,31,200,0,Running,Ford,25.2,5.0,0,0,0,3,6,15.33
2023,2023-09-24,September Texas,Texas Motor Speedway,Chase Elliott,9,11,29,200,1,Running,Chevrolet,11.4,32.0,0,0,0,7,13,11.4
2023,2023-09-24,September Texas,Texas Motor Speedway,Chris Buescher,17,14,2,200,2,Running,Ford,8.4,30.0,0,0,3,8,14,6.02
2023,2023-09-24,September Texas,Texas Motor Speedway,Christopher Bell,20,4,9,200,0,Running,Toyota,10.6,34.0,0,0,1,7,15,16.76
2023,2023-09-24,September Texas,Texas Motor Speedway,Corey LaJoie,7,26,27,200,0,Running,Chevrolet,19.8,14.0,0,0,0,1,2,29.16
2023,2023-09-24,September Texas,Texas Motor Speedway,Daniel Suarez,99,8,8,200,0,Running,Chevrolet,22.6,12.0,0,0,0,3,8,14.84
2023,2023-09-24,September Texas,Texas Motor Speedway,Denny Hamlin,11,5,10,200,0,Running,Toyota,11.2,10.0,0,0,3,11,14,5.71
2023,2023-09-24,September Texas,Texas Motor Speedway,Erik Jones,43,30,12,200,3,Running,Chevrolet,16.8,6.0,0,0,0,1,7,8.86
2023,2023-09-24,September Texas,Texas Motor Speedway,Harrison Burton,21,20,30,200,0,Running,Ford,31.8,18.0,0,0,0,0,2,24.4
2023,2023-09-24,September Texas,Texas Motor Speedway,JJ Yeley,15,32,35,200,2,Running,Chevrolet,27.2,15.0,0,0,0,0,1,29.49
2023,2023-09-24,September Texas,Texas Motor Speedway,Joey Logano,22,21,20,200,0,Running,Ford,13.2,2.0,0,0,1,9,14,23.41
2023,2023-09-24,September Texas,Texas Motor Speedway,Justin Haley,31,13,28,200,0,Running,Chevrolet,25.0,3.0,0,0,0,1,5,22.01
2023,2023-09-24,September Texas,Texas Motor Speedway,Kevin Harvick,4,6,22,200,0,Running,Ford,17.8,19.0,0,0,0,6,12,15.61
2023,2023-09-24,September Texas,Texas Motor Speedway,Kyle Busch,8,34,7,200,0,Running,Chevrolet,11.8,36.0,0,0,3,8,15,26.56
2023,2023-09-24,September Texas,Texas Motor Speedway,Kyle Larson,5,31,11,200,99,Running,Chevrolet,12.0,9.0,0,0,3,13,15,6.55
2023,2023-09-24,September Texas,Texas Motor Speedway,Martin Truex Jr,19,17,16,200,0,Running,Toyota,20.6,31.0,0,0,3,9,15,16.19
2023,2023-09-24,September Texas,Texas Motor Speedway,Michael McDowell,34,15,17,200,0,Running,Ford,22.6,11.0,0,0,1,2,7,13.35
2023,2023-09-24,September Texas,Texas Motor Speedway,Ricky Stenhouse Jr,47,9,24,200,0,Running,Chevrolet,19.2,27.0,0,0,1,2,8,22.54
2023,2023-09-24,September Texas,Texas Motor Speedway,Ross Chastain,1,2,5,200,1,Running,Chevrolet,15.2,13.0,0,0,1,7,10,10.62
2023,2023-09-24,September Texas,Texas Motor Speedway,Ryan Blaney,12,28,23,200,0,Running,Ford,17.6,4.0,0,0,1,4,13,13.4
2023,2023-09-24,September Texas,Texas Motor Speedway,Ryan Preece,41,23,25,200,0,Running,Ford,21.2,15.0,0,0,0,1,1,18.48
2023,2023-09-24,September Texas,Texas Motor Speedway,Todd Gilliland,51,35,36,200,0,Running,Ford,22.0,28.0,0,0,0,0,3,34.73
2023,2023-09-24,September Texas,Texas Motor Speedway,Ty Dillon,77,19,26,200,3,Running,Chevrolet,27.0,16.0,0,0,0,0,0,23.31
2023,2023-09-24,September Texas,Texas Motor Speedway,Ty Gibbs,54,33,4,200,0,Running,Toyota,16.0,20.0,0,0,0,3,8,27.38
2023,2023-09-24,September Texas,Texas Motor Speedway,Tyler Reddick,45,25,15,200,36,Running,Toyota,10.2,1.0,1,0,2,9,13,14.26
2023,2023-09-24,September Texas,Texas Motor Speedway,William Byron,24,1,18,200,6,Running,Chevrolet,7.4,7.0,0,0,5,10,15,13.32
2023,2023-09-24,September Texas,Texas Motor Speedway,Zane Smith,38,24,33,200,0,Running,Chevrolet,29.2,15.0,0,0,0,0,1,27.85
2024,2024-04-14,April Texas,Texas Motor Speedway,Alex Bowman,48,37,14,200,0,Running,Chevrolet,10.6,20.5,0,0,0,3,4,29.61
2024,2024-04-14,April Texas,Texas Motor Speedway,Austin Cindric,2,25,8,200,0,Running,Ford,26.2,21.0,0,0,0,1,1,18.31
2024,2024-04-14,April Texas,Texas Motor Speedway,Austin Dillon,3,8,15,200,0,Running,Chevrolet,27.8,26.5,0,0,0,0,0,21.93
2024,2024-04-14,April Texas,Texas Motor Speedway,Austin Hill,33,38,34,200,1,Running,Chevrolet,25.8,15.0,0,0,0,0,0,31.34
2024,2024-04-14,April Texas,Texas Motor Speedway,Brad Keselowski,6,2,22,200,0,Running,Ford,14.4,7.5,0,1,0,2,3,17.59
2024,2024-04-14,April Texas,Texas Motor Speedway,Bubba Wallace,23,7,10,200,5,Running,Toyota,15.4,14.0,0,1,0,3,3,16.03
2024,2024-04-14,April Texas,Texas Motor Speedway,Carson Hocevar,77,10,16,200,0,Running,Chevrolet,21.6,16.0,0,0,0,0,0,19.0
2024,2024-04-14,April Texas,Texas Motor Speedway,Chase Briscoe,14,6,5,200,0,Running,Ford,12.6,7.5,0,0,0,0,3,11.68
2024,2024-04-14,April Texas,Texas Motor Speedway,Chase Elliott,9,1,24,200,39,Running,Chevrolet,10.2,21.5,0,0,0,2,3,8.24
2024,2024-04-14,April Texas,Texas Motor Speedway,Chris Buescher,17,15,19,200,0,Running,Ford,8.2,22.0,0,0,0,1,5,18.07
2024,2024-04-14,April Texas,Texas Motor Speedway,Christopher Bell,20,17,3,200,1,Running,Toyota,10.8,19.0,0,0,1,3,5,18.57
2024,2024-04-14,April Texas,Texas Motor Speedway,Corey LaJoie,7,22,23,200,0,Running,Chevrolet,29.2,20.0,0,0,0,1,1,21.51
2024,2024-04-14,April Texas,Texas Motor Speedway,Daniel Hemric,31,20,38,200,0,Running,Chevrolet,30.2,15.0,0,0,0,0,0,23.78
2024,2024-04-14,April Texas,Texas Motor Speedway,Daniel Suarez,99,5,17,200,0,Running,Chevrolet,21.2,10.0,0,0,1,1,1,20.23
2024,2024-04-14,April Texas,Texas Motor Speedway,Denny Hamlin,11,30,11,200,37,Running,Toyota,7.6,7.5,0,0,2,2,3,7.77
2024,2024-04-14,April Texas,Texas Motor Speedway,Erik Jones,43,19,27,200,0,Running,Toyota,21.8,18.0,0,0,0,0,1,20.61
2024,2024-04-14,April Texas,Texas Motor Speedway,Harrison Burton,21,28,29,200,7,Running,Ford,31.2,19.0,0,0,0,0,0,25.09
2024,2024-04-14,April Texas,Texas Motor Speedway,Jimmie Johnson,84,29,37,200,0,Running,Chevrolet,33.5,15.0,0,0,0,0,0,31.69
2024,2024-04-14,April Texas,Texas Motor Speedway,Joey Logano,22,11,20,200,14,Running,Ford,15.0,11.5,0,0,0,1,3,15.88
2024,2024-04-14,April Texas,Texas Motor Speedway,John Hunter Nemechek,42,34,30,200,0,Running,Toyota,22.6,15.0,0,0,0,0,2,26.46
2024,2024-04-14,April Texas,Texas Motor Speedway,Josh Berry,4,36,25,200,0,Running,Ford,21.8,15.0,0,0,0,0,0,30.25
2024,2024-04-14,April Texas,Texas Motor Speedway,Justin Haley,51,24,32,200,0,Running,Chevrolet,28.4,8.0,0,0,0,0,0,26.31
2024,2024-04-14,April Texas,Texas Motor Speedway,Kaz Grala,15,27,33,200,0,Running,Chevrolet,26.6,15.0,0,0,0,0,0,31.42
2024,2024-04-14,April Texas,Texas Motor Speedway,Kyle Busch,8,9,35,200,0,Running,Chevrolet,18.4,35.0,0,0,0,1,2,23.29
2024,2024-04-14,April Texas,Texas Motor Speedway,Kyle Larson,5,21,1,200,77,Running,Chevrolet,8.2,20.0,0,0,1,4,4,15.91
2024,2024-04-14,April Texas,Texas Motor Speedway,Martin Truex Jr,19,14,9,200,0,Running,Toyota,8.2,24.0,0,0,0,2,5,14.84
2024,2024-04-14,April Texas,Texas Motor Speedway,Michael McDowell,34,35,13,200,0,Running,Ford,20.8,13.0,0,0,0,0,2,22.21
2024,2024-04-14,April Texas,Texas Motor Speedway,Noah Gragson,10,18,21,200,0,Running,Ford,22.4,21.0,0,0,0,0,2,17.74
2024,2024-04-14,April Texas,Texas Motor Speedway,Ricky Stenhouse Jr,47,23,31,200,0,Running,Chevrolet,28.8,18.0,0,0,0,0,1,19.12
2024,2024-04-14,April Texas,Texas Motor Speedway,Ross Chastain,1,32,12,200,33,Running,Chevrolet,11.4,7.5,0,0,0,1,4,9.58
2024,2024-04-14,April Texas,Texas Motor Speedway,Ryan Blaney,12,33,7,200,17,Running,Ford,11.4,16.0,0,0,0,4,4,16.41
2024,2024-04-14,April Texas,Texas Motor Speedway,Ryan Preece,41,12,26,200,0,Running,Ford,19.4,23.0,0,0,0,0,1,17.38
2024,2024-04-14,April Texas,Texas Motor Speedway,Todd Gilliland,38,31,28,200,3,Running,Ford,20.6,31.5,0,0,0,0,0,19.09
2024,2024-04-14,April Texas,Texas Motor Speedway,Ty Dillon,16,16,36,200,0,Running,Chevrolet,25.8,17.5,0,0,0,0,0,27.55
2024,2024-04-14,April Texas,Texas Motor Speedway,Ty Gibbs,54,13,2,200,5,Running,Toyota,10.0,26.5,0,0,0,3,5,12.33
2024,2024-04-14,April Texas,Texas Motor Speedway,Tyler Reddick,45,4,4,200,37,Running,Toyota,12.4,13.0,1,0,0,2,5,6.46
2024,2024-04-14,April Texas,Texas Motor Speedway,William Byron,24,3,6,200,0,Running,Chevrolet,12.4,4.0,1,0,3,3,5,8.92
2024,2024-04-14,April Texas,Texas Motor Speedway,Zane Smith,71,26,18,200,0,Running,Chevrolet,30.0,24.0,0,0,0,0,0,18.78
2025,2025-05-04,May Texas,Texas Motor Speedway,AJ Allmendinger,16,36,10,200,0,Running,Chevrolet,16.2,29.0,0,0,0,0,3,27.4
2025,2025-05-04,May Texas,Texas Motor Speedway,Alex Bowman,48,35,11,200,1,Running,Chevrolet,21.6,26.0,0,0,0,1,6,20.4
2025,2025-05-04,May Texas,Texas Motor Speedway,Austin Cindric,2,25,3,200,60,Running,Ford,17.0,22.33,0,0,1,1,3,10.2
2025,2025-05-04,May Texas,Texas Motor Speedway,Austin Dillon,3,7,19,200,0,Running,Chevrolet,14.8,20.33,0,0,0,0,2,19
2025,2025-05-04,May Texas,Texas Motor Speedway,Brad Keselowski,6,28,30,200,0,Running,Ford,27.4,5.67,0,1,0,0,0,18.8
2025,2025-05-04,May Texas,Texas Motor Speedway,Bubba Wallace,23,33,9,200,0,Running,Toyota,10.8,11.67,0,1,0,2,4,18.2
2025,2025-05-04,May Texas,Texas Motor Speedway,Carson Hocevar,77,24,1,200,22,Running,Chevrolet,21.0,13.0,0,0,0,1,2,9.2
2025,2025-05-04,May Texas,Texas Motor Speedway,Chad Finchum,66,37,38,200,0,Running,Chevrolet,37.0,15.0,0,0,0,0,0,36.5
2025,2025-05-04,May Texas,Texas Motor Speedway,Chase Briscoe,19,27,22,200,0,Running,Toyota,12.0,7.0,0,0,0,3,4,27
2025,2025-05-04,May Texas,Texas Motor Speedway,Chase Elliott,9,16,29,200,0,Running,Chevrolet,10.0,14.67,1,0,0,3,6,18.4
2025,2025-05-04,May Texas,Texas Motor Speedway,Chris Buescher,17,18,12,200,0,Running,Ford,19.0,19.67,0,0,0,1,5,13.1
2025,2025-05-04,May Texas,Texas Motor Speedway,Christopher Bell,20,9,16,200,0,Running,Toyota,15.4,18.33,0,0,3,5,6,18.5
2025,2025-05-04,May Texas,Texas Motor Speedway,Cody Ware,51,30,36,200,0,Running,Ford,31.6,33.0,0,0,0,0,0,31.6
2025,2025-05-04,May Texas,Texas Motor Speedway,Cole Custer,41,19,20,200,0,Running,Ford,25.0,35.0,0,0,0,0,0,26.7
2025,2025-05-04,May Texas,Texas Motor Speedway,Daniel Suarez,99,10,25,200,0,Running,Chevrolet,20.0,8.33,0,0,0,1,2,20.0
2025,2025-05-04,May Texas,Texas Motor Speedway,Denny Hamlin,11,38,8,200,1,Running,Toyota,6.0,15.0,0,0,2,5,6,33.6
2025,2025-05-04,May Texas,Texas Motor Speedway,Erik Jones,43,5,14,200,0,Running,Toyota,22.8,18.33,0,0,0,0,0,14.6
2025,2025-05-04,May Texas,Texas Motor Speedway,Jesse Love,62,31,35,200,0,Running,Chevrolet,31.0,15.0,0,0,0,0,0,32.2
2025,2025-05-04,May Texas,Texas Motor Speedway,Joey Logano,22,1,27,200,7,Running,Ford,19.6,11.33,0,0,0,0,1,12.9
2025,2025-05-04,May Texas,Texas Motor Speedway,John Hunter Nemechek,42,8,28,200,1,Running,Toyota,25.8,34.0,0,0,0,1,2,18.3
2025,2025-05-04,May Texas,Texas Motor Speedway,Josh Berry,21,32,7,200,41,Running,Ford,24.6,36.0,0,0,1,2,2,20.9
2025,2025-05-04,May Texas,Texas Motor Speedway,Justin Haley,7,15,15,200,0,Running,Chevrolet,20.0,13.33,0,0,0,0,1,21.4
2025,2025-05-04,May Texas,Texas Motor Speedway,Kyle Busch,8,20,26,200,0,Running,Chevrolet,17.8,26.33,0,0,0,1,4,16.4
2025,2025-05-04,May Texas,Texas Motor Speedway,Kyle Larson,5,4,4,200,90,Running,Chevrolet,9.2,20.33,0,1,2,6,7,3.1
2025,2025-05-04,May Texas,Texas Motor Speedway,Michael McDowell,71,26,5,200,19,Running,Chevrolet,20.4,20.33,0,0,0,0,0,12.6
2025,2025-05-04,May Texas,Texas Motor Speedway,Noah Gragson,4,34,18,200,0,Running,Ford,18.2,19.5,0,0,0,1,2,26.4
2025,2025-05-04,May Texas,Texas Motor Speedway,Ricky Stenhouse Jr,47,6,34,200,0,Running,Chevrolet,20.6,19.67,0,0,0,1,1,22.2
2025,2025-05-04,May Texas,Texas Motor Speedway,Riley Herbst,35,14,21,200,0,Running,Toyota,29.6,15.0,0,0,0,0,0,24.4
2025,2025-05-04,May Texas,Texas Motor Speedway,Ross Chastain,1,2,31,200,0,Running,Chevrolet,14.2,15.67,0,0,0,1,5,17.4
2025,2025-05-04,May Texas,Texas Motor Speedway,Ryan Blaney,12,3,24,200,2,Running,Ford,18.8,21.67,0,0,0,3,4,13.3
2025,2025-05-04,May Texas,Texas Motor Speedway,Ryan Preece,60,29,33,200,0,Running,Ford,20.0,17.5,0,0,0,1,3,14.8
2025,2025-05-04,May Texas,Texas Motor Speedway,Shane van Gisbergen,88,22,37,200,0,Running,Chevrolet,30.6,15.0,0,0,0,0,1,27.8
2025,2025-05-04,May Texas,Texas Motor Speedway,Todd Gilliland,34,11,32,200,4,Running,Ford,21.0,31.33,0,0,0,0,2,20.8
2025,2025-05-04,May Texas,Texas Motor Speedway,Ty Dillon,10,12,23,200,0,Running,Chevrolet,22.6,17.0,0,0,0,0,0,23.7
2025,2025-05-04,May Texas,Texas Motor Speedway,Ty Gibbs,54,23,6,200,0,Running,Toyota,13.4,22.0,0,0,0,1,2,10.6
2025,2025-05-04,May Texas,Texas Motor Speedway,Tyler Reddick,45,21,17,200,1,Running,Toyota,11.6,10.0,1,0,0,3,4,7.1
2025,2025-05-04,May Texas,Texas Motor Speedway,William Byron,24,13,2,200,22,Running,Chevrolet,9.0,3.67,1,0,1,5,7,9.7
2025,2025-05-04,May Texas,Texas Motor Speedway,Zane Smith,38,17,13,200,0,Running,Chevrolet,17.0,25.0,0,0,0,0,1,22.3
2022,2022-08-21,August Watkins Glen,Watkins Glen International Raceway,AJ Allmendinger,16,2,6,200,0,Running,Chevrolet,14.0,17.75,0,0,0,0,3,12.0
2022,2022-08-21,August Watkins Glen,Watkins Glen International Raceway,Alex Bowman,48,14,11,200,0,Running,Chevrolet,21.4,18.57,0,0,1,3,10,18.0
2022,2022-08-21,August Watkins Glen,Watkins Glen International Raceway,Aric Almirola,10,29,35,200,0,Running,Ford,24.8,15.0,0,0,0,2,7,30.0
2022,2022-08-21,August Watkins Glen,Watkins Glen International Raceway,Austin Cindric,2,13,8,200,0,Running,Ford,19.0,11.43,0,1,1,4,7,16.0
2022,2022-08-21,August Watkins Glen,Watkins Glen International Raceway,Austin Dillon,3,17,12,200,6,Running,Chevrolet,18.4,20.29,0,0,0,3,7,17.0
2022,2022-08-21,August Watkins Glen,Watkins Glen International Raceway,Brad Keselowski,6,19,15,200,0,Running,Ford,14.2,21.86,0,0,0,0,3,21.0
2022,2022-08-21,August Watkins Glen,Watkins Glen International Raceway,Bubba Wallace,23,35,23,200,0,Running,Toyota,6.2,22.43,0,0,0,4,6,26.0
2022,2022-08-21,August Watkins Glen,Watkins Glen International Raceway,Chase Briscoe,14,25,14,200,7,Running,Ford,19.2,21.29,0,2,1,3,4,25.0
2022,2022-08-21,August Watkins Glen,Watkins Glen International Raceway,Chase Elliott,9,4,1,200,29,Running,Chevrolet,7.0,8.71,2,2,4,9,16,4.0
2022,2022-08-21,August Watkins Glen,Watkins Glen International Raceway,Chris Buescher,17,9,7,200,0,Running,Ford,15.0,22.0,0,0,0,2,7,11.0
2022,2022-08-21,August Watkins Glen,Watkins Glen International Raceway,Christopher Bell,20,8,38,200,0,Running,Toyota,9.0,16.57,0,0,1,7,13,13.0
2022,2022-08-21,August Watkins Glen,Watkins Glen International Raceway,Cody Ware,51,34,39,200,0,Running,Ford,27.2,28.86,0,0,0,0,0,35.0
2022,2022-08-21,August Watkins Glen,Watkins Glen International Raceway,Cole Custer,41,11,29,200,7,Running,Ford,22.0,21.0,0,0,0,0,2,14.0
2022,2022-08-21,August Watkins Glen,Watkins Glen International Raceway,Corey LaJoie,7,27,32,200,0,Running,Chevrolet,23.2,25.71,0,0,0,1,1,18.0
2022,2022-08-21,August Watkins Glen,Watkins Glen International Raceway,Daniel Suarez,99,5,9,200,0,Running,Chevrolet,16.8,11.57,0,0,1,5,9,11.0
2022,2022-08-21,August Watkins Glen,Watkins Glen International Raceway,Daniil Kvyat,26,36,36,200,0,Running,Chevrolet,36.0,15.0,0,0,0,0,0,37.0
2022,2022-08-21,August Watkins Glen,Watkins Glen International Raceway,Denny Hamlin,11,20,22,200,0,Running,Toyota,12.4,20.57,0,1,2,5,7,27.0
2022,2022-08-21,August Watkins Glen,Watkins Glen International Raceway,Erik Jones,43,10,31,200,0,Running,Chevrolet,17.2,10.57,0,0,0,2,8,15.0
2022,2022-08-21,August Watkins Glen,Watkins Glen International Raceway,Harrison Burton,21,28,30,200,0,Running,Ford,21.8,22.43,0,0,0,1,2,29.0
2022,2022-08-21,August Watkins Glen,Watkins Glen International Raceway,Joey Hand,15,31,17,200,0,Running,Ford,26.25,28.0,0,0,0,0,0,15.0
2022,2022-08-21,August Watkins Glen,Watkins Glen International Raceway,Joey Logano,22,3,20,200,15,Running,Ford,12.0,15.43,1,0,2,6,11,9.0
2022,2022-08-21,August Watkins Glen,Watkins Glen International Raceway,Justin Haley,31,18,13,200,0,Running,Chevrolet,19.6,16.71,0,0,0,1,2,25.0
2022,2022-08-21,August Watkins Glen,Watkins Glen International Raceway,Kevin Harvick,4,12,24,200,0,Running,Ford,13.4,14.86,0,0,2,7,13,22.0
2022,2022-08-21,August Watkins Glen,Watkins Glen International Raceway,Kimi Raikkonen,91,37,27,200,0,Running,Chevrolet,15.0,15.0,0,0,0,0,0,28.0
2022,2022-08-21,August Watkins Glen,Watkins Glen International Raceway,Kyle Busch,18,32,10,200,0,Running,Toyota,20.8,21.0,0,0,1,6,12,17.0
2022,2022-08-21,August Watkins Glen,Watkins Glen International Raceway,Kyle Larson,5,1,2,200,5,Running,Chevrolet,15.0,13.14,1,0,1,9,12,8.0
2022,2022-08-21,August Watkins Glen,Watkins Glen International Raceway,Kyle Tilley,78,39,37,200,0,Running,Chevrolet,30.0,30.0,0,0,0,0,0,39.0
2022,2022-08-21,August Watkins Glen,Watkins Glen International Raceway,Loris Hezemans,27,33,34,200,0,Running,Chevrolet,36.0,35.5,0,0,0,0,0,27.0
2022,2022-08-21,August Watkins Glen,Watkins Glen International Raceway,Martin Truex Jr,19,23,25,200,0,Running,Toyota,9.0,11.43,0,0,0,3,11,21.0
2022,2022-08-21,August Watkins Glen,Watkins Glen International Raceway,Michael McDowell,34,6,3,200,14,Running,Ford,19.8,17.43,0,0,0,1,9,4.0
2022,2022-08-21,August Watkins Glen,Watkins Glen International Raceway,Mike Rockenfeller,77,30,33,200,0,Running,Chevrolet,15.0,15.0,0,0,0,0,0,25.0
2022,2022-08-21,August Watkins Glen,Watkins Glen International Raceway,Ricky Stenhouse Jr,47,15,21,200,0,Running,Chevrolet,21.6,25.14,0,0,0,1,5,16.0
2022,2022-08-21,August Watkins Glen,Watkins Glen International Raceway,Ross Chastain,1,21,18,200,0,Running,Chevrolet,21.8,7.29,1,0,2,10,14,19.0
2022,2022-08-21,August Watkins Glen,Watkins Glen International Raceway,Ryan Blaney,12,24,26,200,0,Running,Ford,18.4,9.14,0,1,0,8,12,18.0
2022,2022-08-21,August Watkins Glen,Watkins Glen International Raceway,Todd Gilliland,38,38,19,200,5,Running,Ford,21.6,21.57,0,0,0,1,1,28.0
2022,2022-08-21,August Watkins Glen,Watkins Glen International Raceway,Ty Dillon,42,16,28,200,0,Running,Chevrolet,24.0,25.57,0,0,0,0,1,16.0
2022,2022-08-21,August Watkins Glen,Watkins Glen International Raceway,Ty Gibbs,45,26,16,200,0,Running,Toyota,19.75,15.0,0,0,0,0,1,28.0
2022,2022-08-21,August Watkins Glen,Watkins Glen International Raceway,Tyler Reddick,8,7,5,200,2,Running,Toyota,16.8,17.29,1,0,2,7,9,14.0
2022,2022-08-21,August Watkins Glen,Watkins Glen International Raceway,William Byron,24,22,4,200,0,Running,Chevrolet,15.4,21.0,1,0,2,4,5,22.0
2023,2023-08-20,August Watkins Glen,Watkins Glen International Raceway,AJ Allmendinger,16,4,6,200,2,Running,Chevrolet,23.0,16.92,0,0,0,1,4,4.4
2023,2023-08-20,August Watkins Glen,Watkins Glen International Raceway,Alex Bowman,48,23,18,200,0,Running,Chevrolet,18.8,18.33,0,0,0,4,7,20.56
2023,2023-08-20,August Watkins Glen,Watkins Glen International Raceway,Andy Lally,15,25,29,200,0,Running,Chevrolet,32.5,32.5,0,0,0,0,0,27.97
2023,2023-08-20,August Watkins Glen,Watkins Glen International Raceway,Aric Almirola,10,30,27,200,0,Running,Ford,21.8,20.2,0,1,0,0,2,29.33
2023,2023-08-20,August Watkins Glen,Watkins Glen International Raceway,Austin Cindric,2,16,17,200,0,Running,Ford,20.2,13.07,0,1,0,0,3,19.21
2023,2023-08-20,August Watkins Glen,Watkins Glen International Raceway,Austin Dillon,3,31,16,200,0,Running,Chevrolet,17.4,21.47,0,0,0,1,6,14.71
2023,2023-08-20,August Watkins Glen,Watkins Glen International Raceway,Brad Keselowski,6,15,24,200,0,Running,Ford,10.2,19.0,0,0,0,5,10,20.46
2023,2023-08-20,August Watkins Glen,Watkins Glen International Raceway,Bubba Wallace,23,12,12,200,0,Running,Toyota,13.4,25.8,0,0,0,4,6,10.28
2023,2023-08-20,August Watkins Glen,Watkins Glen International Raceway,Chase Briscoe,14,35,26,200,0,Running,Ford,17.4,22.67,0,2,0,3,6,27.28
2023,2023-08-20,August Watkins Glen,Watkins Glen International Raceway,Chase Elliott,9,32,15,200,0,Running,Chevrolet,14.6,7.25,2,3,0,6,9,19.66
2023,2023-08-20,August Watkins Glen,Watkins Glen International Raceway,Chris Buescher,17,7,13,200,0,Running,Ford,9.2,18.0,0,0,2,5,10,12.96
2023,2023-08-20,August Watkins Glen,Watkins Glen International Raceway,Christopher Bell,20,3,7,200,0,Running,Toyota,15.4,16.6,0,1,1,5,12,5.38
2023,2023-08-20,August Watkins Glen,Watkins Glen International Raceway,Cole Custer,51,28,34,200,0,Running,Ford,26.6,21.11,0,0,0,0,0,31.22
2023,2023-08-20,August Watkins Glen,Watkins Glen International Raceway,Corey LaJoie,7,20,10,200,0,Running,Chevrolet,27.2,21.47,0,0,0,1,1,21.88
2023,2023-08-20,August Watkins Glen,Watkins Glen International Raceway,Daniel Suarez,99,22,14,200,0,Running,Chevrolet,18.8,12.93,0,0,0,3,8,24.96
2023,2023-08-20,August Watkins Glen,Watkins Glen International Raceway,Denny Hamlin,11,2,1,200,3,Running,Toyota,6.4,14.8,0,2,2,8,11,2.38
2023,2023-08-20,August Watkins Glen,Watkins Glen International Raceway,Erik Jones,43,29,31,200,0,Running,Chevrolet,17.6,12.47,0,0,0,0,5,28.07
2023,2023-08-20,August Watkins Glen,Watkins Glen International Raceway,Harrison Burton,21,33,32,200,0,Running,Ford,19.4,23.87,0,0,0,0,2,34.4
2023,2023-08-20,August Watkins Glen,Watkins Glen International Raceway,Joey Logano,22,10,11,200,0,Running,Ford,17.8,13.13,2,1,1,7,11,12.31
2023,2023-08-20,August Watkins Glen,Watkins Glen International Raceway,Josh Bilicki,78,27,35,200,0,Running,Chevrolet,30.2,27.56,0,0,0,0,0,29.41
2023,2023-08-20,August Watkins Glen,Watkins Glen International Raceway,Justin Haley,31,24,20,200,0,Running,Chevrolet,28.2,16.4,0,0,0,1,5,28.99
2023,2023-08-20,August Watkins Glen,Watkins Glen International Raceway,Kevin Harvick,4,21,33,200,0,Running,Ford,9.8,17.33,0,0,0,6,11,25.0
2023,2023-08-20,August Watkins Glen,Watkins Glen International Raceway,Kyle Busch,8,14,9,200,2,Running,Chevrolet,26.6,14.13,2,1,3,8,13,11.34
2023,2023-08-20,August Watkins Glen,Watkins Glen International Raceway,Kyle Larson,5,26,5,200,0,Running,Chevrolet,11.0,14.4,2,0,2,10,12,10.88
2023,2023-08-20,August Watkins Glen,Watkins Glen International Raceway,Martin Truex Jr,19,6,19,200,0,Running,Toyota,4.0,14.53,0,0,3,9,14,13.31
2023,2023-08-20,August Watkins Glen,Watkins Glen International Raceway,Michael McDowell,34,36,3,200,17,Running,Ford,15.8,15.13,0,0,1,2,6,13.57
2023,2023-08-20,August Watkins Glen,Watkins Glen International Raceway,Mike Rockenfeller,42,19,21,200,0,Running,Chevrolet,27.67,30.0,0,0,0,0,0,24.06
2023,2023-08-20,August Watkins Glen,Watkins Glen International Raceway,Ricky Stenhouse Jr,47,13,28,200,0,Running,Chevrolet,17.6,21.67,0,0,1,2,7,18.79
2023,2023-08-20,August Watkins Glen,Watkins Glen International Raceway,Ross Chastain,1,18,22,200,0,Running,Chevrolet,16.8,11.47,2,1,1,6,9,17.7
2023,2023-08-20,August Watkins Glen,Watkins Glen International Raceway,Ryan Blaney,12,9,23,200,0,Running,Ford,17.6,15.07,0,1,1,4,11,15.5
2023,2023-08-20,August Watkins Glen,Watkins Glen International Raceway,Ryan Preece,41,17,30,200,0,Running,Ford,23.4,23.57,0,0,0,1,1,20.5
2023,2023-08-20,August Watkins Glen,Watkins Glen International Raceway,Todd Gilliland,38,11,25,200,0,Running,Ford,25.4,21.07,0,0,0,0,3,20.62
2023,2023-08-20,August Watkins Glen,Watkins Glen International Raceway,Ty Dillon,77,34,36,200,0,Running,Chevrolet,27.0,26.6,0,0,0,0,0,32.39
2023,2023-08-20,August Watkins Glen,Watkins Glen International Raceway,Ty Gibbs,54,5,4,200,0,Running,Toyota,14.0,17.12,0,0,0,1,6,4.42
2023,2023-08-20,August Watkins Glen,Watkins Glen International Raceway,Tyler Reddick,45,8,8,200,0,Running,Toyota,11.6,19.2,2,0,1,7,10,10.79
2023,2023-08-20,August Watkins Glen,Watkins Glen International Raceway,William Byron,24,1,2,200,66,Running,Chevrolet,21.6,17.27,2,1,4,8,11,1.34
2024,2024-09-15,September Watkins Glen,Watkins Glen International Raceway,AJ Allmendinger,13,36,6,200,0,Running,Chevrolet,27.4,17.53,0,0,0,0,3,34.0
2024,2024-09-15,September Watkins Glen,Watkins Glen International Raceway,Alex Bowman,48,18,4,200,1,Running,Chevrolet,19.0,16.74,1,0,1,7,13,15.0
2024,2024-09-15,September Watkins Glen,Watkins Glen International Raceway,Austin Cindric,2,10,5,200,0,Running,Ford,18.6,13.26,1,1,1,2,4,14.0
2024,2024-09-15,September Watkins Glen,Watkins Glen International Raceway,Austin Dillon,3,28,23,200,0,Running,Chevrolet,15.0,21.57,0,0,1,1,3,24.0
2024,2024-09-15,September Watkins Glen,Watkins Glen International Raceway,Brad Keselowski,6,26,28,200,0,Running,Ford,12.4,19.17,0,0,1,8,12,22.0
2024,2024-09-15,September Watkins Glen,Watkins Glen International Raceway,Bubba Wallace,23,17,32,200,0,Running,Toyota,16.2,22.0,0,0,0,5,10,27.0
2024,2024-09-15,September Watkins Glen,Watkins Glen International Raceway,Carson Hocevar,77,3,29,200,1,Running,Chevrolet,15.6,19.38,0,0,0,0,4,12.0
2024,2024-09-15,September Watkins Glen,Watkins Glen International Raceway,Chase Briscoe,14,6,12,200,0,Running,Ford,21.0,24.13,0,2,1,3,7,10.0
2024,2024-09-15,September Watkins Glen,Watkins Glen International Raceway,Chase Elliott,9,19,14,200,0,Running,Chevrolet,15.8,10.65,2,3,1,7,13,15.0
2024,2024-09-15,September Watkins Glen,Watkins Glen International Raceway,Chris Buescher,17,1,24,200,19,Running,Ford,15.2,16.77,0,0,0,5,12,10.0
2024,2024-09-15,September Watkins Glen,Watkins Glen International Raceway,Christopher Bell,20,14,17,200,0,Running,Toyota,10.2,16.35,0,1,3,10,16,21.0
2024,2024-09-15,September Watkins Glen,Watkins Glen International Raceway,Corey LaJoie,7,8,18,200,2,Running,Chevrolet,24.8,21.48,0,0,0,1,2,9.0
2024,2024-09-15,September Watkins Glen,Watkins Glen International Raceway,Daniel Hemric,31,31,27,200,0,Running,Chevrolet,20.4,17.88,0,0,0,0,4,24.0
2024,2024-09-15,September Watkins Glen,Watkins Glen International Raceway,Daniel Suarez,99,13,8,200,0,Running,Chevrolet,15.6,13.7,1,0,1,3,7,19.0
2024,2024-09-15,September Watkins Glen,Watkins Glen International Raceway,Denny Hamlin,11,23,22,200,0,Running,Toyota,16.0,15.35,0,4,3,9,12,32.0
2024,2024-09-15,September Watkins Glen,Watkins Glen International Raceway,Erik Jones,43,33,25,200,0,Running,Toyota,22.4,18.26,0,0,0,0,1,26.0
2024,2024-09-15,September Watkins Glen,Watkins Glen International Raceway,Harrison Burton,21,24,33,200,0,Running,Ford,19.8,24.65,0,0,1,1,2,23.0
2024,2024-09-15,September Watkins Glen,Watkins Glen International Raceway,Joey Logano,22,15,7,200,6,Running,Ford,18.4,12.26,4,1,2,5,9,11.0
2024,2024-09-15,September Watkins Glen,Watkins Glen International Raceway,John Hunter Nemechek,42,21,35,200,0,Running,Toyota,26.6,27.71,0,0,0,0,3,20.0
2024,2024-09-15,September Watkins Glen,Watkins Glen International Raceway,Josh Berry,4,25,31,200,0,Running,Ford,24.2,26.88,0,0,0,2,4,16.0
2024,2024-09-15,September Watkins Glen,Watkins Glen International Raceway,Juan Pablo Montoya,50,32,34,200,0,Running,Chevrolet,15.0,15.0,0,0,0,0,0,22.0
2024,2024-09-15,September Watkins Glen,Watkins Glen International Raceway,Justin Haley,51,29,36,200,0,Running,Chevrolet,23.6,17.04,0,0,0,0,2,24.0
2024,2024-09-15,September Watkins Glen,Watkins Glen International Raceway,Kaz Grala,15,35,38,200,0,Running,Chevrolet,27.6,25.0,0,0,0,0,0,28.0
2024,2024-09-15,September Watkins Glen,Watkins Glen International Raceway,Kyle Busch,8,30,13,200,0,Running,Chevrolet,5.4,15.26,2,1,0,5,10,30.0
2024,2024-09-15,September Watkins Glen,Watkins Glen International Raceway,Kyle Larson,5,12,20,200,0,Running,Chevrolet,20.6,18.22,2,2,4,10,13,18.0
2024,2024-09-15,September Watkins Glen,Watkins Glen International Raceway,Martin Truex Jr,19,20,2,200,4,Running,Toyota,31.2,16.83,0,0,0,4,9,11.0
2024,2024-09-15,September Watkins Glen,Watkins Glen International Raceway,Michael McDowell,34,7,10,200,7,Running,Ford,22.8,18.22,0,3,0,2,6,6.0
2024,2024-09-15,September Watkins Glen,Watkins Glen International Raceway,Noah Gragson,10,11,9,200,0,Running,Ford,27.0,25.5,0,0,0,1,7,14.0
2024,2024-09-15,September Watkins Glen,Watkins Glen International Raceway,Ricky Stenhouse Jr,47,37,26,200,0,Running,Chevrolet,23.6,19.43,0,0,0,2,5,37.0
2024,2024-09-15,September Watkins Glen,Watkins Glen International Raceway,Ross Chastain,1,4,1,200,51,Running,Chevrolet,12.0,12.83,2,1,0,4,9,5.0
2024,2024-09-15,September Watkins Glen,Watkins Glen International Raceway,Ryan Blaney,12,38,30,200,0,Running,Ford,19.6,12.74,1,1,2,8,12,38.0
2024,2024-09-15,September Watkins Glen,Watkins Glen International Raceway,Ryan Preece,41,9,21,200,0,Running,Ford,21.0,22.2,0,0,0,1,2,21.0
2024,2024-09-15,September Watkins Glen,Watkins Glen International Raceway,Shane van Gisbergen,16,2,3,200,1,Running,Chevrolet,32.2,23.25,1,0,0,0,0,6.0
2024,2024-09-15,September Watkins Glen,Watkins Glen International Raceway,Todd Gilliland,38,16,37,200,0,Running,Ford,24.0,19.91,0,0,0,0,4,25.0
2024,2024-09-15,September Watkins Glen,Watkins Glen International Raceway,Ty Gibbs,54,22,15,200,0,Running,Toyota,13.4,14.62,0,0,0,7,11,18.0
2024,2024-09-15,September Watkins Glen,Watkins Glen International Raceway,Tyler Reddick,45,27,16,200,0,Running,Toyota,9.6,16.0,2,0,2,11,19,24.0
2024,2024-09-15,September Watkins Glen,Watkins Glen International Raceway,William Byron,24,34,11,200,0,Running,Chevrolet,16.2,14.39,4,2,3,8,14,17.0
2024,2024-09-15,September Watkins Glen,Watkins Glen International Raceway,Zane Smith,71,5,19,200,0,Running,Chevrolet,17.4,20.12,0,0,0,1,2,14.0
2025,2025-08-10,August Watkins,Watkins Glen International Raceway,AJ Allmendinger,16,11,18,200,0,Running,Chevrolet,20.4,17.88,0,0,0,1,5,16.4
2025,2025-08-10,August Watkins,Watkins Glen International Raceway,Alex Bowman,48,20,7,200,0,Running,Chevrolet,9.2,16.0,1,0,0,5,13,13.7
2025,2025-08-10,August Watkins,Watkins Glen International Raceway,Austin Cindric,2,16,13,200,0,Running,Ford,20.0,15.52,1,1,1,1,4,15.4
2025,2025-08-10,August Watkins,Watkins Glen International Raceway,Austin Dillon,3,15,25,200,0,Running,Chevrolet,24.0,22.52,0,0,0,0,4,21.3
2025,2025-08-10,August Watkins,Watkins Glen International Raceway,Brad Keselowski,6,31,16,200,5,Running,Ford,13.2,19.71,0,0,0,4,7,15.2
2025,2025-08-10,August Watkins,Watkins Glen International Raceway,Bubba Wallace,23,8,15,200,0,Running,Toyota,13.6,20.19,0,0,1,4,9,14.9
2025,2025-08-10,August Watkins,Watkins Glen International Raceway,Carson Hocevar,77,18,8,200,0,Running,Chevrolet,24.0,16.38,0,0,0,2,6,17.5
2025,2025-08-10,August Watkins,Watkins Glen International Raceway,Chase Briscoe,19,5,3,200,6,Running,Toyota,9.4,21.94,0,4,1,9,11,8.7
2025,2025-08-10,August Watkins,Watkins Glen International Raceway,Chase Elliott,9,26,20,200,0,Running,Chevrolet,10.4,10.89,3,3,1,7,12,19.1
2025,2025-08-10,August Watkins,Watkins Glen International Raceway,Chris Buescher,17,3,12,200,5,Running,Ford,15.8,16.0,1,0,0,3,11,11.1
2025,2025-08-10,August Watkins,Watkins Glen International Raceway,Christopher Bell,20,2,9,200,0,Running,Toyota,14.4,15.32,2,1,3,8,13,8.9
2025,2025-08-10,August Watkins,Watkins Glen International Raceway,Cody Ware,51,29,36,200,0,Running,Ford,33.0,28.85,0,0,0,0,0,29.1
2025,2025-08-10,August Watkins,Watkins Glen International Raceway,Cole Custer,41,34,31,200,0,Running,Ford,26.2,22.47,0,0,0,0,1,31.8
2025,2025-08-10,August Watkins,Watkins Glen International Raceway,Daniel Suarez,99,7,19,200,0,Running,Chevrolet,24.2,16.77,1,0,0,1,3,15.8
2025,2025-08-10,August Watkins,Watkins Glen International Raceway,Denny Hamlin,11,25,22,200,0,Running,Toyota,10.4,15.5,0,4,4,11,12,27.2
2025,2025-08-10,August Watkins,Watkins Glen International Raceway,Erik Jones,43,12,29,200,0,Running,Toyota,26.6,18.74,0,0,0,2,3,21.2
2025,2025-08-10,August Watkins,Watkins Glen International Raceway,JJ Yeley,44,38,38,200,0,Running,Chevrolet,34.6,25.67,0,0,0,0,0,34.5
2025,2025-08-10,August Watkins,Watkins Glen International Raceway,Joey Logano,22,14,11,200,0,Running,Ford,15.0,13.35,4,2,1,2,6,17.1
2025,2025-08-10,August Watkins,Watkins Glen International Raceway,John Hunter Nemechek,42,32,30,200,0,Running,Toyota,18.2,22.4,0,0,0,1,6,22.9
2025,2025-08-10,August Watkins,Watkins Glen International Raceway,Josh Berry,21,35,24,200,0,Running,Ford,22.0,26.62,0,0,1,2,3,30.5
2025,2025-08-10,August Watkins,Watkins Glen International Raceway,Josh Bilicki,66,37,39,200,0,Running,Chevrolet,32.8,27.0,0,0,0,0,0,34.0
2025,2025-08-10,August Watkins,Watkins Glen International Raceway,Justin Haley,7,27,23,200,0,Running,Chevrolet,17.6,18.87,0,0,0,0,1,22.8
2025,2025-08-10,August Watkins,Watkins Glen International Raceway,Katherine Legge,78,36,37,200,0,Running,Chevrolet,25.8,25.5,0,0,0,0,0,31.6
2025,2025-08-10,August Watkins,Watkins Glen International Raceway,Kyle Busch,8,22,5,200,0,Running,Chevrolet,14.2,15.74,2,1,0,2,7,15.9
2025,2025-08-10,August Watkins,Watkins Glen International Raceway,Kyle Larson,5,39,26,200,0,Running,Chevrolet,16.4,18.32,2,2,3,11,14,38.2
2025,2025-08-10,August Watkins,Watkins Glen International Raceway,Michael McDowell,71,19,6,200,0,Running,Chevrolet,21.2,17.84,0,3,0,2,3,15.9
2025,2025-08-10,August Watkins,Watkins Glen International Raceway,Noah Gragson,4,21,35,200,0,Running,Ford,32.2,25.54,0,0,0,1,3,26.4
2025,2025-08-10,August Watkins,Watkins Glen International Raceway,Ricky Stenhouse Jr,47,23,34,200,0,Running,Chevrolet,31.0,20.74,0,0,0,1,3,25.3
2025,2025-08-10,August Watkins,Watkins Glen International Raceway,Riley Herbst,35,24,28,200,0,Running,Toyota,24.4,24.88,0,0,0,0,0,21.9
2025,2025-08-10,August Watkins,Watkins Glen International Raceway,Ross Chastain,1,10,4,200,0,Running,Chevrolet,23.4,12.9,2,2,1,3,9,10.0
2025,2025-08-10,August Watkins,Watkins Glen International Raceway,Ryan Blaney,12,6,1,200,35,Running,Ford,13.4,13.71,2,2,1,8,11,4.6
2025,2025-08-10,August Watkins,Watkins Glen International Raceway,Ryan Preece,60,13,17,200,1,Running,Ford,9.4,20.13,0,0,0,3,10,13.8
2025,2025-08-10,August Watkins,Watkins Glen International Raceway,Shane van Gisbergen,88,1,2,200,38,Running,Chevrolet,16.4,17.17,3,2,3,3,4,4.0
2025,2025-08-10,August Watkins,Watkins Glen International Raceway,Todd Gilliland,34,28,27,200,0,Running,Ford,25.0,20.71,0,0,0,0,3,24.6
2025,2025-08-10,August Watkins,Watkins Glen International Raceway,Ty Dillon,10,30,32,200,0,Running,Chevrolet,24.0,26.61,0,0,0,0,1,28.9
2025,2025-08-10,August Watkins,Watkins Glen International Raceway,Ty Gibbs,54,33,14,200,0,Running,Toyota,11.2,16.71,0,0,0,4,6,19.3
2025,2025-08-10,August Watkins,Watkins Glen International Raceway,Tyler Reddick,45,9,21,200,0,Running,Toyota,13.8,15.23,2,1,0,5,8,17.3
2025,2025-08-10,August Watkins,Watkins Glen International Raceway,William Byron,24,4,10,200,0,Running,Chevrolet,19.2,15.68,5,2,2,8,12,7.9
2025,2025-08-10,August Watkins,Watkins Glen International Raceway,Zane Smith,38,17,33,200,0,Running,Chevrolet,26.0,19.44,0,0,0,0,3,25.5
2022,2022-06-05,June Gateway,World Wide Technology Raceway,AJ Allmendinger,16,10,35,200,0,Running,Chevrolet,27.4,33.0,0,0,0,0,0,21.0
2022,2022-06-05,June Gateway,World Wide Technology Raceway,Alex Bowman,48,13,25,200,0,Running,Chevrolet,12.4,12.33,0,0,1,3,9,16.0
2022,2022-06-05,June Gateway,World Wide Technology Raceway,Aric Almirola,10,5,8,200,0,Running,Ford,17.2,15.67,0,0,0,1,4,5.3
2022,2022-06-05,June Gateway,World Wide Technology Raceway,Austin Cindric,2,11,2,200,26,Running,Ford,24.0,17.33,0,1,1,1,2,8.0
2022,2022-06-05,June Gateway,World Wide Technology Raceway,Austin Dillon,3,15,29,200,0,Running,Chevrolet,13.8,15.67,0,0,0,3,6,20.0
2022,2022-06-05,June Gateway,World Wide Technology Raceway,BJ McLeod,78,30,34,200,0,Running,Chevrolet,29.6,20.5,0,0,0,0,0,33.3
2022,2022-06-05,June Gateway,World Wide Technology Raceway,Brad Keselowski,6,20,30,200,0,Running,Ford,24.2,17.67,0,0,0,0,1,20.4
2022,2022-06-05,June Gateway,World Wide Technology Raceway,Bubba Wallace,23,26,18,200,0,Running,Toyota,19.6,23.33,0,0,0,1,2,21.7
2022,2022-06-05,June Gateway,World Wide Technology Raceway,Chase Briscoe,14,24,1,200,27,Running,Ford,19.6,20.33,0,1,1,3,4,17.9
2022,2022-06-05,June Gateway,World Wide Technology Raceway,Chase Elliott,9,21,16,200,0,Running,Chevrolet,15.0,12.0,0,0,1,3,9,20.6
2022,2022-06-05,June Gateway,World Wide Technology Raceway,Christopher Bell,20,9,3,200,0,Running,Toyota,8.4,20.67,0,0,0,4,8,9.0
2022,2022-06-05,June Gateway,World Wide Technology Raceway,Cody Ware,51,35,31,200,0,Running,Ford,26.6,28.33,0,0,0,0,0,32.2
2022,2022-06-05,June Gateway,World Wide Technology Raceway,Cole Custer,41,29,14,200,0,Running,Ford,22.6,22.67,0,0,0,0,0,20.0
2022,2022-06-05,June Gateway,World Wide Technology Raceway,Corey LaJoie,7,36,19,200,0,Running,Chevrolet,24.2,23.0,0,0,0,1,1,32.7
2022,2022-06-05,June Gateway,World Wide Technology Raceway,Daniel Suarez,99,23,23,200,0,Running,Chevrolet,22.6,10.67,0,0,0,2,4,18.0
2022,2022-06-05,June Gateway,World Wide Technology Raceway,Denny Hamlin,11,34,6,200,0,Running,Toyota,13.0,20.67,0,0,2,3,3,26.9
2022,2022-06-05,June Gateway,World Wide Technology Raceway,Erik Jones,43,7,21,200,4,Running,Chevrolet,17.4,8.67,0,0,0,1,4,9.9
2022,2022-06-05,June Gateway,World Wide Technology Raceway,Harrison Burton,21,25,9,200,0,Running,Ford,20.8,25.0,0,0,0,0,0,21.2
2022,2022-06-05,June Gateway,World Wide Technology Raceway,Joey Logano,22,1,7,200,22,Running,Ford,19.8,15.0,0,0,1,4,6,8.0
2022,2022-06-05,June Gateway,World Wide Technology Raceway,Josh Bilicki,77,28,33,200,0,Running,Chevrolet,30.6,22.67,0,0,0,0,0,31.2
2022,2022-06-05,June Gateway,World Wide Technology Raceway,Justin Haley,31,14,28,200,0,Running,Chevrolet,17.6,16.33,0,0,0,1,1,26.4
2022,2022-06-05,June Gateway,World Wide Technology Raceway,Kevin Harvick,4,33,20,200,0,Running,Ford,8.2,13.0,0,0,0,3,7,15.7
2022,2022-06-05,June Gateway,World Wide Technology Raceway,Kurt Busch,45,3,11,200,12,Running,Toyota,21.4,14.33,0,0,1,3,5,10.0
2022,2022-06-05,June Gateway,World Wide Technology Raceway,Kyle Busch,18,2,12,200,66,Running,Toyota,9.6,25.0,0,0,1,5,10,4.1
2022,2022-06-05,June Gateway,World Wide Technology Raceway,Kyle Larson,5,12,15,200,0,Running,Chevrolet,11.4,20.0,1,0,1,6,8,14.0
2022,2022-06-05,June Gateway,World Wide Technology Raceway,Martin Truex Jr,19,6,13,200,42,Running,Toyota,11.8,9.33,0,0,0,2,6,9.0
2022,2022-06-05,June Gateway,World Wide Technology Raceway,Michael McDowell,34,18,17,200,34,Running,Ford,12.6,22.67,0,0,0,0,5,11.3
2022,2022-06-05,June Gateway,World Wide Technology Raceway,Parker Kligerman,15,31,36,200,0,Running,Chevrolet,15.0,15.0,0,0,0,0,0,33.0
2022,2022-06-05,June Gateway,World Wide Technology Raceway,Ricky Stenhouse Jr,47,32,27,200,0,Running,Chevrolet,11.0,26.0,0,0,0,1,5,28.6
2022,2022-06-05,June Gateway,World Wide Technology Raceway,Ross Chastain,1,8,10,200,0,Running,Chevrolet,11.2,10.67,1,0,2,7,8,12.0
2022,2022-06-05,June Gateway,World Wide Technology Raceway,Ryan Blaney,12,4,5,200,12,Running,Ford,19.0,13.67,0,1,0,4,6,7.0
2022,2022-06-05,June Gateway,World Wide Technology Raceway,Todd Gilliland,38,22,22,200,0,Running,Ford,22.2,21.0,0,0,0,0,0,23.0
2022,2022-06-05,June Gateway,World Wide Technology Raceway,Ty Dillon,42,27,26,200,0,Running,Chevrolet,21.0,24.33,0,0,0,0,1,21.5
2022,2022-06-05,June Gateway,World Wide Technology Raceway,Tyler Reddick,8,16,4,200,0,Running,Toyota,21.4,19.0,0,0,0,4,6,13.0
2022,2022-06-05,June Gateway,World Wide Technology Raceway,William Byron,24,19,24,200,0,Running,Chevrolet,19.6,15.67,1,0,2,4,4,21.0
2022,2022-06-05,June Gateway,World Wide Technology Raceway,Zane Smith,17,17,32,200,0,Running,Chevrolet,15.0,15.0,0,0,0,0,0,24.1
2023,2023-06-04,June Gateway,World Wide Technology Raceway,AJ Allmendinger,16,14,11,200,0,Running,Chevrolet,19.6,19.88,0,0,0,0,1,15.8
2023,2023-06-04,June Gateway,World Wide Technology Raceway,Alex Bowman,48,26,18,200,0,Running,Chevrolet,14.8,15.36,0,0,0,3,6,14.2
2023,2023-06-04,June Gateway,World Wide Technology Raceway,Aric Almirola,10,19,24,200,0,Running,Ford,20.6,20.82,0,0,0,0,1,19.8
2023,2023-06-04,June Gateway,World Wide Technology Raceway,Austin Cindric,2,13,10,200,0,Running,Ford,26.6,12.55,0,1,0,0,2,17.0
2023,2023-06-04,June Gateway,World Wide Technology Raceway,Austin Dillon,3,31,16,200,0,Running,Chevrolet,23.8,20.09,0,0,0,1,4,17.0
2023,2023-06-04,June Gateway,World Wide Technology Raceway,BJ McLeod,78,27,34,200,0,Running,Chevrolet,27.0,28.43,0,0,0,0,0,31.9
2023,2023-06-04,June Gateway,World Wide Technology Raceway,Brad Keselowski,6,28,19,200,0,Running,Ford,11.0,19.64,0,0,0,3,6,31.1
2023,2023-06-04,June Gateway,World Wide Technology Raceway,Bubba Wallace,23,30,20,200,0,Running,Toyota,10.6,26.0,0,0,0,4,5,14.8
2023,2023-06-04,June Gateway,World Wide Technology Raceway,Carson Hocevar,7,36,26,200,0,Running,Chevrolet,15.0,15.0,0,0,0,0,0,31.2
2023,2023-06-04,June Gateway,World Wide Technology Raceway,Chase Briscoe,14,34,25,200,0,Running,Ford,20.6,21.18,0,2,0,3,4,29.4
2023,2023-06-04,June Gateway,World Wide Technology Raceway,Chris Buescher,17,12,27,200,0,Running,Ford,9.4,19.7,0,0,0,2,6,20.0
2023,2023-06-04,June Gateway,World Wide Technology Raceway,Christopher Bell,20,11,17,200,0,Running,Toyota,17.6,17.27,0,1,1,5,8,18.0
2023,2023-06-04,June Gateway,World Wide Technology Raceway,Corey LaJoie,9,21,30,200,0,Running,Chevrolet,19.8,21.45,0,0,0,1,1,27.2
2023,2023-06-04,June Gateway,World Wide Technology Raceway,Daniel Suarez,99,7,13,200,0,Running,Chevrolet,23.2,13.27,0,0,0,1,4,7.4
2023,2023-06-04,June Gateway,World Wide Technology Raceway,Denny Hamlin,11,2,3,200,0,Running,Toyota,13.6,17.45,0,1,1,3,5,3.0
2023,2023-06-04,June Gateway,World Wide Technology Raceway,Erik Jones,43,18,31,200,0,Running,Chevrolet,20.0,12.18,0,0,0,0,2,22.8
2023,2023-06-04,June Gateway,World Wide Technology Raceway,Gray Gaulding,15,29,35,200,0,Running,Chevrolet,15.0,15.0,0,0,0,0,0,33.3
2023,2023-06-04,June Gateway,World Wide Technology Raceway,Harrison Burton,21,23,14,200,0,Running,Ford,22.0,23.27,0,0,0,0,1,19.8
2023,2023-06-04,June Gateway,World Wide Technology Raceway,JJ Yeley,51,24,36,200,0,Running,Chevrolet,22.8,25.67,0,0,0,0,0,30.3
2023,2023-06-04,June Gateway,World Wide Technology Raceway,Joey Logano,22,3,6,200,0,Running,Ford,21.2,13.64,2,1,1,3,6,6.0
2023,2023-06-04,June Gateway,World Wide Technology Raceway,Justin Haley,31,16,23,200,0,Running,Chevrolet,16.4,17.91,0,0,0,0,3,23.8
2023,2023-06-04,June Gateway,World Wide Technology Raceway,Kevin Harvick,4,10,4,200,0,Running,Ford,12.8,15.18,0,0,0,4,6,7.6
2023,2023-06-04,June Gateway,World Wide Technology Raceway,Kyle Busch,8,1,1,200,121,Running,Chevrolet,14.0,17.45,1,0,2,3,7,2.0
2023,2023-06-04,June Gateway,World Wide Technology Raceway,Kyle Larson,5,4,22,200,5,Running,Chevrolet,23.4,15.18,2,0,2,5,5,14.6
2023,2023-06-04,June Gateway,World Wide Technology Raceway,Martin Truex Jr,19,5,5,200,0,Running,Toyota,14.0,13.64,0,0,1,3,6,10.5
2023,2023-06-04,June Gateway,World Wide Technology Raceway,Michael McDowell,34,9,21,200,0,Running,Ford,28.8,16.27,0,0,0,0,1,18.0
2023,2023-06-04,June Gateway,World Wide Technology Raceway,Noah Gragson,42,33,32,200,0,Running,Chevrolet,31.4,25.0,0,0,0,0,0,28.4
2023,2023-06-04,June Gateway,World Wide Technology Raceway,Ricky Stenhouse Jr,47,32,12,200,0,Running,Chevrolet,12.6,20.64,0,0,1,2,5,11.9
2023,2023-06-04,June Gateway,World Wide Technology Raceway,Ross Chastain,1,22,8,200,0,Running,Chevrolet,16.0,8.36,1,0,0,5,6,13.3
2023,2023-06-04,June Gateway,World Wide Technology Raceway,Ryan Blaney,12,6,2,200,83,Running,Ford,6.2,12.91,0,1,1,4,8,2.6
2023,2023-06-04,June Gateway,World Wide Technology Raceway,Ryan Preece,41,17,29,200,0,Running,Ford,21.2,31.0,0,0,0,0,0,24.3
2023,2023-06-04,June Gateway,World Wide Technology Raceway,Todd Gilliland,38,15,28,200,0,Running,Ford,20.6,21.0,0,0,0,0,3,23.5
2023,2023-06-04,June Gateway,World Wide Technology Raceway,Ty Dillon,77,25,33,200,0,Running,Chevrolet,25.8,26.18,0,0,0,0,0,29.9
2023,2023-06-04,June Gateway,World Wide Technology Raceway,Ty Gibbs,54,20,15,200,0,Running,Toyota,24.0,15.0,0,0,0,0,4,18.5
2023,2023-06-04,June Gateway,World Wide Technology Raceway,Tyler Reddick,45,35,9,200,4,Running,Toyota,11.2,15.27,2,0,1,5,7,20.3
2023,2023-06-04,June Gateway,World Wide Technology Raceway,William Byron,24,8,7,200,30,Running,Chevrolet,3.4,21.0,1,1,3,7,8,6.8
2024,2024-06-02,June Gateway,World Wide Technology Raceway,Alex Bowman,48,28,14,200,0,Running,Chevrolet,7.4,18.28,0,0,0,4,9,18.93
2024,2024-06-02,June Gateway,World Wide Technology Raceway,Austin Cindric,2,1,2,200,53,Running,Ford,23.0,13.0,0,1,0,1,1,5.61
2024,2024-06-02,June Gateway,World Wide Technology Raceway,Austin Dillon,3,6,18,200,0,Running,Chevrolet,27.4,22.22,0,0,0,0,1,13.78
2024,2024-06-02,June Gateway,World Wide Technology Raceway,Brad Keselowski,6,3,7,200,17,Running,Ford,9.2,20.33,0,0,1,6,7,11.46
2024,2024-06-02,June Gateway,World Wide Technology Raceway,Bubba Wallace,23,21,8,200,0,Running,Toyota,20.6,23.28,0,0,0,3,5,16.01
2024,2024-06-02,June Gateway,World Wide Technology Raceway,Carson Hocevar,77,8,20,200,0,Running,Chevrolet,22.0,25.67,0,0,0,0,1,16.63
2024,2024-06-02,June Gateway,World Wide Technology Raceway,Chase Briscoe,14,17,23,200,0,Running,Ford,16.4,23.28,0,2,0,1,5,15.43
2024,2024-06-02,June Gateway,World Wide Technology Raceway,Chase Elliott,9,13,17,200,0,Running,Chevrolet,8.4,10.0,2,3,1,5,7,10.26
2024,2024-06-02,June Gateway,World Wide Technology Raceway,Chris Buescher,17,14,26,200,0,Running,Ford,19.4,16.24,0,0,0,2,6,22.23
2024,2024-06-02,June Gateway,World Wide Technology Raceway,Christopher Bell,20,7,4,200,80,Running,Toyota,18.4,16.0,0,1,2,4,7,4.3
2024,2024-06-02,June Gateway,World Wide Technology Raceway,Cody Ware,15,33,34,200,0,Running,Ford,28.4,28.45,0,0,0,0,0,34.17
2024,2024-06-02,June Gateway,World Wide Technology Raceway,Corey LaJoie,7,32,15,200,0,Running,Chevrolet,23.2,21.06,0,0,0,1,1,26.6
2024,2024-06-02,June Gateway,World Wide Technology Raceway,Daniel Hemric,31,18,28,200,0,Running,Chevrolet,19.8,21.33,0,0,0,0,2,22.88
2024,2024-06-02,June Gateway,World Wide Technology Raceway,Daniel Suarez,99,23,31,200,0,Running,Chevrolet,23.8,13.78,1,0,1,2,2,26.68
2024,2024-06-02,June Gateway,World Wide Technology Raceway,Denny Hamlin,11,2,6,200,0,Running,Toyota,10.4,14.5,0,3,3,6,7,10.64
2024,2024-06-02,June Gateway,World Wide Technology Raceway,Derek Kraus,16,30,25,200,0,Running,Chevrolet,30.75,15.0,0,0,0,0,0,27.46
2024,2024-06-02,June Gateway,World Wide Technology Raceway,Erik Jones,43,26,22,200,0,Running,Toyota,20.8,15.17,0,0,0,0,1,24.13
2024,2024-06-02,June Gateway,World Wide Technology Raceway,Harrison Burton,21,31,30,200,0,Running,Ford,25.2,24.0,0,0,0,0,1,24.75
2024,2024-06-02,June Gateway,World Wide Technology Raceway,Joey Logano,22,5,12,200,1,Running,Ford,20.8,13.67,2,1,0,1,3,10.6
2024,2024-06-02,June Gateway,World Wide Technology Raceway,John Hunter Nemechek,42,27,33,200,0,Running,Toyota,25.4,21.0,0,0,0,0,2,25.98
2024,2024-06-02,June Gateway,World Wide Technology Raceway,Josh Berry,4,36,29,200,0,Running,Ford,11.6,27.33,0,0,0,1,2,27.13
2024,2024-06-02,June Gateway,World Wide Technology Raceway,Justin Haley,51,9,21,200,0,Running,Chevrolet,21.2,18.28,0,0,0,0,1,19.5
2024,2024-06-02,June Gateway,World Wide Technology Raceway,Kyle Busch,8,35,10,200,15,Running,Chevrolet,16.2,13.22,2,1,0,2,5,20.79
2024,2024-06-02,June Gateway,World Wide Technology Raceway,Kyle Larson,5,10,13,200,7,Running,Chevrolet,15.8,16.17,2,0,2,6,6,13.1
2024,2024-06-02,June Gateway,World Wide Technology Raceway,Martin Truex Jr,19,34,19,200,1,Running,Toyota,11.0,13.67,0,0,0,4,7,24.59
2024,2024-06-02,June Gateway,World Wide Technology Raceway,Michael McDowell,34,25,1,200,40,Running,Ford,20.6,17.17,0,1,0,0,4,15.63
2024,2024-06-02,June Gateway,World Wide Technology Raceway,Noah Gragson,10,22,27,200,0,Running,Ford,14.0,28.36,0,0,0,1,5,23.45
2024,2024-06-02,June Gateway,World Wide Technology Raceway,Ricky Stenhouse Jr,47,20,24,200,0,Running,Chevrolet,21.8,20.67,0,0,0,1,2,19.03
2024,2024-06-02,June Gateway,World Wide Technology Raceway,Ross Chastain,1,12,16,200,0,Running,Chevrolet,12.6,11.33,2,1,0,1,5,16.68
2024,2024-06-02,June Gateway,World Wide Technology Raceway,Ryan Blaney,12,24,3,200,20,Running,Ford,22.8,13.83,0,1,0,4,5,6.18
2024,2024-06-02,June Gateway,World Wide Technology Raceway,Ryan Preece,41,29,32,200,0,Running,Ford,24.4,22.1,0,0,0,0,1,20.54
2024,2024-06-02,June Gateway,World Wide Technology Raceway,Todd Gilliland,38,16,35,200,6,Running,Ford,17.0,21.06,0,0,0,0,1,21.53
2024,2024-06-02,June Gateway,World Wide Technology Raceway,Ty Gibbs,54,11,9,200,0,Running,Toyota,14.4,14.09,0,0,0,4,8,13.98
2024,2024-06-02,June Gateway,World Wide Technology Raceway,Tyler Reddick,45,4,5,200,0,Running,Toyota,13.6,18.39,2,0,1,5,8,14.75
2024,2024-06-02,June Gateway,World Wide Technology Raceway,William Byron,24,15,11,200,0,Running,Chevrolet,14.4,15.44,4,2,3,5,9,17.29
2024,2024-06-02,June Gateway,World Wide Technology Raceway,Zane Smith,71,19,36,200,0,Running,Chevrolet,30.0,23.67,0,0,0,0,0,23.32
2025,2025-09-07,September Gateway,World Wide Technology Raceway,AJ Allmendinger,16,23,17,200,0,Running,Chevrolet,16.4,17.62,0,0,0,2,6,22.0
2025,2025-09-07,September Gateway,World Wide Technology Raceway,Alex Bowman,48,26,25,200,0,Running,Chevrolet,19.2,16.12,1,0,0,6,14,16.4
2025,2025-09-07,September Gateway,World Wide Technology Raceway,Austin Cindric,2,19,9,200,0,Running,Ford,16.8,15.53,1,1,1,2,5,13.7
2025,2025-09-07,September Gateway,World Wide Technology Raceway,Austin Dillon,3,18,15,200,0,Running,Chevrolet,14.6,22.28,0,0,1,1,5,24.8
2025,2025-09-07,September Gateway,World Wide Technology Raceway,Brad Keselowski,6,17,23,200,13,Running,Ford,15.2,20.06,0,0,0,4,8,14.7
2025,2025-09-07,September Gateway,World Wide Technology Raceway,Bubba Wallace,23,8,14,200,73,Running,Toyota,17.0,19.81,0,0,1,4,11,7.6
2025,2025-09-07,September Gateway,World Wide Technology Raceway,Carson Hocevar,77,15,27,200,0,Running,Chevrolet,16.8,16.47,0,0,0,2,7,19.8
2025,2025-09-07,September Gateway,World Wide Technology Raceway,Chase Briscoe,19,2,3,200,15,Running,Toyota,8.8,21.41,0,4,2,11,13,13.9
2025,2025-09-07,September Gateway,World Wide Technology Raceway,Chase Elliott,9,3,19,200,4,Running,Chevrolet,21.0,11.41,3,3,1,7,13,10.3
2025,2025-09-07,September Gateway,World Wide Technology Raceway,Chris Buescher,17,9,11,200,0,Running,Ford,14.4,15.58,1,0,0,4,14,12.5
2025,2025-09-07,September Gateway,World Wide Technology Raceway,Christopher Bell,20,7,8,200,0,Running,Toyota,16.4,14.91,2,1,3,9,14,7.6
2025,2025-09-07,September Gateway,World Wide Technology Raceway,Cody Ware,51,29,36,200,0,Running,Ford,30.0,28.86,0,0,0,0,0,32.2
2025,2025-09-07,September Gateway,World Wide Technology Raceway,Cole Custer,41,27,29,200,0,Running,Ford,22.4,23.11,0,0,0,1,2,27.0
2025,2025-09-07,September Gateway,World Wide Technology Raceway,Daniel Suarez,99,35,26,200,0,Running,Chevrolet,13.2,16.47,1,0,0,2,6,31.2
2025,2025-09-07,September Gateway,World Wide Technology Raceway,Denny Hamlin,11,1,1,200,75,Running,Toyota,18.2,15.81,0,4,4,11,14,5.5
2025,2025-09-07,September Gateway,World Wide Technology Raceway,Erik Jones,43,21,16,200,0,Running,Toyota,12.4,18.53,0,0,0,4,5,20.1
2025,2025-09-07,September Gateway,World Wide Technology Raceway,Joey Logano,22,5,13,200,2,Running,Ford,14.8,13.38,4,2,1,3,7,7.2
2025,2025-09-07,September Gateway,World Wide Technology Raceway,John Hunter Nemechek,42,6,20,200,0,Running,Toyota,20.8,23.0,0,0,0,2,7,11.3
2025,2025-09-07,September Gateway,World Wide Technology Raceway,Josh Berry,21,36,12,200,0,Running,Ford,20.6,27.12,0,0,1,2,5,32.6
2025,2025-09-07,September Gateway,World Wide Technology Raceway,Justin Haley,7,28,31,200,0,Running,Chevrolet,23.4,19.12,0,0,0,1,2,27.4
2025,2025-09-07,September Gateway,World Wide Technology Raceway,Kyle Busch,8,22,22,200,0,Running,Chevrolet,19.8,15.94,2,1,0,2,8,20.0
2025,2025-09-07,September Gateway,World Wide Technology Raceway,Kyle Larson,5,12,2,200,52,Running,Chevrolet,19.6,18.97,2,2,3,11,16,8.5
2025,2025-09-07,September Gateway,World Wide Technology Raceway,Michael McDowell,71,14,28,200,0,Running,Chevrolet,21.6,17.88,0,3,0,2,3,18.3
2025,2025-09-07,September Gateway,World Wide Technology Raceway,Noah Gragson,4,30,24,200,0,Running,Ford,25.8,25.36,0,0,0,1,3,19.6
2025,2025-09-07,September Gateway,World Wide Technology Raceway,Ricky Stenhouse Jr,47,20,34,200,0,Running,Chevrolet,28.8,20.81,0,0,0,1,3,25.0
2025,2025-09-07,September Gateway,World Wide Technology Raceway,Riley Herbst,35,31,33,200,0,Running,Toyota,30.6,24.78,0,0,0,0,0,24.8
2025,2025-09-07,September Gateway,World Wide Technology Raceway,Ross Chastain,1,24,4,200,0,Running,Chevrolet,13.2,12.81,2,2,1,3,10,14.2
2025,2025-09-07,September Gateway,World Wide Technology Raceway,Ryan Blaney,12,4,5,200,5,Running,Ford,6.4,13.47,2,3,2,10,14,8.3
2025,2025-09-07,September Gateway,World Wide Technology Raceway,Ryan Preece,60,13,32,200,0,Running,Ford,16.6,19.83,0,0,0,3,10,24.4
2025,2025-09-07,September Gateway,World Wide Technology Raceway,Shane van Gisbergen,88,25,18,200,0,Running,Chevrolet,18.8,15.92,4,2,4,4,5,24.1
2025,2025-09-07,September Gateway,World Wide Technology Raceway,Todd Gilliland,34,32,30,200,0,Running,Ford,24.8,20.94,0,0,0,0,3,28.2
2025,2025-09-07,September Gateway,World Wide Technology Raceway,Ty Dillon,10,34,35,200,0,Running,Chevrolet,28.2,26.75,0,0,0,0,1,31.0
2025,2025-09-07,September Gateway,World Wide Technology Raceway,Ty Gibbs,54,10,21,200,1,Running,Toyota,20.4,17.36,0,0,0,4,7,14.4
2025,2025-09-07,September Gateway,World Wide Technology Raceway,Tyler Reddick,45,16,7,200,0,Running,Toyota,17.0,15.03,2,1,0,6,10,17.0
2025,2025-09-07,September Gateway,World Wide Technology Raceway,William Byron,24,11,6,200,0,Running,Chevrolet,11.4,15.31,5,2,2,9,13,12.0
2025,2025-09-07,September Gateway,World Wide Technology Raceway,Zane Smith,38,33,10,200,0,Running,Chevrolet,21.6,19.29,0,0,0,0,3,18.6
2026,2026-04-19,April Kansas,Kansas Speedway,Tyler Reddick,45,1,1,71,10,Running,Toyota,20.0,20.0,0,0,0,0,0,2.77
2026,2026-04-19,April Kansas,Kansas Speedway,Kyle Larson,5,2,4,54,78,Running,Chevrolet,20.0,20.0,0,0,0,0,0,2.97
2026,2026-04-19,April Kansas,Kansas Speedway,Chase Briscoe,19,3,5,38,0,Running,Toyota,20.0,20.0,0,0,0,0,0,8.55
2026,2026-04-19,April Kansas,Kansas Speedway,Denny Hamlin,11,4,2,52,131,Running,Toyota,20.0,20.0,0,0,0,0,0,2.05
2026,2026-04-19,April Kansas,Kansas Speedway,Bubba Wallace,23,5,10,39,0,Running,Toyota,20.0,20.0,0,0,0,0,0,6.37
2026,2026-04-19,April Kansas,Kansas Speedway,Brad Keselowski,6,6,21,35,0,Running,Ford,20.0,20.0,0,0,0,0,0,11.2
2026,2026-04-19,April Kansas,Kansas Speedway,William Byron,24,7,14,30,0,Running,Chevrolet,20.0,20.0,0,0,0,0,0,13.54
2026,2026-04-19,April Kansas,Kansas Speedway,Chase Elliott,9,8,13,41,0,Running,Chevrolet,20.0,20.0,0,0,0,0,0,8.54
2026,2026-04-19,April Kansas,Kansas Speedway,Ty Gibbs,54,9,3,38,0,Running,Toyota,20.0,20.0,0,0,0,0,0,6.95
2026,2026-04-19,April Kansas,Kansas Speedway,Chris Buescher,17,10,7,29,1,Running,Ford,20.0,20.0,0,0,0,0,0,8.33
2026,2026-04-19,April Kansas,Kansas Speedway,Ryan Preece,60,11,12,26,0,Running,Ford,20.0,20.0,0,0,0,0,0,14.85
2026,2026-04-19,April Kansas,Kansas Speedway,Austin Cindric,2,12,34,25,0,Running,Ford,20.0,20.0,0,0,0,0,0,14.32
2026,2026-04-19,April Kansas,Kansas Speedway,Carson Hocevar,77,13,6,28,6,Running,Chevrolet,20.0,20.0,0,0,0,0,0,9.87
2026,2026-04-19,April Kansas,Kansas Speedway,Riley Herbst,35,14,22,23,0,Running,Toyota,20.0,20.0,0,0,0,0,0,14.5
2026,2026-04-19,April Kansas,Kansas Speedway,Corey Heim,67,15,24,0,0,Running,Toyota,20.0,20.0,0,0,0,0,0,15.05
2026,2026-04-19,April Kansas,Kansas Speedway,Austin Dillon,3,16,20,21,0,Running,Chevrolet,20.0,20.0,0,0,0,0,0,18.85
2026,2026-04-19,April Kansas,Kansas Speedway,Todd Gilliland,34,17,26,20,0,Running,Ford,20.0,20.0,0,0,0,0,0,19.5
2026,2026-04-19,April Kansas,Kansas Speedway,Alex Bowman,48,18,33,19,0,Running,Chevrolet,20.0,20.0,0,0,0,0,0,16.72
2026,2026-04-19,April Kansas,Kansas Speedway,Daniel Suarez,7,19,8,18,1,Running,Chevrolet,20.0,20.0,0,0,0,0,0,18.56
2026,2026-04-19,April Kansas,Kansas Speedway,Christopher Bell,20,20,11,30,47,Running,Toyota,20.0,20.0,0,0,0,0,0,6.18
2026,2026-04-19,April Kansas,Kansas Speedway,Ricky Stenhouse Jr,47,21,16,16,0,Running,Chevrolet,20.0,20.0,0,0,0,0,0,20.5
2026,2026-04-19,April Kansas,Kansas Speedway,John Hunter Nemechek,42,22,32,15,0,Running,Unknown,20.0,20.0,0,0,0,0,0,26.62
2026,2026-04-19,April Kansas,Kansas Speedway,Erik Jones,43,23,19,14,0,Running,Toyota,20.0,20.0,0,0,0,0,0,25.39
2026,2026-04-19,April Kansas,Kansas Speedway,Ryan Blaney,12,24,9,13,0,Running,Ford,20.0,20.0,0,0,0,0,0,18.66
2026,2026-04-19,April Kansas,Kansas Speedway,Cole Custer,41,25,29,12,0,Running,Chevrolet,20.0,20.0,0,0,0,0,0,27.05
2026,2026-04-19,April Kansas,Kansas Speedway,Ross Chastain,1,26,31,11,0,Running,Chevrolet,20.0,20.0,0,0,0,0,0,28.76
2026,2026-04-19,April Kansas,Kansas Speedway,Josh Berry,21,27,30,10,0,Running,Ford,20.0,20.0,0,0,0,0,0,27.58
2026,2026-04-19,April Kansas,Kansas Speedway,Noah Gragson,4,28,28,9,0,Running,Chevrolet,20.0,20.0,0,0,0,0,0,29.68
2026,2026-04-19,April Kansas,Kansas Speedway,Connor Zilisch,88,29,36,8,0,Running,Chevrolet,20.0,20.0,0,0,0,0,0,32.76
2026,2026-04-19,April Kansas,Kansas Speedway,Joey Logano,22,30,15,7,0,Running,Ford,20.0,20.0,0,0,0,0,0,27.36
2026,2026-04-19,April Kansas,Kansas Speedway,AJ Allmendinger,16,31,27,6,0,Running,Chevrolet,20.0,20.0,0,0,0,0,0,32.81
2026,2026-04-19,April Kansas,Kansas Speedway,Zane Smith,38,32,25,5,0,Running,Chevrolet,20.0,20.0,0,0,0,0,0,29.56
2026,2026-04-19,April Kansas,Kansas Speedway,Ty Dillon,10,33,37,4,0,Running,Chevrolet,20.0,20.0,0,0,0,0,0,32.53
2026,2026-04-19,April Kansas,Kansas Speedway,Michael McDowell,71,34,18,3,0,Running,Ford,20.0,20.0,0,0,0,0,0,29.15
2026,2026-04-19,April Kansas,Kansas Speedway,Kyle Busch,8,35,23,2,0,Running,Chevrolet,20.0,20.0,0,0,0,0,0,29.97
2026,2026-04-19,April Kansas,Kansas Speedway,Shane van Gisbergen,97,36,17,1,0,Running,Chevrolet,20.0,20.0,0,0,0,0,0,28.97
2026,2026-04-19,April Kansas,Kansas Speedway,Cody Ware,51,37,35,1,0,Running,Ford,20.0,20.0,0,0,0,0,0,36.02
2026,2026-04-26,April Talladega,Talladega Superspeedway,Carson Hocevar,77,1,12,0,19,Running,Unknown,20.0,20.0,0,0,0,0,0,17.79
2026,2026-04-26,April Talladega,Talladega Superspeedway,Chris Buescher,17,2,10,0,22,Running,Unknown,20.0,20.0,0,0,0,0,0,10.37
2026,2026-04-26,April Talladega,Talladega Superspeedway,Alex Bowman,48,3,20,0,0,Running,Unknown,20.0,20.0,0,0,0,0,0,13.05
2026,2026-04-26,April Talladega,Talladega Superspeedway,Chase Elliott,9,4,8,0,0,Running,Unknown,20.0,20.0,0,0,0,0,0,17.28
2026,2026-04-26,April Talladega,Talladega Superspeedway,Zane Smith,38,5,30,0,0,Running,Unknown,20.0,20.0,0,0,0,0,0,22.21
2026,2026-04-26,April Talladega,Talladega Superspeedway,Ricky Stenhouse Jr,47,6,22,0,0,Running,Unknown,20.0,20.0,0,0,0,0,0,17.28
2026,2026-04-26,April Talladega,Talladega Superspeedway,Ross Chastain,1,7,24,0,22,Running,Unknown,20.0,20.0,0,0,0,0,0,9.38
2026,2026-04-26,April Talladega,Talladega Superspeedway,Austin Cindric,2,8,13,0,0,Running,Unknown,20.0,20.0,0,0,0,0,0,22.23
2026,2026-04-26,April Talladega,Talladega Superspeedway,Noah Gragson,4,9,29,0,2,Running,Unknown,20.0,20.0,0,0,0,0,0,20.0
2026,2026-04-26,April Talladega,Talladega Superspeedway,Kyle Busch,8,10,34,0,0,Running,Unknown,20.0,20.0,0,0,0,0,0,15.0
2026,2026-04-26,April Talladega,Talladega Superspeedway,Todd Gilliland,34,11,19,0,0,Running,Unknown,20.0,20.0,0,0,0,0,0,14.43
2026,2026-04-26,April Talladega,Talladega Superspeedway,Daniel Suarez,7,12,16,0,0,Running,Unknown,20.0,20.0,0,0,0,0,0,20.0
2026,2026-04-26,April Talladega,Talladega Superspeedway,Ty Dillon,10,13,35,0,0,Running,Unknown,20.0,20.0,0,0,0,0,0,24.16
2026,2026-04-26,April Talladega,Talladega Superspeedway,Tyler Reddick,45,14,1,0,2,Running,Unknown,20.0,20.0,0,0,0,0,0,18.9
2026,2026-04-26,April Talladega,Talladega Superspeedway,Denny Hamlin,11,15,3,0,28,Running,Unknown,20.0,20.0,0,0,0,0,0,23.46
2026,2026-04-26,April Talladega,Talladega Superspeedway,AJ Allmendinger,16,16,28,0,0,Running,Unknown,20.0,20.0,0,0,0,0,0,19.21
2026,2026-04-26,April Talladega,Talladega Superspeedway,Christopher Bell,20,17,14,0,31,Running,Unknown,20.0,20.0,0,0,0,0,0,12.04
2026,2026-04-26,April Talladega,Talladega Superspeedway,Ryan Preece,60,18,11,0,21,Running,Unknown,20.0,20.0,0,0,0,0,0,10.11
2026,2026-04-26,April Talladega,Talladega Superspeedway,Austin Dillon,3,19,18,0,5,Running,Unknown,20.0,20.0,0,0,0,0,0,13.16
2026,2026-04-26,April Talladega,Talladega Superspeedway,Shane van Gisbergen,97,20,33,0,0,Running,Unknown,20.0,20.0,0,0,0,0,0,16.58
2026,2026-04-26,April Talladega,Talladega Superspeedway,Cody Ware,51,21,36,0,0,Running,Unknown,20.0,20.0,0,0,0,0,0,13.39
2026,2026-04-26,April Talladega,Talladega Superspeedway,John Hunter Nemechek,42,22,23,0,0,Running,Unknown,20.0,20.0,0,0,0,0,0,16.69
2026,2026-04-26,April Talladega,Talladega Superspeedway,Erik Jones,43,23,21,0,0,Running,Unknown,20.0,20.0,0,0,0,0,0,13.87
2026,2026-04-26,April Talladega,Talladega Superspeedway,Daniel Dye,78,24,40,0,0,Running,Unknown,20.0,20.0,0,0,0,0,0,30.35
2026,2026-04-26,April Talladega,Talladega Superspeedway,Riley Herbst,35,25,17,0,0,Running,Unknown,20.0,20.0,0,0,0,0,0,28.61
2026,2026-04-26,April Talladega,Talladega Superspeedway,Connor Zilisch,88,26,32,0,0,Running,Unknown,20.0,20.0,0,0,0,0,0,24.2
2026,2026-04-26,April Talladega,Talladega Superspeedway,Jesse Love,33,27,37,0,0,Running,Unknown,20.0,20.0,0,0,0,0,0,25.59
2026,2026-04-26,April Talladega,Talladega Superspeedway,Chad Finchum,66,28,38,0,8,Running,Unknown,20.0,20.0,0,0,0,0,0,28.24
2026,2026-04-26,April Talladega,Talladega Superspeedway,Chase Briscoe,19,29,5,0,3,Running,Unknown,20.0,20.0,0,0,0,0,0,26.11
2026,2026-04-26,April Talladega,Talladega Superspeedway,Joey Gase,44,30,39,0,0,Running,Unknown,20.0,20.0,0,0,0,0,0,35.95
2026,2026-04-26,April Talladega,Talladega Superspeedway,Brad Keselowski,6,31,6,0,0,Running,Unknown,20.0,20.0,0,0,0,0,0,21.89
2026,2026-04-26,April Talladega,Talladega Superspeedway,Michael McDowell,71,32,31,0,1,Running,Unknown,20.0,20.0,0,0,0,0,0,27.56
2026,2026-04-26,April Talladega,Talladega Superspeedway,Josh Berry,21,33,26,0,0,Running,Unknown,20.0,20.0,0,0,0,0,0,23.24
2026,2026-04-26,April Talladega,Talladega Superspeedway,Ty Gibbs,54,34,9,0,17,Running,Unknown,20.0,20.0,0,0,0,0,0,21.02
2026,2026-04-26,April Talladega,Talladega Superspeedway,William Byron,24,35,7,0,0,Running,Unknown,20.0,20.0,0,0,0,0,0,20.99
2026,2026-04-26,April Talladega,Talladega Superspeedway,Bubba Wallace,23,36,4,0,3,Running,Unknown,20.0,20.0,0,0,0,0,0,23.64
2026,2026-04-26,April Talladega,Talladega Superspeedway,Ryan Blaney,12,37,15,0,0,Running,Unknown,20.0,20.0,0,0,0,0,0,21.38
2026,2026-04-26,April Talladega,Talladega Superspeedway,Cole Custer,41,38,27,0,0,Running,Unknown,20.0,20.0,0,0,0,0,0,29.73
2026,2026-04-26,April Talladega,Talladega Superspeedway,Joey Logano,22,39,25,0,3,Running,Unknown,20.0,20.0,0,0,0,0,0,22.61
2026,2026-04-26,April Talladega,Talladega Superspeedway,Kyle Larson,5,40,2,0,0,Running,Unknown,20.0,20.0,0,0,0,0,0,28.3
2026,2026-02-22,February Atlanta,Echopark Speedway,Josh Berry,21,38,10,81,0,Accident,Ford,0.0,0.0,0,0,0,0,1,28.82
2026,2026-05-03,May Texas,Texas Motor Speedway,Chase Elliott,9,1,14,267,87,Running,Unknown,9.8,15.0,1,0,1,4,6,5.15
2026,2026-05-03,May Texas,Texas Motor Speedway,Denny Hamlin,11,2,4,267,21,Running,Unknown,4.8,20.75,0,0,1,4,6,5.01
2026,2026-05-03,May Texas,Texas Motor Speedway,Alex Bowman,48,3,9,267,0,Running,Unknown,20.2,28.25,0,0,0,1,1,11.52
2026,2026-05-03,May Texas,Texas Motor Speedway,Tyler Reddick,45,4,8,267,0,Running,Unknown,14.0,12.75,1,0,5,6,7,7.37
2026,2026-05-03,May Texas,Texas Motor Speedway,Chris Buescher,17,5,3,267,0,Running,Unknown,9.4,19.25,0,0,0,1,5,6.0
2026,2026-05-03,May Texas,Texas Motor Speedway,Daniel Suarez,7,6,2,267,0,Running,Unknown,19.2,8.75,0,0,0,1,2,8.87
2026,2026-05-03,May Texas,Texas Motor Speedway,Carson Hocevar,77,7,1,267,40,Running,Unknown,14.6,16.67,0,1,1,3,4,8.24
2026,2026-05-03,May Texas,Texas Motor Speedway,William Byron,24,8,15,267,0,Running,Unknown,15.2,6.0,1,0,0,2,5,14.19
2026,2026-05-03,May Texas,Texas Motor Speedway,Bubba Wallace,23,9,37,267,0,Running,Unknown,20.0,17.0,0,1,0,1,5,16.46
2026,2026-05-03,May Texas,Texas Motor Speedway,Ryan Blaney,12,10,31,267,5,Running,Unknown,19.0,17.0,0,0,1,3,6,19.33
2026,2026-05-03,May Texas,Texas Motor Speedway,Riley Herbst,35,11,18,267,1,Running,Unknown,21.6,14.0,0,0,0,0,1,15.56
2026,2026-05-03,May Texas,Texas Motor Speedway,Erik Jones,43,12,21,267,13,Running,Unknown,22.2,15.0,0,0,0,0,2,19.31
2026,2026-05-03,May Texas,Texas Motor Speedway,Brad Keselowski,6,13,25,267,4,Running,Unknown,17.0,11.25,0,1,0,2,4,18.01
2026,2026-05-03,May Texas,Texas Motor Speedway,Ryan Preece,60,14,20,267,0,Running,Unknown,17.6,21.33,0,0,0,0,2,17.74
2026,2026-05-03,May Texas,Texas Motor Speedway,Austin Cindric,2,15,13,267,0,Running,Unknown,10.6,23.0,0,0,0,1,3,13.97
2026,2026-05-03,May Texas,Texas Motor Speedway,Connor Zilisch,88,16,12,267,0,Running,Unknown,15.0,15.0,0,0,0,0,0,20.46
2026,2026-05-03,May Texas,Texas Motor Speedway,Shane van Gisbergen,97,17,30,267,0,Running,Unknown,16.8,22.0,0,0,0,1,2,21.35
2026,2026-05-03,May Texas,Texas Motor Speedway,Austin Dillon,3,18,38,267,0,Running,Unknown,18.0,17.0,0,0,0,0,0,25.15
2026,2026-05-03,May Texas,Texas Motor Speedway,Ricky Stenhouse Jr,47,19,22,267,0,Running,Unknown,25.0,16.25,0,0,0,1,1,15.21
2026,2026-05-03,May Texas,Texas Motor Speedway,Kyle Busch,8,20,6,267,0,Running,Unknown,20.6,24.75,0,0,0,0,1,9.76
2026,2026-05-03,May Texas,Texas Motor Speedway,John Hunter Nemechek,42,21,33,266,0,Running,Unknown,21.8,21.0,0,0,0,0,0,16.99
2026,2026-05-03,May Texas,Texas Motor Speedway,Zane Smith,38,22,34,266,0,Running,Unknown,21.2,22.33,0,0,0,1,3,23.88
2026,2026-05-03,May Texas,Texas Motor Speedway,Chase Briscoe,19,23,5,266,4,Running,Unknown,17.0,12.0,0,0,0,3,4,14.8
2026,2026-05-03,May Texas,Texas Motor Speedway,Ty Dillon,10,24,35,266,0,Running,Unknown,26.4,15.75,0,0,0,0,0,29.53
2026,2026-05-03,May Texas,Texas Motor Speedway,AJ Allmendinger,16,25,26,266,0,Running,Unknown,18.8,32.5,0,0,0,0,1,22.07
2026,2026-05-03,May Texas,Texas Motor Speedway,Ross Chastain,1,26,16,266,0,Running,Unknown,18.2,12.25,0,0,0,1,2,20.22
2026,2026-05-03,May Texas,Texas Motor Speedway,Michael McDowell,71,27,19,266,0,Running,Unknown,22.8,21.75,0,0,0,1,2,26.29
2026,2026-05-03,May Texas,Texas Motor Speedway,Noah Gragson,4,28,28,266,0,Running,Unknown,24.4,24.33,0,0,0,0,1,25.7
2026,2026-05-03,May Texas,Texas Motor Speedway,Josh Berry,21,29,24,266,0,Running,Unknown,34.0,34.0,0,0,0,0,2,23.84
2026,2026-05-03,May Texas,Texas Motor Speedway,Cody Ware,51,30,29,265,0,Running,Unknown,31.0,31.5,0,0,0,0,0,32.15
2026,2026-05-03,May Texas,Texas Motor Speedway,Corey Heim,67,31,17,254,69,Accident,Unknown,15.0,15.0,0,0,0,0,0,15.79
2026,2026-05-03,May Texas,Texas Motor Speedway,Todd Gilliland,34,32,32,254,0,Running,Unknown,18.2,26.25,0,0,0,0,1,31.19
2026,2026-05-03,May Texas,Texas Motor Speedway,Chad Finchum,66,33,36,223,0,Running,Unknown,15.0,15.0,0,0,0,0,0,35.65
2026,2026-05-03,May Texas,Texas Motor Speedway,Kyle Larson,5,34,11,180,0,Running,Unknown,13.6,16.25,0,1,0,3,6,24.94
2026,2026-05-03,May Texas,Texas Motor Speedway,Cole Custer,41,35,27,173,0,Running,Unknown,30.6,27.0,0,0,0,0,0,34.28
2026,2026-05-03,May Texas,Texas Motor Speedway,Ty Gibbs,54,36,10,110,1,Accident,Unknown,16.8,22.25,0,0,1,5,7,24.65
2026,2026-05-03,May Texas,Texas Motor Speedway,Joey Logano,22,37,23,95,0,Accident,Unknown,16.4,8.75,1,0,0,2,3,30.53
2026,2026-05-03,May Texas,Texas Motor Speedway,Christopher Bell,20,38,7,68,22,Accident,Unknown,12.4,16.0,0,0,0,3,4,29.82
2026,2026-05-10,May Watkins Glen,Watkins Glen International,Shane van Gisbergen,97,1,1,100,74,Running,Unknown,19.8,19.8,0,0,0,1,2,2.99
2026,2026-05-10,May Watkins Glen,Watkins Glen International,Michael McDowell,71,2,2,100,5,Running,Unknown,26.4,26.4,0,0,0,1,2,7.27
2026,2026-05-10,May Watkins Glen,Watkins Glen International,Ty Gibbs,54,3,10,100,17,Running,Unknown,20.0,20.0,0,0,1,5,7,5.0
2026,2026-05-10,May Watkins Glen,Watkins Glen International,Chase Briscoe,19,4,9,100,0,Running,Unknown,14.8,14.8,0,0,0,3,4,9.5
2026,2026-05-10,May Watkins Glen,Watkins Glen International,Tyler Reddick,45,5,15,100,0,Running,Unknown,7.8,7.8,0,0,5,7,8,10.92
2026,2026-05-10,May Watkins Glen,Watkins Glen International,Austin Dillon,3,6,25,100,0,Running,Unknown,15.4,15.4,0,0,0,0,0,10.93
2026,2026-05-10,May Watkins Glen,Watkins Glen International,AJ Allmendinger,16,7,12,100,0,Running,Unknown,21.8,21.8,0,0,0,0,1,15.44
2026,2026-05-10,May Watkins Glen,Watkins Glen International,Kyle Busch,8,8,21,100,0,Running,Unknown,24.4,24.4,0,0,0,0,1,11.73
2026,2026-05-10,May Watkins Glen,Watkins Glen International,Austin Cindric,2,9,3,100,0,Running,Unknown,11.0,11.0,0,0,0,1,3,10.39
2026,2026-05-10,May Watkins Glen,Watkins Glen International,John Hunter Nemechek,42,10,17,100,0,Running,Unknown,19.6,19.6,0,0,0,0,0,18.73
2026,2026-05-10,May Watkins Glen,Watkins Glen International,Ryan Blaney,12,11,7,100,0,Running,Unknown,19.8,19.8,0,0,1,3,7,15.99
2026,2026-05-10,May Watkins Glen,Watkins Glen International,Chris Buescher,17,12,14,100,0,Running,Unknown,8.0,8.0,0,0,0,2,6,11.35
2026,2026-05-10,May Watkins Glen,Watkins Glen International,Daniel Suarez,7,13,16,100,0,Running,Unknown,19.0,19.0,0,0,0,1,3,15.3
2026,2026-05-10,May Watkins Glen,Watkins Glen International,Ryan Preece,60,14,30,100,0,Running,Unknown,17.0,17.0,0,0,0,0,2,19.97
2026,2026-05-10,May Watkins Glen,Watkins Glen International,Cole Custer,41,15,19,100,0,Running,Unknown,30.8,30.8,0,0,0,0,0,18.54
2026,2026-05-10,May Watkins Glen,Watkins Glen International,Denny Hamlin,11,16,20,100,0,Running,Unknown,4.8,4.8,0,0,1,5,7,16.49
2026,2026-05-10,May Watkins Glen,Watkins Glen International,Todd Gilliland,34,17,22,100,0,Running,Unknown,21.6,21.6,0,0,0,0,1,21.6
2026,2026-05-10,May Watkins Glen,Watkins Glen International,Zane Smith,38,18,33,100,0,Running,Unknown,22.2,22.2,0,0,0,1,3,24.36
2026,2026-05-10,May Watkins Glen,Watkins Glen International,Erik Jones,43,19,24,100,0,Running,Unknown,21.0,21.0,0,0,0,0,2,19.69
2026,2026-05-10,May Watkins Glen,Watkins Glen International,Connor Zilisch,88,20,5,100,0,Running,Unknown,21.0,21.0,0,0,0,0,0,7.55
2026,2026-05-10,May Watkins Glen,Watkins Glen International,Christopher Bell,20,21,8,100,0,Running,Unknown,17.8,17.8,0,0,0,3,4,20.88
2026,2026-05-10,May Watkins Glen,Watkins Glen International,Noah Gragson,4,22,35,100,0,Running,Unknown,23.4,23.4,0,0,0,0,1,26.72
2026,2026-05-10,May Watkins Glen,Watkins Glen International,Kyle Larson,5,23,23,100,0,Running,Unknown,19.6,19.6,0,0,0,3,6,24.09
2026,2026-05-10,May Watkins Glen,Watkins Glen International,Chase Elliott,9,24,27,100,0,Running,Unknown,5.8,5.8,0,0,2,5,7,25.97
2026,2026-05-10,May Watkins Glen,Watkins Glen International,Alex Bowman,48,25,28,100,0,Running,Unknown,15.6,15.6,0,0,0,2,2,25.97
2026,2026-05-10,May Watkins Glen,Watkins Glen International,Riley Herbst,35,26,32,100,0,Running,Unknown,21.0,21.0,0,0,0,0,1,28.48
2026,2026-05-10,May Watkins Glen,Watkins Glen International,Ross Chastain,1,27,4,100,4,Running,Unknown,19.0,19.0,0,0,0,1,2,12.7
2026,2026-05-10,May Watkins Glen,Watkins Glen International,Carson Hocevar,77,28,11,100,0,Running,Unknown,8.8,8.8,0,0,1,3,5,17.53
2026,2026-05-10,May Watkins Glen,Watkins Glen International,Bubba Wallace,23,29,18,100,0,Running,Unknown,15.8,15.8,0,0,0,1,6,20.05
2026,2026-05-10,May Watkins Glen,Watkins Glen International,Brad Keselowski,6,30,26,100,0,Running,Unknown,14.0,14.0,0,0,0,2,4,31.98
2026,2026-05-10,May Watkins Glen,Watkins Glen International,Ricky Stenhouse Jr,47,31,29,100,0,Running,Unknown,17.2,17.2,0,0,0,1,2,29.32
2026,2026-05-10,May Watkins Glen,Watkins Glen International,Josh Berry,21,32,34,100,0,Running,Unknown,32.6,32.6,0,0,0,0,2,25.1
2026,2026-05-10,May Watkins Glen,Watkins Glen International,Ty Dillon,10,33,31,99,0,Running,Unknown,25.8,25.8,0,0,0,0,0,26.94
2026,2026-05-10,May Watkins Glen,Watkins Glen International,Josh Bilicki,66,34,37,99,0,Running,Unknown,15.0,15.0,0,0,0,0,0,32.74
2026,2026-05-10,May Watkins Glen,Watkins Glen International,Katherine Legge,78,35,38,99,0,Running,Unknown,29.0,29.0,0,0,0,0,0,35.79
2026,2026-05-10,May Watkins Glen,Watkins Glen International,William Byron,24,36,13,97,0,Running,Unknown,15.2,15.2,0,0,0,2,6,26.84
2026,2026-05-10,May Watkins Glen,Watkins Glen International,Cody Ware,51,37,36,90,0,Accident,Unknown,30.0,30.0,0,0,0,0,0,30.84
2026,2026-05-10,May Watkins Glen,Watkins Glen International,Joey Logano,22,38,6,85,0,Running,Unknown,23.2,23.2,0,0,0,2,3,25.4
2026,2026-05-24,May Charlotte,Charlotte Motor Speedway,Daniel Suarez,7,1,14,373,17,Running,Unknown,17.0,27.0,0,0,0,1,3,20.54
2026,2026-05-24,May Charlotte,Charlotte Motor Speedway,Christopher Bell,20,2,17,373,44,Running,Unknown,20.6,9.5,1,0,0,3,4,9.12
2026,2026-05-24,May Charlotte,Charlotte Motor Speedway,Denny Hamlin,11,3,11,373,75,Running,Unknown,7.6,14.25,1,1,1,5,7,4.0
2026,2026-05-24,May Charlotte,Charlotte Motor Speedway,Tyler Reddick,45,4,1,373,119,Running,Unknown,8.0,10.25,0,0,5,8,9,3.21
2026,2026-05-24,May Charlotte,Charlotte Motor Speedway,Kyle Larson,5,5,18,373,14,Running,Unknown,22.2,25.33,0,0,0,3,6,5.33
2026,2026-05-24,May Charlotte,Charlotte Motor Speedway,Ty Gibbs,54,6,2,373,17,Running,Unknown,18.4,18.67,0,1,1,6,8,4.4
2026,2026-05-24,May Charlotte,Charlotte Motor Speedway,Ryan Blaney,12,7,6,373,0,Running,Unknown,17.2,26.75,1,0,1,3,7,9.01
2026,2026-05-24,May Charlotte,Charlotte Motor Speedway,Joey Logano,22,8,33,373,0,Running,Unknown,29.8,18.0,0,0,0,2,3,15.44
2026,2026-05-24,May Charlotte,Charlotte Motor Speedway,William Byron,24,9,31,373,0,Running,Unknown,19.4,9.75,0,1,0,2,6,19.31
2026,2026-05-24,May Charlotte,Charlotte Motor Speedway,Zane Smith,38,10,19,373,31,Running,Unknown,22.0,27.33,0,0,0,1,3,14.45
2026,2026-05-24,May Charlotte,Charlotte Motor Speedway,Shane van Gisbergen,97,11,3,373,11,Running,Unknown,19.8,21.0,0,0,1,2,3,7.83
2026,2026-05-24,May Charlotte,Charlotte Motor Speedway,Ricky Stenhouse Jr,47,12,32,373,0,Running,Unknown,19.4,14.0,0,0,0,1,2,13.28
2026,2026-05-24,May Charlotte,Charlotte Motor Speedway,Erik Jones,43,13,21,373,0,Running,Unknown,19.6,19.5,0,0,0,0,2,14.72
2026,2026-05-24,May Charlotte,Charlotte Motor Speedway,Michael McDowell,71,14,4,373,3,Running,Unknown,21.8,14.75,0,0,0,2,3,18.64
2026,2026-05-24,May Charlotte,Charlotte Motor Speedway,Brad Keselowski,6,15,26,373,0,Running,Unknown,19.4,14.0,0,0,0,2,4,15.73
2026,2026-05-24,May Charlotte,Charlotte Motor Speedway,Cole Custer,41,16,22,373,0,Running,Unknown,28.0,21.0,0,0,0,0,0,19.99
2026,2026-05-24,May Charlotte,Charlotte Motor Speedway,Alex Bowman,48,17,29,373,0,Running,Unknown,15.0,15.0,0,0,0,2,2,26.68
2026,2026-05-24,May Charlotte,Charlotte Motor Speedway,AJ Allmendinger,16,18,10,373,0,Running,Unknown,20.4,9.0,0,0,0,0,2,17.99
2026,2026-05-24,May Charlotte,Charlotte Motor Speedway,Corey Heim,67,19,39,373,0,Running,Unknown,31.0,31.0,0,0,0,0,0,24.18
2026,2026-05-24,May Charlotte,Charlotte Motor Speedway,Todd Gilliland,34,20,20,373,0,Running,Unknown,21.8,21.0,0,0,0,0,1,27.72
2026,2026-05-24,May Charlotte,Charlotte Motor Speedway,Riley Herbst,35,21,30,372,0,Running,Unknown,21.4,28.0,0,0,0,0,1,24.68
2026,2026-05-24,May Charlotte,Charlotte Motor Speedway,Bubba Wallace,23,22,24,372,0,Running,Unknown,17.4,19.5,0,0,0,1,6,25.63
2026,2026-05-24,May Charlotte,Charlotte Motor Speedway,Carson Hocevar,77,23,23,372,4,Running,Unknown,12.8,27.5,0,0,1,3,5,25.83
2026,2026-05-24,May Charlotte,Charlotte Motor Speedway,Noah Gragson,4,24,28,372,0,Running,Unknown,23.4,27.0,0,0,0,0,1,26.68
2026,2026-05-24,May Charlotte,Charlotte Motor Speedway,Ty Dillon,10,25,35,372,0,Running,Unknown,27.4,23.75,0,0,0,0,0,27.89
2026,2026-05-24,May Charlotte,Charlotte Motor Speedway,John Hunter Nemechek,42,26,15,372,0,Running,Unknown,16.2,28.5,0,0,0,0,1,26.79
2026,2026-05-24,May Charlotte,Charlotte Motor Speedway,Austin Hill,33,27,13,372,0,Running,Unknown,15.0,15.0,0,0,0,0,0,25.55
2026,2026-05-24,May Charlotte,Charlotte Motor Speedway,Cody Ware,51,28,38,371,0,Running,Unknown,30.8,21.5,0,0,0,0,0,32.37
2026,2026-05-24,May Charlotte,Charlotte Motor Speedway,Josh Berry,21,29,34,371,0,Running,Unknown,31.8,11.0,0,0,0,0,2,20.18
2026,2026-05-24,May Charlotte,Charlotte Motor Speedway,Chris Buescher,17,30,7,367,0,Running,Unknown,7.6,19.75,0,0,0,2,6,12.94
2026,2026-05-24,May Charlotte,Charlotte Motor Speedway,Katherine Legge,78,31,37,361,0,Running,Unknown,32.6,32.6,0,0,0,0,0,35.6
2026,2026-05-24,May Charlotte,Charlotte Motor Speedway,Austin Dillon,3,32,9,338,0,Accident,Unknown,15.4,19.5,0,0,0,0,1,22.03
2026,2026-05-24,May Charlotte,Charlotte Motor Speedway,Ryan Preece,60,33,12,328,1,Accident,Unknown,14.0,21.25,0,0,0,0,2,13.07
2026,2026-05-24,May Charlotte,Charlotte Motor Speedway,Chase Briscoe,19,34,5,328,34,Accident,Unknown,12.2,13.0,0,1,0,4,5,7.59
2026,2026-05-24,May Charlotte,Charlotte Motor Speedway,Ross Chastain,1,35,27,317,3,Accident,Unknown,22.0,11.5,1,0,0,1,2,22.47
2026,2026-05-24,May Charlotte,Charlotte Motor Speedway,Timmy Hill,66,36,36,291,0,Fire,Unknown,35.75,35.75,0,0,0,0,0,35.75
2026,2026-05-24,May Charlotte,Charlotte Motor Speedway,Chase Elliott,9,37,16,89,0,Accident,Unknown,8.0,20.0,0,0,2,5,7,32.25
2026,2026-05-24,May Charlotte,Charlotte Motor Speedway,Austin Cindric,2,38,8,52,0,Accident,Unknown,12.6,29.0,0,0,0,1,4,33.93
2026,2026-05-24,May Charlotte,Charlotte Motor Speedway,Connor Zilisch,88,39,25,52,0,Accident,Unknown,20.67,20.67,0,0,0,0,0,37.21
2026,2026-05-31,May Nashville,Nashville SuperSpeedway,Denny Hamlin,11,1,1,300,57,Running,Unknown,8.0,8.0,0,0,1,6,8,13.87
2026,2026-05-31,May Nashville,Nashville SuperSpeedway,Christopher Bell,20,2,4,300,29,Running,Unknown,19.6,19.6,0,0,0,4,5,6.16
2026,2026-05-31,May Nashville,Nashville SuperSpeedway,Chase Briscoe,19,3,31,300,14,Running,Unknown,18.6,18.6,0,0,0,4,5,8.02
2026,2026-05-31,May Nashville,Nashville SuperSpeedway,Ricky Stenhouse Jr,47,4,15,300,0,Running,Unknown,17.8,17.8,0,0,0,1,2,20.75
2026,2026-05-31,May Nashville,Nashville SuperSpeedway,Shane van Gisbergen,97,5,10,300,12,Running,Unknown,17.0,17.0,0,0,1,2,3,9.74
2026,2026-05-31,May Nashville,Nashville SuperSpeedway,Tyler Reddick,45,6,2,300,42,Running,Unknown,5.6,5.6,0,0,5,9,10,6.11
2026,2026-05-31,May Nashville,Nashville SuperSpeedway,Chase Elliott,9,7,29,300,3,Running,Unknown,14.8,14.8,0,0,2,5,7,11.7
2026,2026-05-31,May Nashville,Nashville SuperSpeedway,Ryan Blaney,12,8,7,300,46,Running,Unknown,17.8,17.8,0,0,1,3,8,7.41
2026,2026-05-31,May Nashville,Nashville SuperSpeedway,Zane Smith,38,9,11,300,18,Running,Unknown,17.4,17.4,0,0,0,1,4,13.35
2026,2026-05-31,May Nashville,Nashville SuperSpeedway,Carson Hocevar,77,10,17,300,0,Running,Unknown,14.4,14.4,0,0,1,3,5,16.91
2026,2026-05-31,May Nashville,Nashville SuperSpeedway,Erik Jones,43,11,13,300,3,Running,Unknown,18.0,18.0,0,0,0,0,2,10.36
2026,2026-05-31,May Nashville,Nashville SuperSpeedway,Ty Dillon,10,12,30,300,0,Running,Unknown,25.6,25.6,0,0,0,0,0,24.46
2026,2026-05-31,May Nashville,Nashville SuperSpeedway,Ty Gibbs,54,13,6,300,1,Running,Unknown,17.6,17.6,0,0,1,6,9,11.31
2026,2026-05-31,May Nashville,Nashville SuperSpeedway,Joey Logano,22,14,9,300,1,Running,Unknown,30.4,30.4,0,0,0,2,4,16.04
2026,2026-05-31,May Nashville,Nashville SuperSpeedway,Michael McDowell,71,15,14,300,0,Running,Unknown,21.8,21.8,0,0,0,2,3,14.38
2026,2026-05-31,May Nashville,Nashville SuperSpeedway,Noah Gragson,4,16,26,299,0,Running,Unknown,22.2,22.2,0,0,0,0,1,24.46
2026,2026-05-31,May Nashville,Nashville SuperSpeedway,Riley Herbst,35,17,23,299,1,Running,Unknown,19.4,19.4,0,0,0,0,1,18.75
2026,2026-05-31,May Nashville,Nashville SuperSpeedway,Austin Dillon,3,18,32,299,0,Running,Unknown,18.2,18.2,0,0,0,0,1,25.89
2026,2026-05-31,May Nashville,Nashville SuperSpeedway,Daniel Suarez,7,19,3,299,10,Running,Unknown,10.2,10.2,0,0,1,2,4,15.61
2026,2026-05-31,May Nashville,Nashville SuperSpeedway,Todd Gilliland,34,20,21,299,0,Running,Unknown,19.4,19.4,0,0,0,0,1,22.66
2026,2026-05-31,May Nashville,Nashville SuperSpeedway,Cole Custer,41,21,20,299,0,Running,Unknown,25.8,25.8,0,0,0,0,0,23.91
2026,2026-05-31,May Nashville,Nashville SuperSpeedway,Cody Ware,51,22,34,299,0,Running,Unknown,30.6,30.6,0,0,0,0,0,30.41
2026,2026-05-31,May Nashville,Nashville SuperSpeedway,Kyle Larson,5,23,5,299,56,Running,Unknown,20.8,20.8,0,0,0,4,7,5.95
2026,2026-05-31,May Nashville,Nashville SuperSpeedway,John Hunter Nemechek,42,24,27,298,0,Running,Unknown,20.2,20.2,0,0,0,0,1,22.73
2026,2026-05-31,May Nashville,Nashville SuperSpeedway,Corey Heim,67,25,24,298,0,Running,Unknown,24.6,24.6,0,0,0,0,0,19.73
2026,2026-05-31,May Nashville,Nashville SuperSpeedway,Austin Cindric,2,26,36,296,0,Running,Unknown,16.4,16.4,0,0,0,1,4,25.35
2026,2026-05-31,May Nashville,Nashville SuperSpeedway,Austin Hill,33,27,25,293,0,Running,Unknown,26.4,26.4,0,0,0,0,0,25.74
2026,2026-05-31,May Nashville,Nashville SuperSpeedway,Chad Finchum,66,28,37,289,0,Running,Unknown,34.8,34.8,0,0,0,0,0,33.61
2026,2026-05-31,May Nashville,Nashville SuperSpeedway,Chris Buescher,17,29,22,286,0,Accident,Unknown,11.8,11.8,0,0,0,2,6,20.6
2026,2026-05-31,May Nashville,Nashville SuperSpeedway,William Byron,24,30,8,231,0,Accident,Unknown,19.0,19.0,0,0,0,2,7,18.22
2026,2026-05-31,May Nashville,Nashville SuperSpeedway,Josh Berry,21,31,33,214,0,Accident,Unknown,32.2,32.2,0,0,0,0,2,26.94
2026,2026-05-31,May Nashville,Nashville SuperSpeedway,Bubba Wallace,23,32,18,203,0,Accident,Unknown,20.2,20.2,0,0,0,1,6,19.75
2026,2026-05-31,May Nashville,Nashville SuperSpeedway,Alex Bowman,48,33,19,203,0,Accident,Unknown,13.2,13.2,0,0,0,2,2,21.26
2026,2026-05-31,May Nashville,Nashville SuperSpeedway,Brad Keselowski,6,34,12,192,0,Accident,Unknown,19.0,19.0,0,0,0,2,4,21.8
2026,2026-05-31,May Nashville,Nashville SuperSpeedway,AJ Allmendinger,16,35,16,172,7,Accident,Unknown,19.4,19.4,0,0,0,0,2,23.35
2026,2026-05-31,May Nashville,Nashville SuperSpeedway,Ryan Preece,60,36,28,90,0,Radiator,Unknown,18.0,18.0,0,0,0,0,2,34.65
2026,2026-05-31,May Nashville,Nashville SuperSpeedway,Ross Chastain,1,37,35,81,0,Accident,Unknown,24.2,24.2,0,0,0,1,2,33.24
2026,2026-05-31,May Nashville,Nashville SuperSpeedway,Connor Zilisch,88,38,38,71,0,Accident,Unknown,29.2,29.2,0,0,0,0,0,35.84
2026,2026-06-07,June Michigan,Michigan International Speedway,Denny Hamlin,11,1,1,200,40,Running,Unknown,7.4,4.0,1,1,2,7,9,14.37
2026,2026-06-07,June Michigan,Michigan International Speedway,Erik Jones,43,2,10,200,0,Running,Unknown,15.6,11.25,0,0,0,0,2,11.72
2026,2026-06-07,June Michigan,Michigan International Speedway,Bubba Wallace,23,3,13,200,9,Running,Unknown,25.6,12.5,0,1,0,1,6,5.51
2026,2026-06-07,June Michigan,Michigan International Speedway,Kyle Larson,5,4,7,200,4,Running,Unknown,25.0,12.75,0,0,0,4,7,5.18
2026,2026-06-07,June Michigan,Michigan International Speedway,Carson Hocevar,77,5,2,200,21,Running,Unknown,13.8,19.5,0,0,1,3,6,5.09
2026,2026-06-07,June Michigan,Michigan International Speedway,Daniel Suarez,7,6,11,200,10,Running,Unknown,10.2,13.25,0,0,1,2,4,7.02
2026,2026-06-07,June Michigan,Michigan International Speedway,Joey Logano,22,7,18,200,0,Running,Unknown,27.2,18.25,0,0,0,2,4,9.68
2026,2026-06-07,June Michigan,Michigan International Speedway,Ryan Blaney,12,8,19,200,0,Running,Unknown,14.6,16.0,0,0,1,3,9,14.52
2026,2026-06-07,June Michigan,Michigan International Speedway,Chris Buescher,17,9,14,200,0,Running,Unknown,15.6,6.25,1,0,0,2,6,16.27
2026,2026-06-07,June Michigan,Michigan International Speedway,Chase Briscoe,19,10,5,200,0,Running,Unknown,18.6,26.25,0,1,0,5,6,19.2
2026,2026-06-07,June Michigan,Michigan International Speedway,Austin Cindric,2,11,31,200,0,Running,Unknown,19.2,27.0,0,0,0,1,4,17.67
2026,2026-06-07,June Michigan,Michigan International Speedway,Cole Custer,41,12,15,200,0,Running,Unknown,25.0,30.33,0,0,0,0,0,18.75
2026,2026-06-07,June Michigan,Michigan International Speedway,Riley Herbst,35,13,12,200,0,Running,Unknown,20.0,25.0,0,0,0,0,1,12.47
2026,2026-06-07,June Michigan,Michigan International Speedway,John Hunter Nemechek,42,14,17,200,0,Running,Unknown,20.6,31.5,0,0,0,0,1,17.34
2026,2026-06-07,June Michigan,Michigan International Speedway,Josh Berry,21,15,37,200,0,Running,Unknown,31.8,22.67,0,0,0,0,2,23.66
2026,2026-06-07,June Michigan,Michigan International Speedway,Ross Chastain,1,16,32,200,1,Running,Unknown,26.4,15.5,0,0,0,1,2,19.34
2026,2026-06-07,June Michigan,Michigan International Speedway,AJ Allmendinger,16,17,25,200,0,Running,Unknown,20.2,24.33,0,0,0,0,2,22.17
2026,2026-06-07,June Michigan,Michigan International Speedway,William Byron,24,18,9,200,7,Running,Unknown,23.6,19.25,0,0,0,2,7,14.38
2026,2026-06-07,June Michigan,Michigan International Speedway,Alex Bowman,48,19,29,200,0,Running,Unknown,16.2,26.25,0,0,0,2,2,22.32
2026,2026-06-07,June Michigan,Michigan International Speedway,Austin Hill,33,20,28,200,0,Running,Unknown,26.2,23.0,0,0,0,0,0,25.18
2026,2026-06-07,June Michigan,Michigan International Speedway,JJ Yeley,44,21,36,199,2,Running,Unknown,30.6,31.0,0,0,0,0,0,29.0
2026,2026-06-07,June Michigan,Michigan International Speedway,Todd Gilliland,34,22,35,199,0,Running,Unknown,20.0,31.25,0,0,0,0,1,29.23
2026,2026-06-07,June Michigan,Michigan International Speedway,Cody Ware,51,23,33,198,0,Running,Unknown,27.6,23.0,0,0,0,0,0,28.46
2026,2026-06-07,June Michigan,Michigan International Speedway,Ty Dillon,10,24,24,196,0,Running,Unknown,21.4,19.33,0,0,0,0,0,19.5
2026,2026-06-07,June Michigan,Michigan International Speedway,Ty Gibbs,54,25,4,187,6,Accident,Unknown,18.4,6.75,0,0,1,6,9,18.07
2026,2026-06-07,June Michigan,Michigan International Speedway,Michael McDowell,71,26,20,158,0,Accident,Unknown,18.0,25.25,0,0,0,2,3,22.96
2026,2026-06-07,June Michigan,Michigan International Speedway,Noah Gragson,4,27,22,156,0,Accident,Unknown,19.8,23.0,0,0,0,0,1,17.94
2026,2026-06-07,June Michigan,Michigan International Speedway,Ryan Preece,60,28,27,155,0,Accident,Unknown,23.0,14.0,0,0,0,0,2,24.84
2026,2026-06-07,June Michigan,Michigan International Speedway,Ricky Stenhouse Jr,47,29,23,154,0,Accident,Unknown,14.4,21.75,0,0,0,2,3,22.86
2026,2026-06-07,June Michigan,Michigan International Speedway,Shane van Gisbergen,97,30,30,154,0,Accident,Unknown,10.8,18.0,0,0,1,3,4,26.9
2026,2026-06-07,June Michigan,Michigan International Speedway,Christopher Bell,20,31,8,147,0,Accident,Unknown,16.0,22.5,0,1,0,5,6,18.93
2026,2026-06-07,June Michigan,Michigan International Speedway,Chase Elliott,9,32,6,147,67,Accident,Unknown,14.6,19.25,0,0,2,5,8,10.78
2026,2026-06-07,June Michigan,Michigan International Speedway,Zane Smith,38,33,16,141,0,Accident,Unknown,12.8,7.0,0,0,0,1,5,16.57
2026,2026-06-07,June Michigan,Michigan International Speedway,Brad Keselowski,6,34,26,89,0,Accident,Unknown,24.6,8.5,0,0,0,2,4,28.12
2026,2026-06-07,June Michigan,Michigan International Speedway,Tyler Reddick,45,35,3,83,33,Accident,Unknown,6.6,18.25,1,0,5,9,11,22.07
2026,2026-06-07,June Michigan,Michigan International Speedway,Austin Dillon,3,36,21,82,0,Accident,Unknown,18.6,17.0,0,0,0,0,1,28.02
2026,2026-06-07,June Michigan,Michigan International Speedway,Connor Zilisch,88,37,34,8,0,Accident,Unknown,30.8,30.8,0,0,0,0,0,36.92
2026,2026-06-14,June Pocono,Pocono Raceway,Denny Hamlin,11,1,1,160,28,Running,Unknown,4.6,10.0,1,2,3,8,10,4.45
2026,2026-06-14,June Pocono,Pocono Raceway,Tyler Reddick,45,2,16,160,24,Running,Unknown,10.8,10.5,0,0,5,9,11,8.33
2026,2026-06-14,June Pocono,Pocono Raceway,William Byron,24,3,9,160,0,Running,Unknown,20.2,14.25,0,1,0,2,7,7.63
2026,2026-06-14,June Pocono,Pocono Raceway,John Hunter Nemechek,42,4,8,160,42,Running,Unknown,19.0,17.0,0,0,0,0,1,7.23
2026,2026-06-14,June Pocono,Pocono Raceway,Kyle Larson,5,5,2,160,24,Running,Unknown,17.8,11.25,0,0,0,5,8,8.67
2026,2026-06-14,June Pocono,Pocono Raceway,Erik Jones,43,6,7,160,1,Running,Unknown,11.4,11.25,0,0,0,1,3,8.34
2026,2026-06-14,June Pocono,Pocono Raceway,Chris Buescher,17,7,6,160,0,Running,Unknown,17.0,15.5,0,0,0,2,7,12.53
2026,2026-06-14,June Pocono,Pocono Raceway,Ross Chastain,1,8,24,160,0,Running,Unknown,28.2,26.75,0,0,0,1,2,13.58
2026,2026-06-14,June Pocono,Pocono Raceway,Ty Gibbs,54,9,4,160,0,Running,Unknown,16.6,15.5,0,1,1,6,9,12.38
2026,2026-06-14,June Pocono,Pocono Raceway,Ryan Blaney,12,10,10,160,3,Running,Unknown,8.8,16.75,1,0,1,3,10,11.68
2026,2026-06-14,June Pocono,Pocono Raceway,Chase Elliott,9,11,23,160,9,Running,Unknown,20.2,6.25,1,0,2,5,8,10.74
2026,2026-06-14,June Pocono,Pocono Raceway,Chase Briscoe,19,12,5,160,4,Running,Unknown,14.8,15.0,1,0,0,5,7,8.31
2026,2026-06-14,June Pocono,Pocono Raceway,Daniel Suarez,7,13,3,160,0,Running,Unknown,9.0,17.5,0,0,1,2,5,10.32
2026,2026-06-14,June Pocono,Pocono Raceway,Austin Cindric,2,14,17,160,1,Running,Unknown,19.8,20.5,0,0,0,1,4,16.62
2026,2026-06-14,June Pocono,Pocono Raceway,Ricky Stenhouse Jr,47,15,21,160,0,Running,Unknown,19.0,22.0,0,0,0,2,3,18.77
2026,2026-06-14,June Pocono,Pocono Raceway,Riley Herbst,35,16,25,160,0,Running,Unknown,17.6,37.0,0,0,0,0,1,19.82
2026,2026-06-14,June Pocono,Pocono Raceway,Michael McDowell,71,17,13,160,0,Running,Unknown,16.8,21.0,0,0,0,2,3,15.81
2026,2026-06-14,June Pocono,Pocono Raceway,Austin Hill,33,18,14,160,0,Running,Unknown,26.0,26.0,0,0,0,0,0,18.96
2026,2026-06-14,June Pocono,Pocono Raceway,Todd Gilliland,34,19,29,160,6,Running,Unknown,22.2,25.5,0,0,0,0,1,23.99
2026,2026-06-14,June Pocono,Pocono Raceway,Carson Hocevar,77,20,26,160,0,Running,Unknown,14.6,17.5,0,0,1,4,7,15.16
2026,2026-06-14,June Pocono,Pocono Raceway,Bubba Wallace,23,21,38,160,0,Running,Unknown,19.0,16.25,0,0,0,2,7,24.27
2026,2026-06-14,June Pocono,Pocono Raceway,AJ Allmendinger,16,22,19,160,0,Running,Unknown,20.4,19.67,0,0,0,0,2,20.95
2026,2026-06-14,June Pocono,Pocono Raceway,Connor Zilisch,88,23,28,160,0,Running,Unknown,31.8,31.8,0,0,0,0,0,30.41
2026,2026-06-14,June Pocono,Pocono Raceway,Cole Custer,41,24,15,160,0,Running,Unknown,19.8,21.33,0,0,0,0,0,19.56
2026,2026-06-14,June Pocono,Pocono Raceway,Austin Dillon,3,25,32,160,0,Running,Unknown,22.0,22.75,0,0,0,0,1,23.11
2026,2026-06-14,June Pocono,Pocono Raceway,Christopher Bell,20,26,22,160,18,Running,Unknown,18.8,9.75,0,0,0,5,6,16.55
2026,2026-06-14,June Pocono,Pocono Raceway,Alex Bowman,48,27,12,160,0,Running,Unknown,19.4,12.25,0,0,0,2,2,22.07
2026,2026-06-14,June Pocono,Pocono Raceway,Ryan Preece,60,28,35,159,0,Running,Unknown,25.0,23.0,0,0,0,0,2,19.07
2026,2026-06-14,June Pocono,Pocono Raceway,Daniel Dye,78,29,34,159,0,Running,Unknown,24.0,24.0,0,0,0,0,0,28.95
2026,2026-06-14,June Pocono,Pocono Raceway,Cody Ware,51,30,33,159,0,Running,Unknown,28.0,27.0,0,0,0,0,0,27.41
2026,2026-06-14,June Pocono,Pocono Raceway,Shane van Gisbergen,97,31,31,158,0,Running,Unknown,12.8,31.0,0,0,1,3,4,30.43
2026,2026-06-14,June Pocono,Pocono Raceway,Ty Dillon,10,32,27,158,0,Running,Unknown,23.6,27.67,0,0,0,0,0,31.61
2026,2026-06-14,June Pocono,Pocono Raceway,Josh Berry,21,33,20,157,0,Running,Unknown,27.2,16.0,0,0,0,0,2,29.18
2026,2026-06-14,June Pocono,Pocono Raceway,Joey Logano,22,34,11,156,0,Running,Unknown,20.8,19.0,0,0,0,2,5,28.89
2026,2026-06-14,June Pocono,Pocono Raceway,Noah Gragson,4,35,30,107,0,Ignition,Unknown,23.4,26.5,0,0,0,0,1,34.88
2026,2026-06-14,June Pocono,Pocono Raceway,Casey Mears,62,36,36,105,0,Accident,Unknown,30.8,30.8,0,0,0,0,0,33.6
2026,2026-06-14,June Pocono,Pocono Raceway,Zane Smith,38,37,18,66,0,Handling,Unknown,18.4,27.0,0,0,0,1,5,31.99
2026,2026-06-14,June Pocono,Pocono Raceway,Brad Keselowski,6,38,37,46,0,Accident,Unknown,25.2,11.5,0,0,0,2,4,34.77
2026,2026-06-21,June San Diego,Naval Base Coronado,Corey Heim,67,1,13,75,3,Running,Unknown,27.0,27.0,0,0,0,0,0,11.35
2026,2026-06-21,June San Diego,Naval Base Coronado,Bubba Wallace,23,2,12,75,2,Running,Unknown,21.4,21.4,0,0,0,2,7,16.96
2026,2026-06-21,June San Diego,Naval Base Coronado,Kyle Larson,5,3,14,75,11,Running,Unknown,12.0,12.0,0,0,0,6,9,6.45
2026,2026-06-21,June San Diego,Naval Base Coronado,Zane Smith,38,4,4,75,3,Running,Unknown,21.4,21.4,0,0,0,1,5,9.89
2026,2026-06-21,June San Diego,Naval Base Coronado,AJ Allmendinger,16,5,15,75,0,Running,Unknown,19.8,19.8,0,0,0,0,2,12.09
2026,2026-06-21,June San Diego,Naval Base Coronado,Chris Buescher,17,6,16,75,7,Running,Unknown,17.4,17.4,0,0,0,2,8,8.33
2026,2026-06-21,June San Diego,Naval Base Coronado,Ross Chastain,1,7,23,75,0,Running,Unknown,24.6,24.6,0,0,0,1,3,14.92
2026,2026-06-21,June San Diego,Naval Base Coronado,Riley Herbst,35,8,24,75,3,Running,Unknown,18.6,18.6,0,0,0,0,1,11.49
2026,2026-06-21,June San Diego,Naval Base Coronado,Ryan Blaney,12,9,3,75,12,Running,Unknown,8.8,8.8,0,0,1,3,11,8.8
2026,2026-06-21,June San Diego,Naval Base Coronado,Michael McDowell,71,10,9,75,0,Running,Unknown,14.8,14.8,0,0,0,2,3,15.07
2026,2026-06-21,June San Diego,Naval Base Coronado,Ryan Preece,60,11,7,75,5,Running,Unknown,27.8,27.8,0,0,0,0,2,10.8
2026,2026-06-21,June San Diego,Naval Base Coronado,Chase Elliott,9,12,30,75,0,Running,Unknown,22.2,22.2,0,0,2,5,8,23.57
2026,2026-06-21,June San Diego,Naval Base Coronado,Daniel Suarez,7,13,6,75,0,Running,Unknown,10.4,10.4,0,0,1,2,5,16.27
2026,2026-06-21,June San Diego,Naval Base Coronado,Denny Hamlin,11,14,26,75,0,Running,Unknown,4.4,4.4,0,0,4,9,11,17.67
2026,2026-06-21,June San Diego,Naval Base Coronado,Ty Gibbs,54,15,11,75,0,Running,Unknown,11.2,11.2,0,0,1,6,10,14.67
2026,2026-06-21,June San Diego,Naval Base Coronado,John Hunter Nemechek,42,16,28,75,0,Running,Unknown,15.6,15.6,0,0,0,1,2,19.37
2026,2026-06-21,June San Diego,Naval Base Coronado,Chase Briscoe,19,17,22,75,0,Running,Unknown,12.6,12.6,0,0,0,5,7,16.51
2026,2026-06-21,June San Diego,Naval Base Coronado,Joey Logano,22,18,19,75,0,Running,Unknown,20.2,20.2,0,0,0,2,5,14.84
2026,2026-06-21,June San Diego,Naval Base Coronado,Carson Hocevar,77,19,2,75,4,Running,Unknown,17.2,17.2,0,0,1,4,7,12.48
2026,2026-06-21,June San Diego,Naval Base Coronado,Erik Jones,43,20,38,75,0,Running,Unknown,10.2,10.2,0,0,0,1,4,26.11
2026,2026-06-21,June San Diego,Naval Base Coronado,Todd Gilliland,34,21,5,75,0,Running,Unknown,19.6,19.6,0,0,0,0,1,16.75
2026,2026-06-21,June San Diego,Naval Base Coronado,Austin Cindric,2,22,31,75,0,Running,Unknown,19.6,19.6,0,0,0,1,4,26.97
2026,2026-06-21,June San Diego,Naval Base Coronado,Cody Ware,51,23,39,75,0,Running,Unknown,28.0,28.0,0,0,0,0,0,28.12
2026,2026-06-21,June San Diego,Naval Base Coronado,Austin Dillon,3,24,18,75,0,Running,Unknown,23.4,23.4,0,0,0,0,1,25.15
2026,2026-06-21,June San Diego,Naval Base Coronado,Tyler Reddick,45,25,17,75,9,Running,Unknown,10.4,10.4,0,0,5,10,12,16.73
2026,2026-06-21,June San Diego,Naval Base Coronado,Alex Bowman,48,26,20,75,0,Running,Unknown,24.2,24.2,0,0,0,2,2,19.15
2026,2026-06-21,June San Diego,Naval Base Coronado,Kevin Magnussen,91,27,21,75,0,Running,Unknown,15.0,15.0,0,0,0,0,0,23.67
2026,2026-06-21,June San Diego,Naval Base Coronado,Jimmie Johnson,84,28,36,75,0,Running,Unknown,31.4,31.4,0,0,0,0,0,30.87
2026,2026-06-21,June San Diego,Naval Base Coronado,Josh Berry,21,29,35,75,0,Running,Unknown,28.0,28.0,0,0,0,0,2,28.24
2026,2026-06-21,June San Diego,Naval Base Coronado,Ty Dillon,10,30,34,74,0,Running,Unknown,25.2,25.2,0,0,0,0,0,29.4
2026,2026-06-21,June San Diego,Naval Base Coronado,Cole Custer,41,31,25,72,0,Running,Unknown,17.6,17.6,0,0,0,0,0,21.47
2026,2026-06-21,June San Diego,Naval Base Coronado,William Byron,24,32,27,68,0,Running,Unknown,19.2,19.2,0,0,0,3,8,23.68
2026,2026-06-21,June San Diego,Naval Base Coronado,Ricky Stenhouse Jr,47,33,33,59,0,Radiator,Unknown,18.2,18.2,0,0,0,2,3,30.25
2026,2026-06-21,June San Diego,Naval Base Coronado,Brad Keselowski,6,34,29,59,0,Running,Unknown,30.2,30.2,0,0,0,2,4,28.68
2026,2026-06-21,June San Diego,Naval Base Coronado,Noah Gragson,4,35,32,37,0,Accident,Unknown,24.8,24.8,0,0,0,0,1,32.32
2026,2026-06-21,June San Diego,Naval Base Coronado,Austin Hill,33,36,10,31,1,Accident,Unknown,25.0,25.0,0,0,0,0,0,25.51
2026,2026-06-21,June San Diego,Naval Base Coronado,Connor Zilisch,88,37,8,31,8,Accident,Unknown,31.2,31.2,0,0,0,0,0,26.37
2026,2026-06-21,June San Diego,Naval Base Coronado,Shane van Gisbergen,97,38,1,31,7,Accident,Unknown,15.6,15.6,0,0,1,3,4,24.88
2026,2026-06-21,June San Diego,Naval Base Coronado,Christopher Bell,20,39,37,28,0,Engine,Unknown,16.4,16.4,0,0,0,5,6,34.19
2026,2026-06-28,June Sonoma,Sonoma Raceway,Shane van Gisbergen,97,1,6,110,74,Running,Unknown,23.0,1.0,1,1,1,3,4,2.1
2026,2026-06-28,June Sonoma,Sonoma Raceway,Chase Briscoe,19,2,7,110,0,Running,Unknown,15.2,19.5,0,0,0,5,7,4.2
2026,2026-06-28,June Sonoma,Sonoma Raceway,Ty Gibbs,54,3,1,110,31,Running,Unknown,13.6,20.67,0,0,1,6,10,6.9
2026,2026-06-28,June Sonoma,Sonoma Raceway,Kyle Larson,5,4,3,110,2,Running,Unknown,8.0,14.75,1,1,0,7,10,4.3
2026,2026-06-28,June Sonoma,Sonoma Raceway,Christopher Bell,20,5,14,110,0,Running,Unknown,20.0,12.5,0,0,0,5,6,10.8
2026,2026-06-28,June Sonoma,Sonoma Raceway,Ryan Blaney,12,6,16,110,1,Running,Unknown,8.4,20.0,0,0,1,3,12,7.2
2026,2026-06-28,June Sonoma,Sonoma Raceway,Connor Zilisch,88,7,17,110,0,Running,Unknown,32.8,32.8,0,0,0,0,0,8.7
2026,2026-06-28,June Sonoma,Sonoma Raceway,Ryan Preece,60,8,19,110,0,Running,Unknown,27.2,14.33,0,0,0,0,2,14.2
2026,2026-06-28,June Sonoma,Sonoma Raceway,Michael McDowell,71,9,4,110,0,Running,Unknown,16.4,4.0,0,0,0,2,4,9.9
2026,2026-06-28,June Sonoma,Sonoma Raceway,Alex Bowman,48,10,22,110,0,Running,Unknown,24.4,16.25,0,0,0,2,2,16.9
2026,2026-06-28,June Sonoma,Sonoma Raceway,Carson Hocevar,77,11,2,110,0,Running,Unknown,15.4,24.5,0,0,1,4,7,12.9
2026,2026-06-28,June Sonoma,Sonoma Raceway,William Byron,24,12,13,110,1,Running,Unknown,18.4,15.25,0,0,0,3,8,9.7
2026,2026-06-28,June Sonoma,Sonoma Raceway,Austin Cindric,2,13,23,110,0,Running,Unknown,22.2,20.5,0,0,0,1,4,16.8
2026,2026-06-28,June Sonoma,Sonoma Raceway,Ross Chastain,1,14,5,110,1,Running,Unknown,20.6,11.5,0,0,0,1,4,13.5
2026,2026-06-28,June Sonoma,Sonoma Raceway,Brad Keselowski,6,15,35,110,0,Running,Unknown,31.0,12.5,0,0,0,2,4,19.3
2026,2026-06-28,June Sonoma,Sonoma Raceway,AJ Allmendinger,16,16,8,110,0,Running,Unknown,19.4,12.25,0,0,0,1,3,14.1
2026,2026-06-28,June Sonoma,Sonoma Raceway,Chase Elliott,9,17,18,110,0,Running,Unknown,19.8,5.0,0,0,2,5,8,16.8
2026,2026-06-28,June Sonoma,Sonoma Raceway,Zane Smith,38,18,24,110,0,Running,Unknown,18.6,25.67,0,0,0,2,6,19.9
2026,2026-06-28,June Sonoma,Sonoma Raceway,Chris Buescher,17,19,15,110,0,Running,Unknown,16.2,6.25,0,0,0,2,9,22.3
2026,2026-06-28,June Sonoma,Sonoma Raceway,Cole Custer,41,20,27,110,0,Running,Unknown,20.8,22.0,0,0,0,0,0,24.0
2026,2026-06-28,June Sonoma,Sonoma Raceway,Ricky Stenhouse Jr,47,21,33,110,0,Running,Unknown,18.6,23.5,0,0,0,2,3,24.4
2026,2026-06-28,June Sonoma,Sonoma Raceway,Bubba Wallace,23,22,26,110,0,Running,Unknown,16.0,24.75,0,0,0,3,8,24.8
2026,2026-06-28,June Sonoma,Sonoma Raceway,Erik Jones,43,23,32,110,0,Running,Unknown,10.4,25.5,0,0,0,1,4,24.8
2026,2026-06-28,June Sonoma,Sonoma Raceway,Joey Logano,22,24,10,110,0,Running,Unknown,16.2,12.5,0,1,0,2,5,19.4
2026,2026-06-28,June Sonoma,Sonoma Raceway,John Hunter Nemechek,42,25,20,110,0,Running,Unknown,16.8,28.5,0,0,0,1,2,23.6
2026,2026-06-28,June Sonoma,Sonoma Raceway,Denny Hamlin,11,26,9,110,0,Running,Unknown,4.0,31.25,0,1,4,9,11,17.4
2026,2026-06-28,June Sonoma,Sonoma Raceway,Austin Dillon,3,27,30,110,0,Running,Unknown,27.0,21.75,0,0,0,0,1,29.2
2026,2026-06-28,June Sonoma,Sonoma Raceway,Josh Berry,21,28,28,110,0,Running,Unknown,27.4,22.5,0,0,0,0,2,26.3
2026,2026-06-28,June Sonoma,Sonoma Raceway,Todd Gilliland,34,29,29,110,0,Running,Unknown,20.4,20.0,0,0,0,0,1,26.8
2026,2026-06-28,June Sonoma,Sonoma Raceway,Riley Herbst,35,30,25,110,0,Running,Unknown,15.0,25.0,0,0,0,0,2,26.2
2026,2026-06-28,June Sonoma,Sonoma Raceway,Daniel Suarez,7,31,21,110,0,Running,Unknown,10.4,12.75,1,0,1,2,5,28.4
2026,2026-06-28,June Sonoma,Sonoma Raceway,Noah Gragson,4,32,34,110,0,Running,Unknown,27.4,31.5,0,0,0,0,1,30.9
2026,2026-06-28,June Sonoma,Sonoma Raceway,Cody Ware,51,33,36,109,0,Running,Unknown,25.2,33.0,0,0,0,0,0,32.1
2026,2026-06-28,June Sonoma,Sonoma Raceway,Austin Hill,33,34,12,109,0,Running,Unknown,27.8,27.8,0,0,0,0,0,22.1
2026,2026-06-28,June Sonoma,Sonoma Raceway,Ty Dillon,10,35,31,109,0,Running,Unknown,24.6,21.0,0,0,0,0,0,23.5
2026,2026-06-28,June Sonoma,Sonoma Raceway,Tyler Reddick,45,36,11,106,0,Running,Unknown,14.4,20.5,0,0,5,10,12,31.8
2026,2026-07-05,July Chicagoland,Chicagoland Speedway,Chase Briscoe,19,1,7,267,51,Running,Unknown,8.8,22.67,0,1,0,6,8,4.7
2026,2026-07-05,July Chicagoland,Chicagoland Speedway,Christopher Bell,20,2,6,267,1,Running,Unknown,20.6,17.56,1,0,0,6,7,8.0
2026,2026-07-05,July Chicagoland,Chicagoland Speedway,Denny Hamlin,11,3,1,267,30,Running,Unknown,8.6,19.0,0,0,4,9,11,5.0
2026,2026-07-05,July Chicagoland,Chicagoland Speedway,William Byron,24,4,10,267,94,Running,Unknown,19.0,20.22,2,0,0,3,8,3.2
2026,2026-07-05,July Chicagoland,Chicagoland Speedway,Alex Bowman,48,5,12,267,0,Running,Unknown,23.0,18.44,0,0,0,2,3,11.5
2026,2026-07-05,July Chicagoland,Chicagoland Speedway,Bubba Wallace,23,6,8,267,35,Running,Unknown,16.0,16.89,0,0,0,3,8,6.0
2026,2026-07-05,July Chicagoland,Chicagoland Speedway,Ryan Blaney,12,7,14,267,8,Running,Unknown,8.2,10.78,0,1,1,3,13,10.6
2026,2026-07-05,July Chicagoland,Chicagoland Speedway,Ty Gibbs,54,8,5,267,0,Running,Unknown,13.0,21.86,0,0,1,7,11,8.4
2026,2026-07-05,July Chicagoland,Chicagoland Speedway,Corey Heim,67,9,28,267,1,Running,Unknown,21.4,21.4,0,0,1,1,1,17.0
2026,2026-07-05,July Chicagoland,Chicagoland Speedway,Riley Herbst,35,10,18,267,0,Running,Unknown,16.8,26.0,0,0,0,0,2,11.9
2026,2026-07-05,July Chicagoland,Chicagoland Speedway,Chase Elliott,9,11,9,267,0,Running,Unknown,15.8,9.38,2,1,2,5,8,10.5
2026,2026-07-05,July Chicagoland,Chicagoland Speedway,Joey Logano,22,12,31,267,1,Running,Unknown,19.4,16.44,2,2,0,2,5,20.3
2026,2026-07-05,July Chicagoland,Chicagoland Speedway,Austin Cindric,2,13,23,267,18,Running,Unknown,17.2,18.22,0,0,0,1,4,11.9
2026,2026-07-05,July Chicagoland,Chicagoland Speedway,Daniel Suarez,7,14,26,267,0,Running,Unknown,16.4,12.89,1,0,1,2,5,17.7
2026,2026-07-05,July Chicagoland,Chicagoland Speedway,Erik Jones,43,15,22,267,0,Running,Unknown,12.4,16.44,0,0,0,1,4,16.6
2026,2026-07-05,July Chicagoland,Chicagoland Speedway,Todd Gilliland,34,16,29,267,1,Running,Unknown,22.2,21.67,0,0,0,0,1,21.4
2026,2026-07-05,July Chicagoland,Chicagoland Speedway,AJ Allmendinger,16,17,11,266,0,Running,Unknown,19.0,11.4,0,0,0,1,3,19.4
2026,2026-07-05,July Chicagoland,Chicagoland Speedway,Ross Chastain,1,18,19,266,0,Running,Unknown,16.4,12.89,0,0,0,1,4,17.6
2026,2026-07-05,July Chicagoland,Chicagoland Speedway,Chris Buescher,17,19,3,266,0,Running,Unknown,14.0,21.0,0,0,0,2,9,12.6
2026,2026-07-05,July Chicagoland,Chicagoland Speedway,Ty Dillon,10,20,27,266,0,Running,Unknown,26.6,22.71,0,0,0,0,0,24.5
2026,2026-07-05,July Chicagoland,Chicagoland Speedway,Brad Keselowski,6,21,4,266,0,Running,Unknown,31.0,16.44,0,0,0,2,4,18.5
2026,2026-07-05,July Chicagoland,Chicagoland Speedway,Carson Hocevar,77,22,15,266,0,Running,Unknown,13.0,10.2,0,0,1,4,7,23.0
2026,2026-07-05,July Chicagoland,Chicagoland Speedway,John Hunter Nemechek,42,23,17,266,0,Running,Unknown,16.6,21.8,0,0,0,1,2,17.5
2026,2026-07-05,July Chicagoland,Chicagoland Speedway,Austin Dillon,3,24,25,266,0,Running,Unknown,26.0,24.22,0,0,0,0,1,23.1
2026,2026-07-05,July Chicagoland,Chicagoland Speedway,Shane van Gisbergen,97,25,30,266,0,Running,Unknown,21.0,21.25,0,0,2,4,5,28.4
2026,2026-07-05,July Chicagoland,Chicagoland Speedway,Ricky Stenhouse Jr,47,26,24,266,0,Running,Unknown,20.4,17.33,0,0,0,2,3,21.3
2026,2026-07-05,July Chicagoland,Chicagoland Speedway,Noah Gragson,4,27,32,266,0,Running,Unknown,29.0,28.78,0,0,0,0,1,27.3
2026,2026-07-05,July Chicagoland,Chicagoland Speedway,Zane Smith,38,28,16,266,0,Running,Unknown,20.2,16.2,0,0,0,2,6,26.1
2026,2026-07-05,July Chicagoland,Chicagoland Speedway,Michael McDowell,71,29,38,266,0,Running,Unknown,15.4,16.11,0,2,0,2,5,28.8
2026,2026-07-05,July Chicagoland,Chicagoland Speedway,Cody Ware,51,30,37,266,0,Running,Unknown,26.2,25.57,0,0,0,0,0,31.0
2026,2026-07-05,July Chicagoland,Chicagoland Speedway,Cole Custer,41,31,33,266,2,Running,Unknown,21.6,25.33,0,0,0,0,0,26.7
2026,2026-07-05,July Chicagoland,Chicagoland Speedway,Ryan Preece,60,32,20,266,0,Running,Unknown,22.2,18.29,0,0,0,0,3,30.8
2026,2026-07-05,July Chicagoland,Chicagoland Speedway,Josh Berry,21,33,34,265,0,Running,Unknown,27.2,28.33,0,0,0,0,2,27.3
2026,2026-07-05,July Chicagoland,Chicagoland Speedway,Kyle Larson,5,34,2,265,23,Running,Unknown,7.8,25.67,0,0,0,8,11,24.0
2026,2026-07-05,July Chicagoland,Chicagoland Speedway,JJ Yeley,44,35,36,256,2,Running,Unknown,29.4,24.8,0,0,0,0,0,32.4
2026,2026-07-05,July Chicagoland,Chicagoland Speedway,Tyler Reddick,45,36,13,237,0,Running,Unknown,20.8,16.56,1,1,5,10,12,22.4
2026,2026-07-05,July Chicagoland,Chicagoland Speedway,Austin Hill,33,37,35,47,0,Accident,Unknown,27.0,37.0,0,0,0,0,0,35.9
2026,2026-07-05,July Chicagoland,Chicagoland Speedway,Connor Zilisch,88,38,21,0,0,Accident,Unknown,28.4,20.5,0,0,0,0,1,38.0
2026,2026-07-12,July Atlanta,Echopark Speedway,Ryan Blaney,12,1,1,263,171,Running,Unknown,8.0,10.4,0,1,1,3,14,3.0
2026,2026-07-12,July Atlanta,Echopark Speedway,Christopher Bell,20,2,32,263,5,Running,Unknown,20.6,16.0,1,0,0,7,8,8.2
2026,2026-07-12,July Atlanta,Echopark Speedway,Carson Hocevar,77,3,14,263,25,Running,Unknown,15.4,12.17,0,0,1,4,7,10.6
2026,2026-07-12,July Atlanta,Echopark Speedway,Ty Gibbs,54,4,23,263,32,Running,Unknown,12.0,20.12,0,0,1,7,12,11.3
2026,2026-07-12,July Atlanta,Echopark Speedway,Erik Jones,43,5,11,263,0,Running,Unknown,13.2,16.3,0,0,0,1,4,10.5
2026,2026-07-12,July Atlanta,Echopark Speedway,Shane van Gisbergen,97,6,12,263,0,Running,Unknown,25.0,22.0,0,0,2,4,5,11.6
2026,2026-07-12,July Atlanta,Echopark Speedway,Austin Dillon,3,7,4,263,0,Running,Unknown,27.2,24.2,0,0,0,0,1,15.8
2026,2026-07-12,July Atlanta,Echopark Speedway,Tyler Reddick,45,8,31,263,8,Running,Unknown,26.8,18.5,1,1,5,10,12,7.4
2026,2026-07-12,July Atlanta,Echopark Speedway,Joey Logano,22,9,2,263,0,Running,Unknown,19.0,16.0,2,2,0,2,5,9.3
2026,2026-07-12,July Atlanta,Echopark Speedway,Chris Buescher,17,10,13,263,0,Running,Unknown,12.0,20.8,0,0,0,2,9,17.2
2026,2026-07-12,July Atlanta,Echopark Speedway,Ross Chastain,1,11,9,263,0,Running,Unknown,12.6,13.4,0,0,0,1,4,22.9
2026,2026-07-12,July Atlanta,Echopark Speedway,Denny Hamlin,11,12,28,263,0,Running,Unknown,9.0,17.4,0,1,4,10,12,13.7
2026,2026-07-12,July Atlanta,Echopark Speedway,Chase Elliott,9,13,7,263,5,Running,Unknown,16.6,9.56,2,1,2,5,8,10.4
2026,2026-07-12,July Atlanta,Echopark Speedway,Austin Cindric,2,14,8,263,0,Running,Unknown,14.6,17.7,0,0,0,1,4,10.5
2026,2026-07-12,July Atlanta,Echopark Speedway,Michael McDowell,71,15,18,263,0,Running,Unknown,18.2,17.4,0,2,0,2,5,16.5
2026,2026-07-12,July Atlanta,Echopark Speedway,William Byron,24,16,26,263,0,Running,Unknown,13.8,18.6,2,0,0,4,9,15.7
2026,2026-07-12,July Atlanta,Echopark Speedway,Cole Custer,41,17,33,263,0,Running,Unknown,23.6,26.14,0,0,0,0,0,29.3
2026,2026-07-12,July Atlanta,Echopark Speedway,John Hunter Nemechek,42,18,24,263,0,Running,Unknown,16.4,22.0,0,0,0,1,2,18.4
2026,2026-07-12,July Atlanta,Echopark Speedway,Todd Gilliland,34,19,21,263,0,Running,Unknown,21.4,21.1,0,0,0,0,1,33.2
2026,2026-07-12,July Atlanta,Echopark Speedway,Ty Dillon,10,20,16,263,0,Running,Unknown,28.2,22.38,0,0,0,0,0,21.1
2026,2026-07-12,July Atlanta,Echopark Speedway,Daniel Suarez,7,21,5,263,0,Running,Unknown,15.4,13.0,1,0,1,2,5,14.6
2026,2026-07-12,July Atlanta,Echopark Speedway,Alex Bowman,48,22,6,263,0,Running,Unknown,17.4,17.1,0,0,0,3,4,20.6
2026,2026-07-12,July Atlanta,Echopark Speedway,Ricky Stenhouse Jr,47,23,15,263,0,Running,Unknown,24.8,18.2,0,0,0,2,3,27.8
2026,2026-07-12,July Atlanta,Echopark Speedway,Ryan Preece,60,24,19,263,1,Running,Unknown,21.4,20.0,0,0,0,0,3,27.1
2026,2026-07-12,July Atlanta,Echopark Speedway,Josh Berry,21,25,17,263,1,Running,Unknown,27.6,29.0,0,0,0,0,2,23.8
2026,2026-07-12,July Atlanta,Echopark Speedway,Brad Keselowski,6,26,10,263,0,Running,Unknown,28.4,16.9,0,0,0,2,4,30.7
2026,2026-07-12,July Atlanta,Echopark Speedway,Noah Gragson,4,27,36,263,0,Running,Unknown,31.2,28.6,0,0,0,0,1,35.3
2026,2026-07-12,July Atlanta,Echopark Speedway,Connor Zilisch,88,28,25,263,0,Running,Unknown,28.4,26.33,0,0,0,0,1,22.3
2026,2026-07-12,July Atlanta,Echopark Speedway,Bubba Wallace,23,29,22,263,11,Running,Unknown,10.8,15.8,0,0,0,3,9,8.0
2026,2026-07-12,July Atlanta,Echopark Speedway,Zane Smith,38,30,34,262,0,Running,Unknown,24.0,18.17,0,0,0,2,6,29.8
2026,2026-07-12,July Atlanta,Echopark Speedway,Austin Hill,33,31,30,261,0,Running,Unknown,29.0,37.0,0,0,0,0,0,20.9
2026,2026-07-12,July Atlanta,Echopark Speedway,Cody Ware,51,32,35,259,0,Running,Unknown,27.8,26.12,0,0,0,0,0,36.2
2026,2026-07-12,July Atlanta,Echopark Speedway,Chad Finchum,66,33,38,259,0,Running,Unknown,32.8,32.8,0,0,0,0,0,36.3
2026,2026-07-12,July Atlanta,Echopark Speedway,Kyle Larson,5,34,3,258,4,Running,Unknown,10.0,26.5,0,0,0,8,11,8.4
2026,2026-07-12,July Atlanta,Echopark Speedway,Riley Herbst,35,35,29,255,0,Accident,Unknown,15.4,22.0,0,0,0,0,3,19.9
2026,2026-07-12,July Atlanta,Echopark Speedway,Chase Briscoe,19,36,20,254,0,Accident,Unknown,8.4,20.5,1,1,1,7,9,18.0
2026,2026-07-12,July Atlanta,Echopark Speedway,AJ Allmendinger,16,37,27,230,0,Accident,Unknown,15.4,12.33,0,0,0,1,3,27.4
2026,2026-07-12,July Atlanta,Echopark Speedway,BJ McLeod,78,38,37,105,0,Mechanical,Unknown,26.6,25.89,0,0,0,0,0,37.6
2026,2026-07-19,July North Wilkesboro,North Wilkesboro Speedway,Joey Logano,22,1,11,450,323,Running,Unknown,19.4,19.4,0,0,0,2,6,2.2
2026,2026-07-19,July North Wilkesboro,North Wilkesboro Speedway,Denny Hamlin,11,2,7,450,9,Running,Unknown,11.2,11.2,0,0,4,10,12,3.4
2026,2026-07-19,July North Wilkesboro,North Wilkesboro Speedway,Chase Briscoe,19,3,30,450,5,Running,Unknown,13.6,13.6,0,0,1,7,9,7.8
2026,2026-07-19,July North Wilkesboro,North Wilkesboro Speedway,Ty Gibbs,54,4,2,450,47,Running,Unknown,7.8,7.8,0,0,1,8,13,11.8
2026,2026-07-19,July North Wilkesboro,North Wilkesboro Speedway,Shane van Gisbergen,97,5,8,450,49,Running,Unknown,20.2,20.2,0,0,2,4,6,4.5
2026,2026-07-19,July North Wilkesboro,North Wilkesboro Speedway,Bubba Wallace,23,6,26,450,8,Running,Unknown,16.0,16.0,0,0,0,3,9,8.8
2026,2026-07-19,July North Wilkesboro,North Wilkesboro Speedway,Brad Keselowski,6,7,23,449,7,Running,Unknown,26.8,26.8,0,0,0,2,4,11.7
2026,2026-07-19,July North Wilkesboro,North Wilkesboro Speedway,Todd Gilliland,34,8,18,449,0,Running,Unknown,20.8,20.8,0,0,0,0,1,11.4
2026,2026-07-19,July North Wilkesboro,North Wilkesboro Speedway,Daniel Suarez,7,9,17,449,1,Running,Unknown,18.4,18.4,0,0,1,2,5,12.3
2026,2026-07-19,July North Wilkesboro,North Wilkesboro Speedway,Ryan Preece,60,10,21,449,0,Running,Unknown,20.6,20.6,0,0,0,0,3,15.1
2026,2026-07-19,July North Wilkesboro,North Wilkesboro Speedway,Ryan Blaney,12,11,1,448,1,Running,Unknown,6.6,6.6,0,0,2,4,15,10.9
2026,2026-07-19,July North Wilkesboro,North Wilkesboro Speedway,William Byron,24,12,15,448,0,Running,Unknown,13.4,13.4,0,0,0,4,9,15.3
2026,2026-07-19,July North Wilkesboro,North Wilkesboro Speedway,Carson Hocevar,77,13,4,448,0,Running,Unknown,15.0,15.0,0,0,1,5,8,7.2
2026,2026-07-19,July North Wilkesboro,North Wilkesboro Speedway,Austin Cindric,2,14,14,448,0,Running,Unknown,15.2,15.2,0,0,0,1,4,15.8
2026,2026-07-19,July North Wilkesboro,North Wilkesboro Speedway,Kyle Larson,5,15,27,448,0,Running,Unknown,16.0,16.0,0,0,0,8,11,22.2
2026,2026-07-19,July North Wilkesboro,North Wilkesboro Speedway,Ty Dillon,10,16,22,448,0,Running,Unknown,27.4,27.4,0,0,0,0,0,17.5
2026,2026-07-19,July North Wilkesboro,North Wilkesboro Speedway,Chase Elliott,9,17,10,447,0,Running,Unknown,12.8,12.8,0,0,2,5,8,14.3
2026,2026-07-19,July North Wilkesboro,North Wilkesboro Speedway,Riley Herbst,35,18,34,447,0,Running,Unknown,19.8,19.8,0,0,0,0,3,24.7
2026,2026-07-19,July North Wilkesboro,North Wilkesboro Speedway,Christopher Bell,20,19,3,447,0,Running,Unknown,14.8,14.8,0,0,0,8,9,18.4
2026,2026-07-19,July North Wilkesboro,North Wilkesboro Speedway,Chris Buescher,17,20,9,447,0,Running,Unknown,12.2,12.2,0,0,0,2,10,19.9
2026,2026-07-19,July North Wilkesboro,North Wilkesboro Speedway,Erik Jones,43,21,6,447,0,Running,Unknown,13.8,13.8,0,0,0,2,5,12.3
2026,2026-07-19,July North Wilkesboro,North Wilkesboro Speedway,Zane Smith,38,22,29,447,0,Running,Unknown,23.4,23.4,0,0,0,2,6,26.8
2026,2026-07-19,July North Wilkesboro,North Wilkesboro Speedway,Austin Dillon,3,23,12,446,0,Running,Unknown,21.4,21.4,0,0,0,0,2,16.8
2026,2026-07-19,July North Wilkesboro,North Wilkesboro Speedway,Michael McDowell,71,24,16,446,0,Running,Unknown,16.0,16.0,0,0,0,2,5,20.0
2026,2026-07-19,July North Wilkesboro,North Wilkesboro Speedway,Noah Gragson,4,25,31,446,0,Running,Unknown,31.2,31.2,0,0,0,0,1,26.8
2026,2026-07-19,July North Wilkesboro,North Wilkesboro Speedway,Alex Bowman,48,26,25,446,0,Running,Unknown,18.0,18.0,0,0,0,3,4,25.2
2026,2026-07-19,July North Wilkesboro,North Wilkesboro Speedway,Ross Chastain,1,27,13,446,0,Running,Unknown,11.6,11.6,0,0,0,1,4,29.4
2026,2026-07-19,July North Wilkesboro,North Wilkesboro Speedway,Cole Custer,41,28,20,446,0,Running,Unknown,24.6,24.6,0,0,0,0,0,28.1
2026,2026-07-19,July North Wilkesboro,North Wilkesboro Speedway,Cody Ware,51,29,36,446,0,Running,Unknown,29.6,29.6,0,0,0,0,0,26.0
2026,2026-07-19,July North Wilkesboro,North Wilkesboro Speedway,Tyler Reddick,45,30,5,445,0,Running,Unknown,21.4,21.4,0,0,5,10,13,22.4
2026,2026-07-19,July North Wilkesboro,North Wilkesboro Speedway,John Hunter Nemechek,42,31,19,445,0,Running,Unknown,17.2,17.2,0,0,0,1,2,32.5
2026,2026-07-19,July North Wilkesboro,North Wilkesboro Speedway,Connor Zilisch,88,32,32,443,0,Running,Unknown,26.6,26.6,0,0,0,0,1,33.2
2026,2026-07-19,July North Wilkesboro,North Wilkesboro Speedway,Austin Hill,33,33,33,442,0,Running,Unknown,31.2,31.2,0,0,0,0,0,30.5
2026,2026-07-19,July North Wilkesboro,North Wilkesboro Speedway,Ricky Stenhouse Jr,47,34,24,442,0,Running,Unknown,23.6,23.6,0,0,0,2,3,20.9
2026,2026-07-19,July North Wilkesboro,North Wilkesboro Speedway,Chad Finchum,66,35,37,303,0,Rear Gear,Unknown,32.4,32.4,0,0,0,0,0,35.8
2026,2026-07-19,July North Wilkesboro,North Wilkesboro Speedway,Josh Berry,21,36,28,199,0,Accident,Unknown,29.6,29.6,0,0,0,0,2,29.1
2026,2026-07-19,July North Wilkesboro,North Wilkesboro Speedway,AJ Allmendinger,16,37,35,190,0,Driveshaft,Unknown,19.4,19.4,0,0,0,1,3,32.3
2026,2026-07-26,July Indianapolis,Indianapolis Motor Speedway,Corey Heim,67,1,7,160,58,Running,Unknown,15.8,15.8,0,0,1,1,2,2.9
2026,2026-07-26,July Indianapolis,Indianapolis Motor Speedway,Christopher Bell,20,2,23,160,0,Running,Unknown,13.4,8.25,0,0,0,8,9,13.3
2026,2026-07-26,July Indianapolis,Indianapolis Motor Speedway,Joey Logano,22,3,19,160,0,Running,Unknown,12.8,26.5,0,0,1,3,7,11.6
2026,2026-07-26,July Indianapolis,Indianapolis Motor Speedway,Chase Briscoe,19,4,11,160,1,Running,Unknown,11.8,17.75,0,1,1,8,10,15.6
2026,2026-07-26,July Indianapolis,Indianapolis Motor Speedway,Denny Hamlin,11,5,5,160,14,Running,Unknown,11.4,17.0,0,0,4,11,13,5.0
2026,2026-07-26,July Indianapolis,Indianapolis Motor Speedway,Brad Keselowski,6,6,16,160,0,Running,Unknown,20.6,16.5,0,0,0,2,5,11.6
2026,2026-07-26,July Indianapolis,Indianapolis Motor Speedway,Josh Berry,21,7,26,160,1,Running,Unknown,30.2,28.5,0,0,0,0,2,14.8
2026,2026-07-26,July Indianapolis,Indianapolis Motor Speedway,Ryan Preece,60,8,34,160,1,Running,Unknown,17.0,20.33,0,0,0,0,4,17.4
2026,2026-07-26,July Indianapolis,Indianapolis Motor Speedway,Carson Hocevar,77,9,1,160,31,Running,Unknown,13.6,11.0,0,0,1,5,8,7.7
2026,2026-07-26,July Indianapolis,Indianapolis Motor Speedway,Tyler Reddick,45,10,3,160,1,Running,Unknown,27.0,9.0,1,2,5,10,13,7.1
2026,2026-07-26,July Indianapolis,Indianapolis Motor Speedway,Chris Buescher,17,11,15,160,0,Running,Unknown,14.8,14.25,0,0,0,2,10,11.5
2026,2026-07-26,July Indianapolis,Indianapolis Motor Speedway,Ty Gibbs,54,12,4,160,46,Running,Unknown,6.8,18.25,0,0,1,9,14,9.2
2026,2026-07-26,July Indianapolis,Indianapolis Motor Speedway,Cole Custer,41,13,12,160,0,Running,Unknown,25.4,14.5,0,0,0,0,0,11.7
2026,2026-07-26,July Indianapolis,Indianapolis Motor Speedway,Austin Cindric,2,14,35,160,0,Running,Unknown,15.2,9.75,0,0,0,1,4,21.8
2026,2026-07-26,July Indianapolis,Indianapolis Motor Speedway,Zane Smith,38,15,30,160,0,Running,Unknown,20.4,24.0,0,0,0,2,6,18.3
2026,2026-07-26,July Indianapolis,Indianapolis Motor Speedway,Shane van Gisbergen,97,16,25,160,0,Running,Unknown,15.0,14.5,0,0,2,5,7,21.6
2026,2026-07-26,July Indianapolis,Indianapolis Motor Speedway,Daniel Suarez,7,17,2,160,1,Running,Unknown,17.6,16.5,0,1,1,2,6,13.0
2026,2026-07-26,July Indianapolis,Indianapolis Motor Speedway,Michael McDowell,71,18,6,160,0,Running,Unknown,17.4,13.75,1,0,0,2,5,13.4
2026,2026-07-26,July Indianapolis,Indianapolis Motor Speedway,Alex Bowman,48,19,8,160,0,Running,Unknown,17.8,19.25,0,0,0,3,4,13.0
2026,2026-07-26,July Indianapolis,Indianapolis Motor Speedway,Ricky Stenhouse Jr,47,20,24,160,0,Running,Unknown,27.4,21.0,0,0,0,2,3,24.2
2026,2026-07-26,July Indianapolis,Indianapolis Motor Speedway,William Byron,24,21,21,160,0,Running,Unknown,15.2,24.75,0,0,0,4,9,20.2
2026,2026-07-26,July Indianapolis,Indianapolis Motor Speedway,Noah Gragson,4,22,33,160,0,Running,Unknown,29.2,21.0,0,0,0,0,1,27.4
2026,2026-07-26,July Indianapolis,Indianapolis Motor Speedway,Ross Chastain,1,23,22,160,5,Running,Unknown,15.4,24.5,0,0,0,1,4,22.3
2026,2026-07-26,July Indianapolis,Indianapolis Motor Speedway,Todd Gilliland,34,24,36,160,0,Running,Unknown,18.6,13.25,0,0,0,0,2,26.0
2026,2026-07-26,July Indianapolis,Indianapolis Motor Speedway,AJ Allmendinger,16,25,9,160,0,Running,Unknown,22.4,23.25,0,0,0,1,3,21.2
2026,2026-07-26,July Indianapolis,Indianapolis Motor Speedway,Ryan Blaney,12,26,13,160,0,Running,Unknown,6.8,12.25,0,0,2,4,15,16.4
2026,2026-07-26,July Indianapolis,Indianapolis Motor Speedway,Erik Jones,43,27,14,160,0,Running,Unknown,16.8,28.5,0,0,0,2,5,18.4
2026,2026-07-26,July Indianapolis,Indianapolis Motor Speedway,Bubba Wallace,23,28,29,160,0,Running,Unknown,13.0,7.25,1,0,0,3,10,23.3
2026,2026-07-26,July Indianapolis,Indianapolis Motor Speedway,Austin Dillon,3,29,20,160,0,Running,Unknown,21.0,24.25,0,0,0,0,2,30.7
2026,2026-07-26,July Indianapolis,Indianapolis Motor Speedway,Ty Dillon,10,30,28,160,0,Running,Unknown,24.2,27.0,0,0,0,0,0,32.2
2026,2026-07-26,July Indianapolis,Indianapolis Motor Speedway,Cody Ware,51,31,37,160,0,Running,Unknown,29.4,26.33,0,0,0,0,0,35.2
2026,2026-07-26,July Indianapolis,Indianapolis Motor Speedway,John Hunter Nemechek,42,32,17,158,1,Running,Unknown,22.6,20.5,0,0,0,1,2,19.2
2026,2026-07-26,July Indianapolis,Indianapolis Motor Speedway,Austin Hill,33,33,32,125,0,Accident,Unknown,34.2,34.2,0,0,0,0,0,31.1
2026,2026-07-26,July Indianapolis,Indianapolis Motor Speedway,Connor Zilisch,88,34,31,122,0,Accident,Unknown,28.4,28.4,0,0,0,0,1,29.0
2026,2026-07-26,July Indianapolis,Indianapolis Motor Speedway,Casey Mears,62,35,38,121,0,Accident,Unknown,31.6,31.6,0,0,0,0,0,36.1
2026,2026-07-26,July Indianapolis,Indianapolis Motor Speedway,Riley Herbst,35,36,18,120,0,Accident,Unknown,20.2,26.0,0,0,0,0,3,24.2
2026,2026-07-26,July Indianapolis,Indianapolis Motor Speedway,Chase Elliott,9,37,27,119,0,Running,Unknown,14.0,10.25,0,0,2,5,8,34.0
2026,2026-07-26,July Indianapolis,Indianapolis Motor Speedway,Daniel Dye,78,38,39,93,0,Accident,Unknown,26.5,26.5,0,0,0,0,0,36.6
2026,2026-07-26,July Indianapolis,Indianapolis Motor Speedway,Kyle Larson,5,39,10,43,0,Accident,Unknown,18.0,11.5,1,0,0,8,11,31.7
2026,2026-08-09,August Iowa,Iowa Speedway,Ty Gibbs,54,1,6,350,20,Running,Toyota,6.2,23.0,0,0,1,9,14,8
2026,2026-08-09,August Iowa,Iowa Speedway,Christopher Bell,20,2,22,350,108,Running,Toyota,6.0,10.5,0,0,0,9,10,5
2026,2026-08-09,August Iowa,Iowa Speedway,Ryan Blaney,12,3,1,350,129,Running,Ford,10.2,2.5,1,0,2,4,15,5
2026,2026-08-09,August Iowa,Iowa Speedway,Josh Berry,21,4,13,350,0,Running,Ford,25.8,10.0,0,0,0,0,3,10
2026,2026-08-09,August Iowa,Iowa Speedway,Denny Hamlin,11,5,29,350,0,Running,Toyota,9.6,24.0,0,0,4,12,14,11
2026,2026-08-09,August Iowa,Iowa Speedway,Chase Briscoe,19,6,20,350,0,Running,Toyota,9.2,15.0,0,1,1,9,11,9
2026,2026-08-09,August Iowa,Iowa Speedway,Ross Chastain,1,7,9,350,40,Running,Chevrolet,18.6,11.0,0,0,0,1,4,5
2026,2026-08-09,August Iowa,Iowa Speedway,AJ Allmendinger,16,8,25,350,0,Running,Chevrolet,26.4,27.0,0,0,0,1,3,17
2026,2026-08-09,August Iowa,Iowa Speedway,William Byron,24,9,19,350,0,Running,Chevrolet,13.0,1.5,1,0,0,4,9,12
2026,2026-08-09,August Iowa,Iowa Speedway,Austin Dillon,3,10,7,350,0,Running,Chevrolet,22.0,14.5,0,0,0,0,2,9
2026,2026-08-09,August Iowa,Iowa Speedway,Connor Zilisch,88,11,8,349,0,Running,Chevrolet,27.8,,0,0,0,0,1,10
2026,2026-08-09,August Iowa,Iowa Speedway,Bubba Wallace,23,12,26,349,35,Running,Toyota,18.2,11.5,0,0,0,3,10,13
2026,2026-08-09,August Iowa,Iowa Speedway,Chris Buescher,17,13,27,349,0,Running,Ford,15.8,20.0,0,0,0,2,10,23
2026,2026-08-09,August Iowa,Iowa Speedway,Joey Logano,22,14,3,349,0,Running,Ford,9.8,7.5,0,0,1,4,8,9
2026,2026-08-09,August Iowa,Iowa Speedway,Chase Elliott,9,15,32,349,18,Running,Chevrolet,19.0,8.5,0,0,2,5,8,21
2026,2026-08-09,August Iowa,Iowa Speedway,Zane Smith,38,16,14,349,0,Running,Ford,22.6,33.5,0,0,0,2,6,11
2026,2026-08-09,August Iowa,Iowa Speedway,Noah Gragson,4,17,15,349,0,Running,Ford,26.6,22.5,0,0,0,0,1,14
2026,2026-08-09,August Iowa,Iowa Speedway,Ricky Stenhouse Jr,47,18,16,349,0,Running,Chevrolet,24.8,19.0,0,0,0,2,3,19
2026,2026-08-09,August Iowa,Iowa Speedway,John Hunter Nemechek,42,19,21,349,0,Running,Toyota,25.8,20.5,0,0,0,1,2,16
2026,2026-08-09,August Iowa,Iowa Speedway,Ryan Preece,60,20,35,349,0,Running,Ford,16.4,16.0,0,0,0,0,5,24
2026,2026-08-09,August Iowa,Iowa Speedway,Riley Herbst,35,21,28,349,0,Running,Toyota,25.8,30.0,0,0,0,0,3,20
2026,2026-08-09,August Iowa,Iowa Speedway,Todd Gilliland,34,22,17,349,0,Running,Ford,19.2,23.0,0,0,0,0,2,20
2026,2026-08-09,August Iowa,Iowa Speedway,Daniel Suarez,7,23,33,349,0,Running,Chevrolet,18.4,17.0,0,0,1,2,6,24
2026,2026-08-09,August Iowa,Iowa Speedway,Ty Dillon,10,24,31,349,0,Running,Chevrolet,24.2,35.0,0,0,0,0,0,21
2026,2026-08-09,August Iowa,Iowa Speedway,Michael McDowell,71,25,11,349,0,Running,Chevrolet,19.0,25.0,0,0,0,2,5,21
2026,2026-08-09,August Iowa,Iowa Speedway,Austin Hill,33,26,24,349,0,Running,Chevrolet,33.6,,0,0,0,0,0,25
2026,2026-08-09,August Iowa,Iowa Speedway,Brad Keselowski,6,27,4,348,0,Running,Ford,15.0,6.5,0,0,0,2,6,26
2026,2026-08-09,August Iowa,Iowa Speedway,Cole Custer,41,28,36,348,0,Running,Chevrolet,21.8,26.0,0,0,0,0,0,28
2026,2026-08-09,August Iowa,Iowa Speedway,Austin Cindric,2,29,12,348,0,Running,Ford,13.6,21.0,0,0,0,1,4,23
2026,2026-08-09,August Iowa,Iowa Speedway,Shane van Gisbergen,97,30,23,347,0,Running,Chevrolet,10.6,31.0,0,0,2,5,7,27
2026,2026-08-09,August Iowa,Iowa Speedway,Carson Hocevar,77,31,18,347,0,Running,Chevrolet,11.6,11.0,0,0,1,5,9,28
2026,2026-08-09,August Iowa,Iowa Speedway,Cody Ware,51,32,34,347,0,Running,Chevrolet,31.0,32.0,0,0,0,0,0,32
2026,2026-08-09,August Iowa,Iowa Speedway,Kyle Larson,5,33,2,332,0,Running,Chevrolet,25.2,31.0,0,1,0,8,11,21
2026,2026-08-09,August Iowa,Iowa Speedway,Alex Bowman,48,34,30,194,0,Accident,Chevrolet,16.4,7.5,0,0,0,3,4,28
2026,2026-08-09,August Iowa,Iowa Speedway,Erik Jones,43,35,10,4,0,Accident,Toyota,18.2,24.0,0,0,0,2,5,35
2026,2026-08-09,August Iowa,Iowa Speedway,Tyler Reddick,45,36,5,3,0,Accident,Toyota,24.0,20.5,0,0,5,10,14,36
2026,2026-08-15,August Richmond,Richmond Raceway,Joey Logano,22,1,10,400,95,Running,Ford,7.8,8.43,0,0,1,4,8,3
2026,2026-08-15,August Richmond,Richmond Raceway,Chase Briscoe,19,2,2,400,171,Running,Toyota,10.0,15.57,0,0,1,9,12,2
2026,2026-08-15,August Richmond,Richmond Raceway,Austin Cindric,2,3,23,400,0,Running,Ford,16.8,19.71,0,0,0,1,4,6
2026,2026-08-15,August Richmond,Richmond Raceway,Denny Hamlin,11,4,14,400,3,Running,Toyota,5.4,5.71,2,1,4,13,15,6
2026,2026-08-15,August Richmond,Richmond Raceway,Chase Elliott,9,5,13,400,0,Running,Chevrolet,18.6,14.0,0,0,2,5,8,8
2026,2026-08-15,August Richmond,Richmond Raceway,Kyle Larson,5,6,30,400,2,Running,Chevrolet,31.0,7.86,1,2,0,8,11,17
2026,2026-08-15,August Richmond,Richmond Raceway,Christopher Bell,20,7,8,400,29,Running,Toyota,5.4,9.29,0,0,0,10,11,8
2026,2026-08-15,August Richmond,Richmond Raceway,Josh Berry,21,8,3,400,1,Running,Ford,21.0,8.75,0,0,0,1,4,8
2026,2026-08-15,August Richmond,Richmond Raceway,William Byron,24,9,5,400,0,Running,Chevrolet,12.4,13.0,0,0,0,4,10,9
2026,2026-08-15,August Richmond,Richmond Raceway,Alex Bowman,48,10,25,400,0,Running,Chevrolet,21.2,14.43,0,1,0,3,4,12
2026,2026-08-15,August Richmond,Richmond Raceway,Tyler Reddick,45,11,32,400,7,Running,Toyota,24.0,17.43,0,1,5,10,14,13
2026,2026-08-15,August Richmond,Richmond Raceway,Ross Chastain,1,12,18,399,0,Running,Chevrolet,17.2,14.71,0,0,0,1,5,12
2026,2026-08-15,August Richmond,Richmond Raceway,Ryan Blaney,12,13,1,399,88,Running,Ford,9.6,12.86,0,1,2,5,16,5
2026,2026-08-15,August Richmond,Richmond Raceway,Shane van Gisbergen,97,14,31,399,0,Running,Chevrolet,16.4,14.0,0,0,2,5,7,20
2026,2026-08-15,August Richmond,Richmond Raceway,Ty Gibbs,54,15,4,399,1,Running,Toyota,5.8,19.33,0,0,2,10,15,17
2026,2026-08-15,August Richmond,Richmond Raceway,Daniel Suarez,7,16,20,399,0,Running,Chevrolet,16.8,18.57,0,0,1,2,6,17
2026,2026-08-15,August Richmond,Richmond Raceway,Ryan Preece,60,17,6,398,0,Running,Ford,18.8,22.2,0,1,0,0,5,16
2026,2026-08-15,August Richmond,Richmond Raceway,Noah Gragson,4,18,35,398,0,Running,Ford,23.6,24.67,0,0,0,0,1,22
2026,2026-08-15,August Richmond,Richmond Raceway,Austin Dillon,3,19,16,398,0,Running,Chevrolet,18.6,12.29,2,0,0,0,3,19
2026,2026-08-15,August Richmond,Richmond Raceway,Bubba Wallace,23,20,7,398,3,Running,Toyota,16.2,16.86,0,0,0,3,10,17
2026,2026-08-15,August Richmond,Richmond Raceway,Chris Buescher,17,21,19,398,0,Running,Ford,14.6,15.14,1,0,0,2,10,20
2026,2026-08-15,August Richmond,Richmond Raceway,John Hunter Nemechek,42,22,12,398,0,Running,Toyota,24.6,30.67,0,0,0,1,2,19
2026,2026-08-15,August Richmond,Richmond Raceway,Austin Hill,33,23,33,397,0,Running,Chevrolet,32.0,,0,0,0,0,0,28
2026,2026-08-15,August Richmond,Richmond Raceway,Riley Herbst,35,24,17,397,0,Running,Toyota,24.0,32.0,0,0,0,0,3,18
2026,2026-08-15,August Richmond,Richmond Raceway,Connor Zilisch,88,25,11,397,0,Running,Chevrolet,28.6,,0,0,0,0,1,25
2026,2026-08-15,August Richmond,Richmond Raceway,Brad Keselowski,6,26,9,397,0,Running,Ford,17.4,11.0,0,0,0,2,6,21
2026,2026-08-15,August Richmond,Richmond Raceway,Erik Jones,43,27,21,396,0,Running,Toyota,20.6,25.86,0,0,0,2,5,20
2026,2026-08-15,August Richmond,Richmond Raceway,Michael McDowell,71,28,26,396,0,Running,Chevrolet,22.2,20.71,0,0,0,2,5,24
2026,2026-08-15,August Richmond,Richmond Raceway,Cole Custer,41,29,29,396,0,Running,Chevrolet,23.4,24.0,0,0,0,0,0,29
2026,2026-08-15,August Richmond,Richmond Raceway,Todd Gilliland,34,30,27,396,0,Running,Ford,17.8,22.14,0,0,0,0,2,29
2026,2026-08-15,August Richmond,Richmond Raceway,Ricky Stenhouse Jr,47,31,28,396,0,Running,Chevrolet,24.2,27.71,0,0,0,2,3,31
2026,2026-08-15,August Richmond,Richmond Raceway,Ty Dillon,10,32,34,394,0,Running,Chevrolet,22.0,26.0,0,0,0,0,0,33
2026,2026-08-15,August Richmond,Richmond Raceway,AJ Allmendinger,16,33,15,394,0,Running,Chevrolet,24.8,25.75,0,0,0,1,4,30
2026,2026-08-15,August Richmond,Richmond Raceway,Cody Ware,51,34,37,392,0,Running,Chevrolet,30.8,34.0,0,0,0,0,0,35
2026,2026-08-15,August Richmond,Richmond Raceway,Josh Bilicki,66,35,36,391,0,Running,Ford,31.6,,0,0,0,0,0,36
2026,2026-08-15,August Richmond,Richmond Raceway,Zane Smith,38,36,24,366,0,Running,Ford,22.2,23.0,0,0,0,2,6,35
2026,2026-08-15,August Richmond,Richmond Raceway,Carson Hocevar,77,37,22,279,0,Engine,Chevrolet,15.6,16.67,0,0,1,5,9,31
2026,2026-08-23,August New Hampshire,New Hampshire Motor Speedway,Ryan Blaney,12,1,8,301,115,Running,Ford,10.8,16.5,1,0,2,5,16,5
2026,2026-08-23,August New Hampshire,New Hampshire Motor Speedway,Bubba Wallace,23,2,23,301,22,Running,Toyota,19.0,17.75,0,0,0,3,10,6
2026,2026-08-23,August New Hampshire,New Hampshire Motor Speedway,Josh Berry,21,3,2,301,73,Running,Ford,16.0,2.5,0,0,0,1,5,3
2026,2026-08-23,August New Hampshire,New Hampshire Motor Speedway,Christopher Bell,20,4,6,301,0,Running,Toyota,6.4,9.25,2,1,0,10,12,8
2026,2026-08-23,August New Hampshire,New Hampshire Motor Speedway,Kyle Larson,5,5,9,301,18,Running,Chevrolet,25.4,7.0,0,0,0,8,12,6
2026,2026-08-23,August New Hampshire,New Hampshire Motor Speedway,Ty Gibbs,54,6,7,301,0,Running,Toyota,7.2,26.0,0,0,2,10,15,7
2026,2026-08-23,August New Hampshire,New Hampshire Motor Speedway,Denny Hamlin,11,7,4,301,0,Running,Toyota,5.6,12.25,0,0,4,14,16,14
2026,2026-08-23,August New Hampshire,New Hampshire Motor Speedway,Tyler Reddick,45,8,1,301,0,Running,Toyota,19.0,13.5,0,0,5,10,14,19
2026,2026-08-23,August New Hampshire,New Hampshire Motor Speedway,Ryan Preece,60,9,18,301,17,Running,Ford,15.8,17.67,0,0,0,0,5,6
2026,2026-08-23,August New Hampshire,New Hampshire Motor Speedway,Noah Gragson,4,10,19,301,0,Running,Ford,21.8,25.0,0,0,0,0,1,21
2026,2026-08-23,August New Hampshire,New Hampshire Motor Speedway,Brad Keselowski,6,11,25,301,0,Running,Ford,18.4,15.75,0,0,0,2,6,12
2026,2026-08-23,August New Hampshire,New Hampshire Motor Speedway,Austin Cindric,2,12,26,301,0,Running,Ford,14.8,18.5,0,0,0,2,5,14
2026,2026-08-23,August New Hampshire,New Hampshire Motor Speedway,Zane Smith,38,13,14,301,0,Running,Ford,23.8,28.5,0,0,0,2,6,12
2026,2026-08-23,August New Hampshire,New Hampshire Motor Speedway,Joey Logano,22,14,21,301,0,Running,Ford,5.6,15.5,0,1,2,5,9,21
2026,2026-08-23,August New Hampshire,New Hampshire Motor Speedway,Alex Bowman,48,15,10,301,0,Running,Chevrolet,22.2,25.0,0,0,0,3,5,18
2026,2026-08-23,August New Hampshire,New Hampshire Motor Speedway,Michael McDowell,71,16,15,301,0,Running,Chevrolet,22.0,16.0,0,0,0,2,5,22
2026,2026-08-23,August New Hampshire,New Hampshire Motor Speedway,Daniel Suarez,7,17,35,301,0,Running,Chevrolet,17.2,20.5,0,0,1,2,6,22
2026,2026-08-23,August New Hampshire,New Hampshire Motor Speedway,Chris Buescher,17,18,16,301,0,Running,Ford,15.0,13.75,0,0,0,2,10,15
2026,2026-08-23,August New Hampshire,New Hampshire Motor Speedway,Carson Hocevar,77,19,22,300,0,Running,Chevrolet,18.6,14.0,0,0,1,5,9,21
2026,2026-08-23,August New Hampshire,New Hampshire Motor Speedway,Shane van Gisbergen,97,20,5,300,30,Running,Chevrolet,14.2,32.0,0,0,2,5,7,15
2026,2026-08-23,August New Hampshire,New Hampshire Motor Speedway,Todd Gilliland,34,21,13,300,0,Running,Ford,20.6,19.25,0,0,0,0,2,23
2026,2026-08-23,August New Hampshire,New Hampshire Motor Speedway,Cole Custer,41,22,32,300,0,Running,Chevrolet,23.0,28.67,0,0,0,0,0,24
2026,2026-08-23,August New Hampshire,New Hampshire Motor Speedway,AJ Allmendinger,16,23,24,300,0,Running,Chevrolet,28.0,18.33,0,0,0,1,4,29
2026,2026-08-23,August New Hampshire,New Hampshire Motor Speedway,Austin Hill,33,24,28,300,0,Running,Chevrolet,29.2,,0,0,0,0,0,20
2026,2026-08-23,August New Hampshire,New Hampshire Motor Speedway,Chase Elliott,9,25,29,300,0,Running,Chevrolet,17.4,9.25,0,1,2,6,9,23
2026,2026-08-23,August New Hampshire,New Hampshire Motor Speedway,Chase Briscoe,19,26,17,300,0,Running,Toyota,10.2,9.25,0,0,1,10,13,12
2026,2026-08-23,August New Hampshire,New Hampshire Motor Speedway,Ty Dillon,10,27,33,300,0,Running,Chevrolet,24.4,27.0,0,0,0,0,0,27
2026,2026-08-23,August New Hampshire,New Hampshire Motor Speedway,Ricky Stenhouse Jr,47,28,30,300,0,Running,Chevrolet,25.2,18.0,0,0,0,2,3,26
2026,2026-08-23,August New Hampshire,New Hampshire Motor Speedway,Cody Ware,51,29,36,300,0,Running,Chevrolet,31.6,30.5,0,0,0,0,0,32
2026,2026-08-23,August New Hampshire,New Hampshire Motor Speedway,William Byron,24,30,3,296,26,Running,Chevrolet,13.4,16.0,0,0,0,4,11,15
2026,2026-08-23,August New Hampshire,New Hampshire Motor Speedway,John Hunter Nemechek,40,31,31,296,0,Running,Toyota,24.4,21.0,0,0,0,1,2,33
2026,2026-08-23,August New Hampshire,New Hampshire Motor Speedway,Austin Dillon,3,32,34,282,0,Running,Chevrolet,17.6,19.5,0,0,0,0,3,32
2026,2026-08-23,August New Hampshire,New Hampshire Motor Speedway,Erik Jones,43,33,11,251,0,Transaxle,Toyota,23.0,17.75,0,0,0,2,5,22
2026,2026-08-23,August New Hampshire,New Hampshire Motor Speedway,Riley Herbst,35,34,27,222,0,Accident,Toyota,26.8,22.0,0,0,0,0,3,26
2026,2026-08-23,August New Hampshire,New Hampshire Motor Speedway,Connor Zilisch,88,35,20,222,0,Accident,Chevrolet,26.0,,0,0,0,0,1,22
2026,2026-08-23,August New Hampshire,New Hampshire Motor Speedway,Ross Chastain,1,36,12,41,0,Engine,Chevrolet,16.0,12.5,0,0,0,1,5,33
2026,2026-08-29,August Daytona,Daytona International Speedway,Ryan Preece,60,1,4,166,5,Running,Ford,12.8,28.57,0,0,0,0,6,9.6
2026,2026-08-29,August Daytona,Daytona International Speedway,Daniel Suarez,7,2,23,166,0,Running,Chevrolet,16.4,19.0,0,0,1,2,6,17.1
2026,2026-08-29,August Daytona,Daytona International Speedway,Tyler Reddick,45,3,17,166,5,Running,Toyota,19.0,20.22,1,0,5,10,15,19.1
2026,2026-08-29,August Daytona,Daytona International Speedway,Michael McDowell,71,4,18,166,0,Running,Chevrolet,22.2,21.22,0,1,0,2,5,19.9
2026,2026-08-29,August Daytona,Daytona International Speedway,Ricky Stenhouse Jr,47,5,32,166,1,Running,Chevrolet,26.2,22.67,1,0,0,2,3,31.5
2026,2026-08-29,August Daytona,Daytona International Speedway,Austin Cindric,2,6,8,166,6,Running,Ford,14.4,20.56,1,0,0,2,5,13.0
2026,2026-08-29,August Daytona,Daytona International Speedway,Austin Dillon,3,7,29,166,0,Running,Chevrolet,22.6,26.11,1,0,0,0,3,23.5
2026,2026-08-29,August Daytona,Daytona International Speedway,Alex Bowman,48,8,20,166,0,Running,Chevrolet,20.8,16.56,0,1,0,3,5,21.5
2026,2026-08-29,August Daytona,Daytona International Speedway,Josh Berry,21,9,24,166,1,Running,Ford,11.6,21.33,0,0,0,2,6,28.8
2026,2026-08-29,August Daytona,Daytona International Speedway,Cole Custer,41,10,16,166,0,Running,Chevrolet,24.0,17.0,0,0,0,0,0,27.6
2026,2026-08-29,August Daytona,Daytona International Speedway,Denny Hamlin,11,11,30,166,0,Running,Toyota,4.6,26.89,0,0,4,14,17,25.8
2026,2026-08-29,August Daytona,Daytona International Speedway,Harrison Burton,35,12,5,166,0,Running,Toyota,22.2,25.33,1,0,0,0,0,21.9
2026,2026-08-29,August Daytona,Daytona International Speedway,Chase Briscoe,19,13,12,166,10,Running,Toyota,8.2,20.67,0,2,1,10,13,9.3
2026,2026-08-29,August Daytona,Daytona International Speedway,Brad Keselowski,6,14,21,166,10,Running,Ford,15.4,17.56,0,0,0,2,6,15.7
2026,2026-08-29,August Daytona,Daytona International Speedway,John Hunter Nemechek,42,15,27,166,2,Running,Toyota,27.0,14.0,0,0,0,1,2,15.9
2026,2026-08-29,August Daytona,Daytona International Speedway,Corey Heim,67,16,11,166,0,Running,Toyota,10.2,28.0,0,0,2,2,3,19.4
2026,2026-08-29,August Daytona,Daytona International Speedway,Christopher Bell,20,17,35,166,0,Running,Toyota,6.8,19.33,0,0,0,11,13,19.2
2026,2026-08-29,August Daytona,Daytona International Speedway,Joey Logano,22,18,9,166,2,Running,Ford,6.6,18.67,0,1,2,5,9,13.0
2026,2026-08-29,August Daytona,Daytona International Speedway,Todd Gilliland,34,19,33,166,8,Running,Ford,21.0,27.78,0,0,0,0,2,13.5
2026,2026-08-29,August Daytona,Daytona International Speedway,Bubba Wallace,23,20,26,166,0,Running,Toyota,13.6,14.67,0,0,0,4,11,16.3
2026,2026-08-29,August Daytona,Daytona International Speedway,Ty Dillon,10,21,31,166,0,Running,Chevrolet,25.8,18.57,0,0,0,0,0,20.5
2026,2026-08-29,August Daytona,Daytona International Speedway,William Byron,24,22,13,166,14,Running,Chevrolet,16.2,19.33,2,0,0,4,11,12.7
2026,2026-08-29,August Daytona,Daytona International Speedway,Chase Elliott,9,23,22,166,19,Running,Chevrolet,19.8,17.78,0,0,2,6,9,14.5
2026,2026-08-29,August Daytona,Daytona International Speedway,Ross Chastain,1,24,1,166,12,Running,Chevrolet,21.0,23.0,0,0,0,1,5,14.5
2026,2026-08-29,August Daytona,Daytona International Speedway,Connor Zilisch,88,25,7,166,0,Running,Chevrolet,27.4,33.0,0,0,0,0,1,26.4
2026,2026-08-29,August Daytona,Daytona International Speedway,Noah Gragson,4,26,37,166,0,Running,Ford,18.4,22.88,0,0,0,0,2,23.7
2026,2026-08-29,August Daytona,Daytona International Speedway,Austin Hill,33,27,3,166,27,Running,Chevrolet,27.8,23.0,0,0,0,0,0,15.6
2026,2026-08-29,August Daytona,Daytona International Speedway,Shane van Gisbergen,97,28,6,166,6,Running,Chevrolet,17.0,28.5,0,0,2,5,7,13.4
2026,2026-08-29,August Daytona,Daytona International Speedway,Daniel Dye,78,29,39,166,0,Running,Chevrolet,30.33,,0,0,0,0,0,33.8
2026,2026-08-29,August Daytona,Daytona International Speedway,AJ Allmendinger,16,30,36,166,0,Running,Chevrolet,25.2,21.17,0,0,0,1,4,31.8
2026,2026-08-29,August Daytona,Daytona International Speedway,Kyle Larson,5,31,10,166,2,Running,Chevrolet,19.6,20.89,0,2,0,9,13,14.2
2026,2026-08-29,August Daytona,Daytona International Speedway,Zane Smith,38,32,34,165,15,Accident,Ford,20.4,18.67,0,0,0,2,6,13.1
2026,2026-08-29,August Daytona,Daytona International Speedway,Ryan Blaney,12,33,19,165,5,Accident,Ford,10.8,17.44,1,1,3,6,17,16.2
2026,2026-08-29,August Daytona,Daytona International Speedway,Ty Gibbs,54,34,14,165,1,Accident,Toyota,7.6,17.75,0,0,2,10,16,16.5
2026,2026-08-29,August Daytona,Daytona International Speedway,Cody Ware,51,35,25,165,8,Accident,Chevrolet,31.0,14.71,0,0,0,0,0,20.1
2026,2026-08-29,August Daytona,Daytona International Speedway,Joey Gase,44,36,40,165,0,Running,Chevrolet,28.75,24.0,0,0,0,0,0,36.8
2026,2026-08-29,August Daytona,Daytona International Speedway,Casey Mears,62,37,38,165,0,Running,Chevrolet,34.4,30.5,0,0,0,0,0,34.1
2026,2026-08-29,August Daytona,Daytona International Speedway,Carson Hocevar,77,38,28,154,1,Accident,Chevrolet,21.8,26.6,0,0,1,5,9,28.3
2026,2026-08-29,August Daytona,Daytona International Speedway,Erik Jones,43,39,15,154,0,Accident,Toyota,28.6,18.22,0,0,0,2,5,20.0
2026,2026-08-29,August Daytona,Daytona International Speedway,Chris Buescher,17,40,2,151,6,Running,Ford,16.6,11.11,1,0,0,2,10,32.0
2026,2026-09-06,September Darlington,Darlington Raceway,Christopher Bell,20,1,11,367,46,Running,Toyota,6.4,12.78,0,1,0,11,13,5
2026,2026-09-06,September Darlington,Darlington Raceway,Ty Gibbs,54,2,28,367,0,Running,Toyota,13.6,13.88,0,0,2,10,16,10
2026,2026-09-06,September Darlington,Darlington Raceway,Tyler Reddick,45,3,1,367,74,Running,Toyota,13.6,8.67,1,2,5,11,16,4
2026,2026-09-06,September Darlington,Darlington Raceway,Ryan Blaney,12,4,24,367,1,Running,Ford,15.2,16.33,0,0,3,6,17,8
2026,2026-09-06,September Darlington,Darlington Raceway,Kyle Larson,5,5,25,367,99,Running,Chevrolet,22.8,21.67,1,0,0,9,13,9
2026,2026-09-06,September Darlington,Darlington Raceway,Chase Briscoe,19,6,7,367,30,Running,Toyota,10.2,14.0,2,0,1,10,13,7
2026,2026-09-06,September Darlington,Darlington Raceway,Josh Berry,21,7,14,367,0,Running,Ford,6.2,25.83,0,0,0,2,7,9
2026,2026-09-06,September Darlington,Darlington Raceway,Bubba Wallace,23,8,17,367,38,Running,Toyota,16.4,14.67,0,1,0,4,11,6
2026,2026-09-06,September Darlington,Darlington Raceway,Joey Logano,22,9,13,367,0,Running,Ford,10.0,14.44,1,2,2,5,9,12
2026,2026-09-06,September Darlington,Darlington Raceway,Ryan Preece,60,10,3,367,0,Running,Ford,11.0,18.14,0,0,1,1,7,14
2026,2026-09-06,September Darlington,Darlington Raceway,Carson Hocevar,77,11,34,367,2,Running,Chevrolet,26.8,20.17,0,0,1,5,9,15
2026,2026-09-06,September Darlington,Darlington Raceway,Alex Bowman,48,12,10,367,0,Running,Chevrolet,17.2,23.57,0,0,0,3,6,14
2026,2026-09-06,September Darlington,Darlington Raceway,Austin Cindric,2,13,6,367,0,Running,Ford,12.8,16.11,0,0,0,2,6,9
2026,2026-09-06,September Darlington,Darlington Raceway,Chase Elliott,9,14,18,367,1,Running,Chevrolet,21.0,12.78,0,0,2,6,9,12
2026,2026-09-06,September Darlington,Darlington Raceway,Erik Jones,43,15,36,367,0,Running,Toyota,32.2,14.89,1,0,0,2,5,17
2026,2026-09-06,September Darlington,Darlington Raceway,Todd Gilliland,34,16,21,367,5,Running,Ford,23.2,19.44,0,0,0,0,2,19
2026,2026-09-06,September Darlington,Darlington Raceway,Michael McDowell,71,17,5,367,0,Running,Chevrolet,18.2,22.0,0,0,0,3,6,14
2026,2026-09-06,September Darlington,Darlington Raceway,Denny Hamlin,11,18,4,367,68,Running,Toyota,6.4,10.0,1,1,4,14,17,10
2026,2026-09-06,September Darlington,Darlington Raceway,Corey Heim,67,19,22,367,0,Running,Toyota,10.4,,0,0,2,2,3,27
2026,2026-09-06,September Darlington,Darlington Raceway,Chris Buescher,17,20,35,367,0,Running,Ford,20.6,12.89,0,0,0,2,10,24
2026,2026-09-06,September Darlington,Darlington Raceway,Daniel Suarez,7,21,2,367,2,Running,Chevrolet,15.0,20.56,0,0,1,3,7,20
2026,2026-09-06,September Darlington,Darlington Raceway,AJ Allmendinger,16,22,30,367,0,Running,Chevrolet,23.8,17.8,0,0,0,1,4,23
2026,2026-09-06,September Darlington,Darlington Raceway,Brad Keselowski,6,23,12,367,0,Running,Ford,16.8,12.89,1,0,0,2,6,21
2026,2026-09-06,September Darlington,Darlington Raceway,John Hunter Nemechek,42,24,19,367,0,Running,Toyota,23.8,23.4,0,0,0,1,2,24
2026,2026-09-06,September Darlington,Darlington Raceway,Zane Smith,38,25,33,367,0,Running,Ford,22.4,21.0,0,0,0,2,6,23
2026,2026-09-06,September Darlington,Darlington Raceway,Shane van Gisbergen,97,26,26,366,1,Running,Chevrolet,21.6,23.0,0,0,2,5,7,32
2026,2026-09-06,September Darlington,Darlington Raceway,Ross Chastain,1,27,23,366,0,Running,Chevrolet,20.4,14.89,0,0,0,1,5,25
2026,2026-09-06,September Darlington,Darlington Raceway,Austin Hill,33,28,32,366,0,Running,Chevrolet,26.6,31.0,0,0,0,0,0,25
2026,2026-09-06,September Darlington,Darlington Raceway,Austin Dillon,3,29,9,366,0,Running,Chevrolet,19.4,21.67,0,0,0,0,4,28
2026,2026-09-06,September Darlington,Darlington Raceway,Riley Herbst,35,30,15,366,0,Running,Toyota,26.6,32.33,0,0,0,0,3,23
2026,2026-09-06,September Darlington,Darlington Raceway,Ty Dillon,10,31,27,366,0,Running,Chevrolet,26.8,24.43,0,0,0,0,0,32
2026,2026-09-06,September Darlington,Darlington Raceway,Noah Gragson,4,32,29,366,0,Running,Ford,18.6,21.83,0,0,0,0,2,32
2026,2026-09-06,September Darlington,Darlington Raceway,Cole Custer,41,33,16,366,0,Running,Chevrolet,20.4,22.8,0,0,0,0,1,31
2026,2026-09-06,September Darlington,Darlington Raceway,Connor Zilisch,88,34,31,365,0,Running,Chevrolet,26.0,18.0,0,0,0,0,1,34
2026,2026-09-06,September Darlington,Darlington Raceway,Ricky Stenhouse Jr,47,35,8,363,0,Running,Chevrolet,20.4,22.33,0,0,0,3,4,34
2026,2026-09-06,September Darlington,Darlington Raceway,Cody Ware,51,36,37,363,0,Running,Chevrolet,32.2,30.2,0,0,0,0,0,36
2026,2026-09-06,September Darlington,Darlington Raceway,William Byron,24,37,20,319,0,Engine,Chevrolet,18.2,10.33,1,1,0,4,11,14
2026,2026-09-06,September Darlington,Darlington Raceway,Chad Finchum,66,38,38,243,0,Suspension,Ford,32.0,,0,0,0,0,0,38
2026,2026-09-13,September Gateway,World Wide Technology Raceway at Gateway,Kyle Larson,5,1,2,247,80,Running,Chevrolet,16.0,,0,0,0,10,14,4.4
2026,2026-09-13,September Gateway,World Wide Technology Raceway at Gateway,Alex Bowman,48,2,11,247,0,Running,Chevrolet,15.8,,0,0,0,3,6,11.9
2026,2026-09-13,September Gateway,World Wide Technology Raceway at Gateway,Joey Logano,22,3,1,247,96,Running,Ford,11.2,,0,0,2,5,10,3.2
2026,2026-09-13,September Gateway,World Wide Technology Raceway at Gateway,William Byron,24,4,24,247,0,Running,Chevrolet,21.4,,0,0,0,4,11,14.8
2026,2026-09-13,September Gateway,World Wide Technology Raceway at Gateway,Ross Chastain,1,5,20,247,15,Running,Chevrolet,21.2,,0,0,0,1,5,12.9
2026,2026-09-13,September Gateway,World Wide Technology Raceway at Gateway,Austin Dillon,3,6,22,247,0,Running,Chevrolet,19.4,,0,0,0,0,4,18.2
2026,2026-09-13,September Gateway,World Wide Technology Raceway at Gateway,Connor Zilisch,88,7,19,247,0,Running,Chevrolet,26.0,,0,0,0,0,1,17.3
2026,2026-09-13,September Gateway,World Wide Technology Raceway at Gateway,Carson Hocevar,77,8,6,247,0,Running,Chevrolet,27.2,,0,0,1,5,9,13.2
2026,2026-09-13,September Gateway,World Wide Technology Raceway at Gateway,Denny Hamlin,11,9,10,247,0,Running,Toyota,9.0,,0,0,4,14,17,10.1
2026,2026-09-13,September Gateway,World Wide Technology Raceway at Gateway,Austin Cindric,2,10,13,247,0,Running,Ford,12.6,,0,0,0,2,6,13.5
2026,2026-09-13,September Gateway,World Wide Technology Raceway at Gateway,Cole Custer,41,11,26,247,0,Running,Chevrolet,24.4,,0,0,0,0,1,21.9
2026,2026-09-13,September Gateway,World Wide Technology Raceway at Gateway,Brad Keselowski,6,12,23,247,55,Running,Ford,20.2,,0,0,0,2,6,6.1
2026,2026-09-13,September Gateway,World Wide Technology Raceway at Gateway,Erik Jones,43,13,25,247,0,Running,Toyota,29.8,,0,0,0,2,5,15.8
2026,2026-09-13,September Gateway,World Wide Technology Raceway at Gateway,Bubba Wallace,23,14,7,247,0,Running,Toyota,12.4,,0,0,0,4,12,17.7
2026,2026-09-13,September Gateway,World Wide Technology Raceway at Gateway,John Hunter Nemechek,42,15,28,247,0,Running,Toyota,22.2,,0,0,0,1,2,18.5
2026,2026-09-13,September Gateway,World Wide Technology Raceway at Gateway,AJ Allmendinger,16,16,17,247,0,Running,Chevrolet,23.2,,0,0,0,1,4,25.4
2026,2026-09-13,September Gateway,World Wide Technology Raceway at Gateway,Ryan Preece,60,17,14,247,0,Running,Ford,11.4,,0,0,1,1,8,13.3
2026,2026-09-13,September Gateway,World Wide Technology Raceway at Gateway,Ty Gibbs,54,18,9,247,0,Running,Toyota,11.6,,0,0,2,11,17,13.2
2026,2026-09-13,September Gateway,World Wide Technology Raceway at Gateway,Christopher Bell,20,19,4,247,0,Running,Toyota,6.2,,0,0,1,12,14,12.3
2026,2026-09-13,September Gateway,World Wide Technology Raceway at Gateway,Michael McDowell,71,20,29,247,0,Running,Chevrolet,18.0,,0,0,0,3,6,31.2
2026,2026-09-13,September Gateway,World Wide Technology Raceway at Gateway,Austin Hill,33,21,27,247,0,Running,Chevrolet,25.6,,0,0,0,0,0,23.1
2026,2026-09-13,September Gateway,World Wide Technology Raceway at Gateway,Cody Ware,51,22,30,247,0,Running,Chevrolet,33.2,,0,0,0,0,0,31.9
2026,2026-09-13,September Gateway,World Wide Technology Raceway at Gateway,Shane van Gisbergen,97,23,35,247,0,Running,Chevrolet,23.6,,0,0,2,5,7,24.4
2026,2026-09-13,September Gateway,World Wide Technology Raceway at Gateway,Todd Gilliland,34,24,34,247,0,Running,Ford,21.6,,0,0,0,0,2,25.1
2026,2026-09-13,September Gateway,World Wide Technology Raceway at Gateway,Tyler Reddick,45,25,18,247,0,Running,Toyota,12.2,,0,0,5,12,17,15.9
2026,2026-09-13,September Gateway,World Wide Technology Raceway at Gateway,Ricky Stenhouse Jr,47,26,36,247,0,Running,Chevrolet,23.4,,0,0,0,3,4,26.4
2026,2026-09-13,September Gateway,World Wide Technology Raceway at Gateway,Chris Buescher,17,27,21,237,0,Accident,Ford,22.4,,0,0,0,2,10,25.7
2026,2026-09-13,September Gateway,World Wide Technology Raceway at Gateway,Josh Berry,21,28,16,231,1,Running,Ford,6.2,,0,0,0,2,8,11.9
2026,2026-09-13,September Gateway,World Wide Technology Raceway at Gateway,Daniel Suarez,7,29,15,229,0,Accident,Chevrolet,15.8,,0,0,1,3,7,18.9
2026,2026-09-13,September Gateway,World Wide Technology Raceway at Gateway,Ty Dillon,10,30,32,227,0,Accident,Chevrolet,27.0,,0,0,0,0,0,28.9
2026,2026-09-13,September Gateway,World Wide Technology Raceway at Gateway,Chase Elliott,9,31,8,214,0,Accident,Chevrolet,16.4,,0,0,2,6,9,13
2026,2026-09-13,September Gateway,World Wide Technology Raceway at Gateway,Chase Briscoe,19,32,5,213,0,Accident,Toyota,10.6,,0,0,1,10,14,15.8
2026,2026-09-13,September Gateway,World Wide Technology Raceway at Gateway,Noah Gragson,4,33,31,198,0,Accident,Ford,20.6,,0,0,0,0,2,31.3
2026,2026-09-13,September Gateway,World Wide Technology Raceway at Gateway,Riley Herbst,35,34,33,176,0,Accident,Toyota,29.0,,0,0,0,0,3,32.6
2026,2026-09-13,September Gateway,World Wide Technology Raceway at Gateway,Ryan Blaney,12,35,3,154,0,Accident,Ford,10.8,,0,0,3,7,18,17.3
2026,2026-09-13,September Gateway,World Wide Technology Raceway at Gateway,Zane Smith,38,36,12,129,0,Accident,Ford,24.4,,0,0,0,2,6,29.4
2026,2026-09-19,September Bristol,Bristol Motor Speedway,Joey Logano,22,1,2,500,93,Running,Ford,9.0,21.0,0,0,2,6,11,4
2026,2026-09-19,September Bristol,Bristol Motor Speedway,Kyle Larson,5,2,1,500,45,Running,Chevrolet,9.6,7.0,2,0,1,11,15,8
2026,2026-09-19,September Bristol,Bristol Motor Speedway,Carson Hocevar,77,3,5,500,39,Running,Chevrolet,22.6,14.0,0,0,1,5,10,8
2026,2026-09-19,September Bristol,Bristol Motor Speedway,Christopher Bell,20,4,12,500,1,Running,Toyota,9.6,8.29,1,1,1,12,14,6
2026,2026-09-19,September Bristol,Bristol Motor Speedway,Ty Gibbs,54,5,13,500,120,Running,Toyota,15.0,11.14,1,0,2,11,17,6
2026,2026-09-19,September Bristol,Bristol Motor Speedway,Josh Berry,21,6,32,500,0,Running,Ford,11.0,24.8,0,0,0,2,8,11
2026,2026-09-19,September Bristol,Bristol Motor Speedway,Bubba Wallace,23,7,10,500,0,Running,Toyota,12.8,19.86,0,0,0,4,12,7
2026,2026-09-19,September Bristol,Bristol Motor Speedway,Denny Hamlin,11,8,3,500,0,Running,Toyota,9.8,8.14,2,0,4,14,18,10
2026,2026-09-19,September Bristol,Bristol Motor Speedway,William Byron,24,9,4,500,0,Running,Chevrolet,20.4,16.0,0,0,0,5,12,8
2026,2026-09-19,September Bristol,Bristol Motor Speedway,Ryan Preece,60,10,16,500,0,Running,Ford,10.8,13.67,0,0,1,1,8,15
2026,2026-09-19,September Bristol,Bristol Motor Speedway,Austin Cindric,2,11,8,500,0,Running,Ford,8.8,22.71,0,0,0,2,7,11
2026,2026-09-19,September Bristol,Bristol Motor Speedway,Ross Chastain,1,12,7,500,0,Running,Chevrolet,20.8,14.29,0,0,0,2,6,13
2026,2026-09-19,September Bristol,Bristol Motor Speedway,Chris Buescher,17,13,23,499,0,Running,Ford,25.2,10.71,1,0,0,2,10,10
2026,2026-09-19,September Bristol,Bristol Motor Speedway,Daniel Suarez,7,14,28,498,0,Running,Chevrolet,17.0,24.43,0,0,1,3,7,21
2026,2026-09-19,September Bristol,Bristol Motor Speedway,Brad Keselowski,6,15,11,498,0,Running,Ford,17.2,11.71,0,0,0,2,6,16
2026,2026-09-19,September Bristol,Bristol Motor Speedway,Noah Gragson,4,16,36,498,0,Running,Ford,23.8,23.6,0,0,0,0,2,19
2026,2026-09-19,September Bristol,Bristol Motor Speedway,Austin Dillon,3,17,9,498,0,Running,Chevrolet,18.6,21.29,0,0,0,0,5,18
2026,2026-09-19,September Bristol,Bristol Motor Speedway,Tyler Reddick,45,18,20,497,0,Running,Toyota,10.0,18.14,0,0,5,12,17,29
2026,2026-09-19,September Bristol,Bristol Motor Speedway,Todd Gilliland,34,19,24,497,0,Running,Ford,22.0,22.43,0,0,0,0,2,22
2026,2026-09-19,September Bristol,Bristol Motor Speedway,Shane van Gisbergen,97,20,22,497,0,Running,Chevrolet,22.2,32.67,0,0,2,5,7,25
2026,2026-09-19,September Bristol,Bristol Motor Speedway,Michael McDowell,71,21,21,497,0,Running,Chevrolet,17.0,15.71,0,0,0,3,6,22
2026,2026-09-19,September Bristol,Bristol Motor Speedway,AJ Allmendinger,16,22,18,497,0,Running,Chevrolet,24.8,20.43,0,1,0,1,4,23
2026,2026-09-19,September Bristol,Bristol Motor Speedway,Chase Elliott,9,23,27,497,0,Running,Chevrolet,19.6,13.43,0,0,2,6,9,23
2026,2026-09-19,September Bristol,Bristol Motor Speedway,Connor Zilisch,88,24,15,496,0,Running,Chevrolet,25.2,33.0,0,0,0,0,2,25
2026,2026-09-19,September Bristol,Bristol Motor Speedway,John Hunter Nemechek,42,25,19,495,0,Running,Toyota,21.4,21.8,0,0,0,1,2,27
2026,2026-09-19,September Bristol,Bristol Motor Speedway,Cole Custer,41,26,17,495,0,Running,Chevrolet,21.0,24.5,0,0,0,0,1,28
2026,2026-09-19,September Bristol,Bristol Motor Speedway,Chase Briscoe,19,27,26,494,0,Suspension,Toyota,15.8,11.43,0,0,1,10,14,12
2026,2026-09-19,September Bristol,Bristol Motor Speedway,Zane Smith,38,28,35,494,0,Running,Ford,28.4,20.2,0,0,0,2,6,28
2026,2026-09-19,September Bristol,Bristol Motor Speedway,Austin Hill,33,29,25,494,0,Running,Chevrolet,24.6,25.0,0,0,0,0,0,29
2026,2026-09-19,September Bristol,Bristol Motor Speedway,Ricky Stenhouse Jr,47,30,31,490,0,Running,Chevrolet,25.0,23.43,0,0,0,3,4,30
2026,2026-09-19,September Bristol,Bristol Motor Speedway,Cody Ware,51,31,30,489,0,Running,Chevrolet,31.2,28.25,0,0,0,0,0,34
2026,2026-09-19,September Bristol,Bristol Motor Speedway,Erik Jones,43,32,14,483,0,Running,Toyota,25.4,23.43,0,0,0,2,5,33
2026,2026-09-19,September Bristol,Bristol Motor Speedway,Ryan Blaney,12,33,29,457,202,Accident,Ford,17.2,12.14,0,2,3,7,18,7
2026,2026-09-19,September Bristol,Bristol Motor Speedway,Riley Herbst,35,34,34,432,0,Suspension,Toyota,28.6,22.33,0,0,0,0,3,23
2026,2026-09-19,September Bristol,Bristol Motor Speedway,Alex Bowman,48,35,6,428,0,Accident,Chevrolet,9.4,20.0,0,2,0,4,7,17
2026,2026-09-19,September Bristol,Bristol Motor Speedway,Ty Dillon,10,36,33,402,0,Running,Chevrolet,28.2,29.4,0,0,0,0,0,37
2026,2026-09-19,September Bristol,Bristol Motor Speedway,Josh Bilicki,66,37,37,338,0,Suspension,Ford,32.0,36.5,0,0,0,0,0,36
